条款,标题,官方溯源注,FR引证数,修订案,更正件数,更正件FR引证
23.1,Applicability.,"[Doc. No. 4080, 29 FR 17955, Dec. 18, 1964, as amended by Amdt. 23-34, 52 FR 1825, Jan. 15, 1987]",2,23-34,0,
23.2,Special retroactive requirements.,"[Amdt. 23-36, 53 FR 30812, Aug. 15, 1988]",1,23-36,0,
23.3,Airplane categories.,"[Doc. No. 4080, 29 FR 17955, Dec. 18, 1964, as amended by Amdt. 23-4, 32 FR 5934, Apr. 14, 1967; Amdt. 23-34, 52 FR 1825, Jan. 15, 1987; 52 FR 34745, Sept. 14, 1987; Amdt. 23-50, 61 FR 5183, Feb. 9, 1996; Amdt. 23-62, 76 FR 75753, Dec. 2, 2011]",6,23-4; 23-34; 23-50; 23-62,1,52 FR 34745 (1987-09-14)
23.21,Proof of compliance.,,0,,0,
23.23,Load distribution limits.,"[Doc. No. 26269, 58 FR 42156, Aug. 6, 1993]",1,,0,
23.25,Weight limits.,"[Doc. No. 4080, 29 FR 17955, Dec. 18, 1964, as amended by Amdt. 23-7, 34 FR 13086, Aug. 13, 1969; Amdt. 23-21, 43 FR 2317, Jan. 16, 1978; Amdt. 23-34, 52 FR 1825, Jan. 15, 1987; Amdt. 23-45, 58 FR 42156, Aug. 6, 1993; Amdt. 23-50, 61 FR 5183, Feb. 9, 1996]",6,23-7; 23-21; 23-34; 23-45; 23-50,0,
23.29,Empty weight and corresponding center of gravity.,"[Doc. No. 4080, 29 FR 17955, Dec. 18, 1964; 30 FR 258, Jan. 9, 1965, as amended by Amdt. 23-21, 43 FR 2317, Jan. 16, 1978]",3,23-21,1,30 FR 258 (1965-01-09)
23.31,Removable ballast.,"[Doc. No. 4080, 29 FR 17955, Dec. 18, 1964; 30 FR 258, Jan. 9, 1965, as amended by Amdt. 23-13, 37 FR 20023, Sept. 23, 1972]",3,23-13,1,30 FR 258 (1965-01-09)
23.33,Propeller speed and pitch limits.,"[Doc. No. 4080, 29 FR 17955, Dec. 18, 1964, as amended by Amdt. 23-45, 58 FR 42156, Aug. 6, 1993; Amdt. 23-50, 61 FR 5183, Feb. 9, 1996]",3,23-45; 23-50,0,
23.45,General.,"[Doc. No. 27807, 61 FR 5184, Feb. 9, 1996, as amended by Amdt. 23-62, 76 FR 75753, Dec. 2, 2011]",2,23-62,0,
23.49,Stalling speed.,"[Doc. No. 27807, 61 FR 5184, Feb. 9, 1996, as amended by Amdt. 23-62, 76 FR 75753, Dec. 2, 2011]",2,23-62,0,
23.51,Takeoff speeds.,"[Doc. No. 27807, 61 FR 5184, Feb. 9, 1996, as amended by Amdt. 23-62, 76 FR 75753, Dec. 2, 2011]",2,23-62,0,
23.53,Takeoff performance.,"[Doc. No. 27807, 61 FR 5185, Feb. 9, 1996, as amended by Amdt. 23-62, 76 FR 75753, Dec. 2, 2011]",2,23-62,0,
23.55,Accelerate-stop distance.,"[Amdt. 23-34, 52 FR 1826, Jan. 15, 1987, as amended by Amdt. 23-50, 61 FR 5185, Feb. 9, 1996, as amended by Amdt. 23-62, 76 FR 75753, Dec. 2, 2011]",3,23-34; 23-50; 23-62,0,
23.57,Takeoff path.,"[Amdt. 23-34, 52 FR 1827, Jan. 15, 1987, as amended by Amdt. 23-50, 61 FR 5185, Feb. 9, 1996, as amended by Amdt. 23-62, 76 FR 75753, Dec. 2, 2011]",3,23-34; 23-50; 23-62,0,
23.59,Takeoff distance and takeoff run.,"[Amdt. 23-34, 52 FR 1827, Jan. 15, 1987, as amended by Amdt. 23-50, 61 FR 5185, Feb. 9, 1996, as amended by Amdt. 23-62, 76 FR 75753, Dec. 2, 2011]",3,23-34; 23-50; 23-62,0,
23.61,Takeoff flight path.,"[Amdt. 23-34, 52 FR 1827, Jan. 15, 1987, as amended by Amdt. 23-62, 76 FR 75753, Dec. 2, 2011]",2,23-34; 23-62,0,
23.63,Climb: General.,"[Doc. No. 27807, 61 FR 5186, Feb. 9, 1996, as amended by Amdt. 23-62, 76 FR 75753, Dec. 2, 2011]",2,23-62,0,
23.65,Climb: All engines operating.,"[Doc. No. 27807, 61 FR 5186, Feb. 9, 1996, as amended by Amdt. 23-62, 76 FR 75753, Dec. 2, 2011]",2,23-62,0,
23.66,Takeoff climb: One-engine inoperative.,"[Doc. No. 27807, 61 FR 5186, Feb. 9, 1996]",1,,0,
23.67,Climb: One engine inoperative.,"[Doc. No. 27807, 61 FR 5186, Feb. 9, 1996, as amended by Amdt. 23-62, 76 FR 75754, Dec. 2, 2011]",2,23-62,0,
23.69,Enroute climb/descent.,"[Doc. No. 27807, 61 FR 5187, Feb. 9, 1996]",1,,0,
23.71,Glide: Single-engine airplanes.,"[Doc. No. 27807, 61 FR 5187, Feb. 9, 1996]",1,,0,
23.73,Reference landing approach speed.,"[Amdt. 23-62, 76 FR 75754, Dec. 2, 2011]",1,23-62,0,
23.75,Landing distance.,"[Amdt. 23-21, 43 FR 2318, Jan. 16, 1978, as amended by Amdt. 23-34, 52 FR 1828, Jan. 15, 1987; Amdt. 23-42, 56 FR 351, Jan. 3, 1991; Amdt. 23-50, 61 FR 5187, Feb. 9, 1996]",4,23-21; 23-34; 23-42; 23-50,0,
23.77,Balked landing.,"[Doc. No. 27807, 61 FR 5187, Feb. 9, 1996, as amended by Amdt. 23-62, 76 FR 75754, Dec. 2, 2011]",2,23-62,0,
23.141,General.,"[Doc. No. 26269, 58 FR 42156, Aug. 6, 1993]",1,,0,
23.143,General.,"[Doc. No. 4080, 29 FR 17955, Dec. 18, 1964, as amended by Amdt. 23-14, 38 FR 31819, Nov. 19, 1973; Amdt. 23-17, 41 FR 55464, Dec. 20, 1976; Amdt. 23-45, 58 FR 42156, Aug. 6, 1993; Amdt. 23-50, 61 FR 5188, Feb. 9, 1996]",5,23-14; 23-17; 23-45; 23-50,0,
23.145,Longitudinal control.,"[Doc. No. 26269, 58 FR 42157, Aug. 6, 1993; Amdt. 23-45, 58 FR 51970, Oct. 5, 1993, as amended by Amdt. 23-50, 61 FR 5188, Feb. 9, 1996]",3,23-45; 23-50,0,
23.147,Directional and lateral control.,"[Doc. No. 27807, 61 FR 5188, Feb. 9, 1996]",1,,0,
23.149,Minimum control speed.,"[Doc. No. 27807, 61 FR 5189, Feb. 9, 1996]",1,,0,
23.151,Acrobatic maneuvers.,,0,,0,
23.153,Control during landings.,"[Doc. No. 27807, 61 FR 5189, Feb. 9, 1996]",1,,0,
23.155,Elevator control force in maneuvers.,"[Amdt. 23-14, 38 FR 31819, Nov. 19, 1973; 38 FR 32784, Nov. 28, 1973, as amended by Amdt. 23-45, 58 FR 42158, Aug. 6, 1993; Amdt. 23-50, 61 FR 5189 Feb. 9, 1996]",4,23-14; 23-45; 23-50,1,38 FR 32784 (1973-11-28)
23.157,Rate of roll.,"[Amdt. 23-14, 38 FR 31819, Nov. 19, 1973, as amended by Amdt. 23-45, 58 FR 42158, Aug. 6, 1993; Amdt. 23-50, 61 FR 5189, Feb. 9, 1996]",3,23-14; 23-45; 23-50,0,
23.161,Trim.,"[Doc. No. 4080, 29 FR 17955, Dec. 18, 1964, as amended by Amdt. 23-21, 43 FR 2318, Jan. 16, 1978; Amdt. 23-34, 52 FR 1828, Jan. 15, 1987; Amdt. 23-42, 56 FR 351, Jan. 3, 1991; 56 FR 5455, Feb. 11, 1991; Amdt. 23-50, 61 FR 5189, Feb. 9, 1996]",6,23-21; 23-34; 23-42; 23-50,1,56 FR 5455 (1991-02-11)
23.171,General.,,0,,0,
23.173,Static longitudinal stability.,"[Doc. No. 4080, 29 FR 17955, Dec. 18, 1964, as amended by Amdt. 23-14, 38 FR 31820 Nov. 19, 1973; Amdt. 23-34, 52 FR 1828, Jan. 15, 1987]",3,23-14; 23-34,0,
23.175,Demonstration of static longitudinal stability.,"[Doc. No. 27807, 61 FR 5190, Feb. 9, 1996]",1,,0,
23.177,Static directional and lateral stability.,"[Doc. No. 27807, 61 FR 5190, Feb. 9, 1996, as amended by Amdt. 23-62, 76 FR 75754, Dec. 2, 2011]",2,23-62,0,
23.181,Dynamic stability.,"[Amdt. 23-21, 43 FR 2318, Jan. 16, 1978, as amended by Amdt. 23-45, 58 FR 42158, Aug. 6, 1993; Amdt. 23-62, 76 FR 75755, Dec. 2, 2011]",3,23-21; 23-45; 23-62,0,
23.201,Wings level stall.,"[Doc. No. 27807, 61 FR 5191, Feb. 9, 1996, as amended by Amdt. 23-62, 76 FR 75755, Dec. 2, 2011]",2,23-62,0,
23.203,Turning flight and accelerated turning stalls.,"[Amdt. 23-14, 38 FR 31820, Nov. 19, 1973, as amended by Amdt. 23-45, 58 FR 42159, Aug. 6, 1993; Amdt. 23-50, 61 FR 5191, Feb. 9, 1996; Amdt. 23-62, 76 FR 75755, Dec. 2, 2011]",4,23-14; 23-45; 23-50; 23-62,0,
23.207,Stall warning.,"[Amdt. 23-7, 34 FR 13087, Aug. 13, 1969, as amended by Amdt. 23-45, 58 FR 42159, Aug. 6, 1993; Amdt. 23-50, 61 FR 5191, Feb. 9, 1996]",3,23-7; 23-45; 23-50,0,
23.221,Spinning.,"[Doc. No. 27807, 61 FR 5191, Feb. 9, 1996]",1,,0,
23.231,Longitudinal stability and control.,,0,,0,
23.233,Directional stability and control.,"[Doc. No. 4080, 29 FR 17955, Dec. 18, 1964, as amended by Amdt. 23-45, 58 FR 42159, Aug. 6, 1993; Amdt. 23-50, 61 FR 5192, Feb. 9, 1996]",3,23-45; 23-50,0,
23.235,Operation on unpaved surfaces.,"[Doc. No. 27807, 61 FR 5192, Feb. 9, 1996]",1,,0,
23.237,Operation on water.,"[Doc. No. 27807, 61 FR 5192, Feb. 9, 1996]",1,,0,
23.239,Spray characteristics.,,0,,0,
23.251,Vibration and buffeting.,"[Amdt. 23-62, 76 FR 75755, Dec. 2, 2011]",1,23-62,0,
23.253,High speed characteristics.,"[Amdt. 23-7, 34 FR 13087, Aug. 13, 1969, as amended by Amdt. 23-26, 45 FR 60170, Sept. 11, 1980; Amdt. 23-45, 58 FR 42160, Aug. 6, 1993; Amdt. 23-50, 61 FR 5192, Feb. 9, 1996; Amdt. 23-62, 76 FR 75755, Dec. 2, 2011]",5,23-7; 23-26; 23-45; 23-50; 23-62,0,
23.255,Out of trim characteristics.,"[Doc. No. FAA-2009-0738, 76 FR 75755, Dec. 2, 2011]",1,,0,
23.301,Loads.,"[Doc. No. 4080, 29 FR 17955, Dec. 18, 1964; 30 FR 258, Jan. 9, 1965, as amended by Amdt. 23-28, 47 FR 13315, Mar. 29, 1982; Amdt. 23-42, 56 FR 352, Jan. 3, 1991; Amdt. 23-48, 61 FR 5143, Feb. 9, 1996]",5,23-28; 23-42; 23-48,1,30 FR 258 (1965-01-09)
23.302,Canard or tandem wing configurations.,"[Amdt. 23-42, 56 FR 352, Jan. 3, 1991]",1,23-42,0,
23.303,Factor of safety.,,0,,0,
23.305,Strength and deformation.,"[Doc. No. 4080, 29 FR 17955, Dec. 18, 1964, as amended by Amdt. 23-45, 58 FR 42160, Aug. 6, 1993]",2,23-45,0,
23.307,Proof of structure.,,0,,0,
23.321,General.,"[Doc. No. 4080, 29 FR 17955, Dec. 18, 1964, as amended by Amdt. 23-45, 58 FR 42160, Aug. 6, 1993]",2,23-45,0,
23.331,Symmetrical flight conditions.,"[Doc. No. 4080, 29 FR 17955, Dec. 18, 1964; 30 FR 258, Jan. 9, 1965, as amended by Amdt. 23-42, 56 FR 352, Jan. 3, 1991]",3,23-42,1,30 FR 258 (1965-01-09)
23.333,Flight envelope.,"[Doc. No. 4080, 29 FR 17955, Dec. 18, 1964, as amended by Amdt. 23-7, 34 FR 13087, Aug. 13, 1969; Amdt. 23-34, 52 FR 1829, Jan. 15, 1987]",3,23-7; 23-34,0,
23.335,Design airspeeds.,"[Doc. No. 4080, 29 FR 17955, Dec. 18, 1964, as amended by Amdt. 23-7, 34 FR 13088, Aug. 13, 1969; Amdt. 23-16, 40 FR 2577, Jan. 14, 1975; Amdt. 23-34, 52 FR 1829, Jan. 15, 1987; Amdt. 23-24, 52 FR 34745, Sept. 14, 1987; Amdt. 23-48, 61 FR 5143, Feb. 9, 1996]",6,23-7; 23-16; 23-34; 23-24; 23-48,0,
23.337,Limit maneuvering load factors.,"[Doc. No. 4080, 29 FR 17955, Dec. 18, 1964, as amended by Amdt. 23-7, 34 FR 13088, Aug. 13, 1969; Amdt. 23-34, 52 FR 1829, Jan. 15, 1987; Amdt. 23-48, 61 FR 5144, Feb. 9, 1996]",4,23-7; 23-34; 23-48,0,
23.341,Gust loads factors.,"[Amdt. 23-7, 34 FR 13088, Aug. 13, 1969, as amended by Amdt. 23-42, 56 FR 352, Jan. 3, 1991; Amdt. 23-48, 61 FR 5144, Feb. 9, 1996]",3,23-7; 23-42; 23-48,0,
23.343,Design fuel loads.,"[Doc. No. 27805, 61 FR 5144, Feb. 9, 1996]",1,,0,
23.345,High lift devices.,"[Doc. No. 27805, 61 FR 5144, Feb. 9, 1996]",1,,0,
23.347,Unsymmetrical flight conditions.,"[Doc. No. 4080, 29 FR 17955, Dec. 18, 1964, as amended by Amdt. 23-48, 61 FR 5144, Feb. 9, 1996]",2,23-48,0,
23.349,Rolling conditions.,"[Doc. No. 4080, 29 FR 17955, Dec. 18, 1964, as amended by Amdt. 23-7, 34 FR 13088, Aug. 13, 1969; Amdt. 23-34, 52 FR 1829, Jan. 15, 1987; Amdt. 23-48, 61 FR 5144, Feb. 9, 1996]",4,23-7; 23-34; 23-48,0,
23.351,Yawing conditions.,"[Doc. No. 4080, 29 FR 17955, Dec. 18, 1964; 30 FR 258, Jan. 9, 1965, as amended by Amdt. 23-42, 56 FR 352, Jan. 3, 1991]",3,23-42,1,30 FR 258 (1965-01-09)
23.361,Engine torque.,"[Amdt. 23-26, 45 FR 60171, Sept. 11, 1980, as amended by Amdt. 23-45, 58 FR 42160, Aug. 6, 1993]",2,23-26; 23-45,0,
23.363,Side load on engine mount.,,0,,0,
23.365,Pressurized cabin loads.,,0,,0,
23.367,Unsymmetrical loads due to engine failure.,"[Amdt. 23-7, 34 FR 13089, Aug. 13, 1969]",1,23-7,0,
23.369,Rear lift truss.,"[Doc. No. 4080, 29 FR 17955, Dec. 18, 1964, as amended by Amdt. 23-7, 34 FR 13089, Aug. 13, 1969; 34 FR 17509, Oct. 30, 1969; Amdt. 23-45, 58 FR 42160, Aug. 6, 1993; Amdt. 23-48, 61 FR 5145, Feb. 9, 1996]",5,23-7; 23-45; 23-48,1,34 FR 17509 (1969-10-30)
23.371,Gyroscopic and aerodynamic loads.,"[Doc. No. 27805, 61 FR 5145, Feb. 9, 1996]",1,,0,
23.373,Speed control devices.,"[Amdt. 23-7, 34 FR 13089, Aug. 13, 1969]",1,23-7,0,
23.391,Control surface loads.,"[Doc. No. 4080, 29 FR 17955, Dec. 18, 1964, as amended by Amdt. 23-48, 61 FR 5145, Feb. 9, 1996]",2,23-48,0,
23.393,Loads parallel to hinge line.,"[Doc. No. 27805, 61 FR 5145, Feb. 9, 1996]",1,,0,
23.395,Control system loads.,"[Doc. No. 4080, 29 FR 17955, Dec. 18, 1964, as amended by Amdt. 23-7, 34 FR 13089, Aug. 13, 1969]",2,23-7,0,
23.397,Limit control forces and ­torques.,"[Doc. No. 4080, 29 FR 17955, Dec. 18, 1964, as amended by Amdt. 23-7, 34 FR 13089, Aug. 13, 1969; Amdt. 23-17, 41 FR 55464, Dec. 20, 1976; Amdt. 23-34, 52 FR 1829, Jan. 15, 1987; Amdt. 23-45, 58 FR 42160, Aug. 6, 1993]",5,23-7; 23-17; 23-34; 23-45,0,
23.399,Dual control system.,"[Doc. No. 27805, 61 FR 5145, Feb. 9, 1996]",1,,0,
23.405,Secondary control system.,,0,,0,
23.407,Trim tab effects.,,0,,0,
23.409,Tabs.,,0,,0,
23.415,Ground gust conditions.,"[Doc. No. 4080, 29 FR 17955, Dec. 18, 1964, as amended by Amdt. 23-7, 34 FR 13089, Aug. 13, 1969; Amdt. 23-45, 58 FR 42160, Aug. 6, 1993; Amdt. 23-48, 61 FR 5145, Feb. 9, 1996]",4,23-7; 23-45; 23-48,0,
23.421,Balancing loads.,"[Doc. No. 4080, 29 FR 17955, Dec. 18, 1964, as amended by Amdt. 23-7, 34 FR 13089, Aug. 13, 1969; Amdt. 23-42, 56 FR 352, Jan. 3, 1991]",3,23-7; 23-42,0,
23.423,Maneuvering loads.,"[Amdt. 23-42, 56 FR 353, Jan. 3, 1991; 56 FR 5455, Feb. 11, 1991]",2,23-42,1,56 FR 5455 (1991-02-11)
23.425,Gust loads.,"[Doc. No. 4080, 29 FR 17955, Dec. 18, 1964, as amended by Amdt. 23-7, 34 FR 13089 Aug. 13, 1969; Amdt. 23-42, 56 FR 353, Jan. 3, 1991]",3,23-7; 23-42,0,
23.427,Unsymmetrical loads.,"[Amdt. 23-14, 38 FR 31820, Nov. 19, 1973, as amended by Amdt. 23-42, 56 FR 353, Jan. 3, 1991]",2,23-14; 23-42,0,
23.441,Maneuvering loads.,"[Doc. No. 4080, 29 FR 17955, Dec. 18, 1964, as amended by Amdt. 23-7, 34 FR 13090, Aug. 13, 1969; Amdt. 23-14, 38 FR 31821, Nov. 19, 1973; Amdt. 23-28, 47 FR 13315, Mar. 29, 1982; Amdt. 23-42, 56 FR 353, Jan. 3, 1991; Amdt. 23-48, 61 FR 5145, Feb. 9, 1996]",6,23-7; 23-14; 23-28; 23-42; 23-48,0,
23.443,Gust loads.,"[Amdt. 23-7, 34 FR 13090, Aug. 13, 1969, as amended by Amdt. 23-34, 52 FR 1830, Jan. 15, 1987; 52 FR 7262, Mar. 9, 1987; Amdt. 23-24, 52 FR 34745, Sept. 14, 1987; Amdt. 23-42, 56 FR 353, Jan. 3, 1991; Amdt. 23-48, 61 FR 5147, Feb. 9, 1996]",6,23-7; 23-34; 23-24; 23-42; 23-48,1,52 FR 7262 (1987-03-09)
23.445,Outboard fins or winglets.,"[Doc. No. 4080, 29 FR 17955, Dec. 18, 1964, as amended by Amdt. 23-14, 38 FR 31821, Nov. 19, 1973; Amdt. 23-42, 56 FR 353, Jan. 3, 1991]",3,23-14; 23-42,0,
23.455,Ailerons.,"[Doc. No. 4080, 29 FR 17955, Dec. 18, 1964, as amended by Amdt. 23-7, 34 FR 13090, Aug. 13, 1969; Amdt. 23-42, 56 FR 353, Jan. 3, 1991]",3,23-7; 23-42,0,
23.459,Special devices.,,0,,0,
23.471,General.,,0,,0,
23.473,Ground load conditions and assumptions.,"[Doc. No. 4080, 29 FR 17955, Dec. 18, 1964, as amended by Amdt. 23-7, 34 FR 13090, Aug. 13, 1969; Amdt. 23-28, 47 FR 13315, Mar. 29, 1982; Amdt. 23-45, 58 FR 42160, Aug. 6, 1993; Amdt. 23-48, 61 FR 5147, Feb. 9, 1996]",5,23-7; 23-28; 23-45; 23-48,0,
23.477,Landing gear arrangement.,,0,,0,
23.479,Level landing conditions.,"[Doc. No. 4080, 29 FR 17955, Dec. 18, 1964, as amended by Amdt. 23-17, 41 FR 55464, Dec. 20, 1976; Amdt. 23-45, 58 FR 42160, Aug. 6, 1993]",3,23-17; 23-45,0,
23.481,Tail down landing conditions.,,0,,0,
23.483,One-wheel landing conditions.,,0,,0,
23.485,Side load conditions.,"[Doc. No. 4080, 29 FR 17955, Dec. 18, 1964, as amended by Amdt. 23-45, 58 FR 42160, Aug. 6, 1993]",2,23-45,0,
23.493,Braked roll conditions.,,0,,0,
23.497,Supplementary conditions for tail wheels.,"[Doc. No. 4080, 29 FR 17955, Dec. 18, 1964, as amended by Amdt. 23-48, 61 FR 5147, Feb. 9, 1996]",2,23-48,0,
23.499,Supplementary conditions for nose wheels.,"[Doc. No. 4080, 29 FR 17955, Dec. 18, 1964, as amended by Amdt. 23-48, 61 FR 5147, Feb. 9, 1996]",2,23-48,0,
23.505,Supplementary conditions for skiplanes.,"[Amdt. 23-7, 34 FR 13090, Aug. 13, 1969]",1,23-7,0,
23.507,Jacking loads.,"[Amdt. 23-14, 38 FR 31821, Nov. 19, 1973]",1,23-14,0,
23.509,Towing loads.,"[Amdt. 23-14, 38 FR 31821, Nov. 19, 1973]",1,23-14,0,
23.511,Ground load; unsymmetrical loads on multiple-wheel units.,"[Amdt. 23-7, 34 FR 13090, Aug. 13, 1969]",1,23-7,0,
23.521,Water load conditions.,"[Doc. No. 4080, 29 FR 17955, Dec. 18, 1964, as amended by Amdt. 23-45, 58 FR 42160, Aug. 6, 1993; Amdt. 23-48, 61 FR 5147, Feb. 9, 1996]",3,23-45; 23-48,0,
23.523,Design weights and center of gravity positions.,"[Doc. No. 26269, 58 FR 42160, Aug. 6, 1993]",1,,0,
23.525,Application of loads.,"[Doc. No. 26269, 58 FR 42161, Aug. 6, 1993; 58 FR 51970, Oct. 5, 1993]",2,,1,58 FR 51970 (1993-10-05)
23.527,Hull and main float load factors.,"[Doc. No. 26269, 58 FR 42161, Aug. 6, 1993; 58 FR 51970, Oct. 5, 1993]",2,,1,58 FR 51970 (1993-10-05)
23.529,Hull and main float landing conditions.,"[Doc. No. 26269, 58 FR 42161, Aug. 6, 1993]",1,,0,
23.531,Hull and main float takeoff condition.,"[Doc. No. 26269, 58 FR 42161, Aug. 6, 1993]",1,,0,
23.533,Hull and main float bottom pressures.,"[Doc. No. 26269, 58 FR 42161, Aug. 6, 1993; 58 FR 51970, Oct. 5, 1993]",2,,1,58 FR 51970 (1993-10-05)
23.535,Auxiliary float loads.,"[Doc. No. 26269, 58 FR 42162, Aug. 6, 1993; 58 FR 51970, Oct. 5, 1993]",2,,1,58 FR 51970 (1993-10-05)
23.537,Seawing loads.,"[Doc. No. 26269, 58 FR 42163, Aug. 6, 1993]",1,,0,
23.561,General.,"[Doc. No. 4080, 29 FR 17955, Dec. 18, 1964, as amended by Amdt. 23-7, 34 FR 13090, Aug. 13, 1969; Amdt. 23-24, 52 FR 34745, Sept. 14, 1987; Amdt. 23-36, 53 FR 30812, Aug. 15, 1988; Amdt. 23-46, 59 FR 25772, May 17, 1994; Amdt. 23-48, 61 FR 5147, Feb. 9, 1996; Amdt. 23-62, 76 FR 75756, Dec. 2, 2011]",7,23-7; 23-24; 23-36; 23-46; 23-48; 23-62,0,
23.562,Emergency landing dynamic conditions.,"[Amdt. 23-36, 53 FR 30812, Aug. 15, 1988, as amended by Amdt. 23-44, 58 FR 38639, July 19, 1993; Amdt. 23-50, 61 FR 5192, Feb. 9, 1996; Amdt. 23-62, 76 FR 75756, Dec. 2, 2011]",4,23-36; 23-44; 23-50; 23-62,0,
23.571,Metallic pressurized cabin structures.,"[Doc. No. 4080, 29 FR 17955, Dec. 18, 1964, as amended by Amdt. 23-14, 38 FR 31821, Nov. 19, 1973; Amdt. 23-45, 58 FR 42163, Aug. 6, 1993; Amdt. 23-48, 61 FR 5147, Feb. 9, 1996; Amdt. 23-62, 76 FR 75756, Dec. 2, 2011]",5,23-14; 23-45; 23-48; 23-62,0,
23.572,"Metallic wing, empennage, and associated structures.","[Amdt. 23-7, 34 FR 13090, Aug. 13, 1969, as amended by Amdt. 23-14, 38 FR 31821, Nov. 19, 1973; Amdt. 23-34, 52 FR 1830, Jan. 15, 1987; Amdt. 23-38, 54 FR 39511, Sept. 26, 1989; Amdt. 23-45, 58 FR 42163, Aug. 6, 1993; Amdt. 23-48, 61 FR 5147, Feb. 9, 1996]",6,23-7; 23-14; 23-34; 23-38; 23-45; 23-48,0,
23.573,Damage tolerance and fatigue evaluation of structure.,"[Doc. No. 26269, 58 FR 42163, Aug. 6, 1993; 58 FR 51970, Oct. 5, 1993, as amended by Amdt. 23-48, 61 FR 5147, Feb. 9, 1996; 73 FR 19746, Apr. 11, 2008]",4,23-48,2,58 FR 51970 (1993-10-05); 73 FR 19746 (2008-04-11)
23.574,Metallic damage tolerance and fatigue evaluation of commuter category airplanes.,"[Doc. No. 27805, 61 FR 5148, Feb. 9, 1996]",1,,0,
23.575,Inspections and other procedures.,"[Doc. No. 27805, 61 FR 5148, Feb. 9, 1996]",1,,0,
23.601,General.,,0,,0,
23.603,Materials and workmanship.,"[Doc. No. 4080, 29 FR 17955, Dec. 18, 1964, as amended by Amdt. 23-17, 41 FR 55464, Dec. 20, 1976; Amdt. 23-23, 43 FR 50592, Oct. 10, 1978]",3,23-17; 23-23,0,
23.605,Fabrication methods.,"[Doc. No. 4080, 29 FR 17955, Dec. 18, 1964; 30 FR 258, Jan. 9, 1965, as amended by Amdt. 23-23, 43 FR 50592, Oct. 10, 1978]",3,23-23,1,30 FR 258 (1965-01-09)
23.607,Fasteners.,"[Doc. No. 27805, 61 FR 5148, Feb. 9, 1996]",1,,0,
23.609,Protection of structure.,,0,,0,
23.611,Accessibility provisions.,"[Doc. No. 27805, 61 FR 5148, Feb. 9, 1996]",1,,0,
23.613,Material strength properties and design values.,"[Doc. No. 4080, 29 FR 17955, Dec. 18, 1964; 30 FR 258, Jan. 9, 1965, as amended by Amdt. 23-23, 43 FR 50592, Oct. 30, 1978; Amdt. 23-45, 58 FR 42163, Aug. 6, 1993]",4,23-23; 23-45,1,30 FR 258 (1965-01-09)
23.619,Special factors.,"[Amdt. 23-7, 34 FR 13091, Aug. 13, 1969]",1,23-7,0,
23.621,Casting factors.,"[Doc. No. 4080, 29 FR 17955, Dec. 18, 1964, as amended by Amdt. 23-45, 58 FR 42164, Aug. 6, 1993]",2,23-45,0,
23.623,Bearing factors.,"[Amdt. 23-7, 34 FR 13091, Aug. 13, 1969]",1,23-7,0,
23.625,Fitting factors.,"[Doc. No. 4080, 29 FR 17955, Dec. 18, 1964, as amended by Amdt. 23-7, 34 FR 13091, Aug. 13, 1969]",2,23-7,0,
23.627,Fatigue strength.,,0,,0,
23.629,Flutter.,"[Amdt. 23-23, 43 FR 50592, Oct. 30, 1978, as amended by Amdt. 23-31, 49 FR 46867, Nov. 28, 1984; Amdt. 23-45, 58 FR 42164, Aug. 6, 1993; 58 FR 51970, Oct. 5, 1993; Amdt. 23-48, 61 FR 5148, Feb. 9, 1996; Amdt. 23-62, 76 FR 75756, Dec. 2, 2011]",6,23-23; 23-31; 23-45; 23-48; 23-62,1,58 FR 51970 (1993-10-05)
23.641,Proof of strength.,,0,,0,
23.651,Proof of strength.,,0,,0,
23.655,Installation.,"[Doc. No. 4080, 29 FR 17955, Dec. 18, 1964, as amended by Amdt. 23-45, 58 FR 42164, Aug. 6, 1993]",2,23-45,0,
23.657,Hinges.,"[Doc. No. 4080, 29 FR 17955, Dec. 18, 1964, as amended by Amdt. 23-48, 61 FR 5148, Feb. 9, 1996]",2,23-48,0,
23.659,Mass balance.,,0,,0,
23.671,General.,,0,,0,
23.672,Stability augmentation and automatic and power-operated systems.,"[Doc. No. 26269, 58 FR 42164, Aug. 6, 1993]",1,,0,
23.673,Primary flight controls.,"[Doc. No. 4080, 29 FR 17955, Dec. 18, 1964, as amended by Amdt. 23-48, 61 FR 5148, Feb. 9, 1996]",2,23-48,0,
23.675,Stops.,"[Amdt. 23-17, 41 FR 55464, Dec. 20, 1976]",1,23-17,0,
23.677,Trim systems.,"[Doc. No. 4080, 29 FR 17955, Dec. 18, 1964, as amended by Amdt. 23-7, 34 FR 13091, Aug. 13, 1969; Amdt. 23-34, 52 FR 1830, Jan. 15, 1987; Amdt. 23-42, 56 FR 353, Jan. 3, 1991; Amdt. 23-49, 61 FR 5165, Feb. 9, 1996]",5,23-7; 23-34; 23-42; 23-49,0,
23.679,Control system locks.,"[Doc. No. 26269, 58 FR 42164, Aug. 6, 1993]",1,,0,
23.681,Limit load static tests.,,0,,0,
23.683,Operation tests.,"[Doc. No. 4080, 29 FR 17955, Dec. 18, 1964, as amended by Amdt. 23-7, 34 FR 13091, Aug. 13, 1969]",2,23-7,0,
23.685,Control system details.,"[Doc. No. 4080, 29 FR 17955, Dec. 18, 1964, as amended by Amdt. 23-17, 41 FR 55464, Dec. 20, 1976]",2,23-17,0,
23.687,Spring devices.,,0,,0,
23.689,Cable systems.,"[Doc. No. 4080, 29 FR 17955, Dec. 18, 1964, as amended by Amdt. 23-7, 34 FR 13091, Aug. 13, 1969]",2,23-7,0,
23.691,Artificial stall barrier system.,"[Doc. No. 27806, 61 FR 5165, Feb. 9, 1996]",1,,0,
23.693,Joints.,,0,,0,
23.697,Wing flap controls.,"[Doc. No. 4080, 29 FR 17955, Dec. 18, 1964, as amended by Amdt. 23-49, 61 FR 5165, Feb. 9, 1996]",2,23-49,0,
23.699,Wing flap position indicator.,,0,,0,
23.701,Flap interconnection.,"[Doc. No. 4080, 29 FR 17955, Dec. 18, 1964, as amended by Amdt. 23-14, 38 FR 31821, Nov. 19, 1973; Amdt. 23-42, 56 FR 353, Jan. 3, 1991; 56 FR 5455, Feb. 11, 1991; Amdt. 23-49, 61 FR 5165, Feb. 9, 1996]",5,23-14; 23-42; 23-49,1,56 FR 5455 (1991-02-11)
23.703,Takeoff warning system.,"[Doc. No. 27806, 61 FR 5166, Feb. 9, 1996, as amended by Amdt. 23-62, 76 FR 75757, Dec. 2, 2011]",2,23-62,0,
23.721,General.,"[Amdt. 23-34, 52 FR 1830, Jan. 15, 1987]",1,23-34,0,
23.723,Shock absorption tests.,"[Doc. No. 4080, 29 FR 17955, Dec. 18, 1964; 30 FR 258, Jan. 9, 1965, as amended by Amdt. 23-23, 43 FR 50593, Oct. 30, 1978; Amdt. 23-49, 61 FR 5166, Feb. 9, 1996]",4,23-23; 23-49,1,30 FR 258 (1965-01-09)
23.725,Limit drop tests.,"[Doc. No. 4080, 29 FR 17955, Dec. 18, 1964, as amended by Amdt. 23-7, 34 FR 13091, Aug. 13, 1969; Amdt. 23-48, 61 FR 5148, Feb. 9, 1996]",3,23-7; 23-48,0,
23.726,Ground load dynamic tests.,"[Amdt. 23-7, 34 FR 13091, Aug. 13, 1969]",1,23-7,0,
23.727,Reserve energy absorption drop test.,"[Doc. No. 4080, 29 FR 17955, Dec. 18, 1964, as amended by Amdt. 23-7, 34 FR 13091, Aug. 13, 1969]",2,23-7,0,
23.729,Landing gear extension and retraction system.,"[Doc. No. 4080, 29 FR 17955, Dec. 18, 1964, as amended by Amdt. 23-7, 34 FR 13091, Aug. 13, 1969; Amdt. 23-21, 43 FR 2318, Jan. 16, 1978; Amdt. 23-26, 45 FR 60171, Sept. 11, 1980; Amdt. 23-45, 58 FR 42164, Aug. 6, 1993; Amdt. 23-49, 61 FR 5166, Feb. 9, 1996]",6,23-7; 23-21; 23-26; 23-45; 23-49,0,
23.731,Wheels.,"[Doc. No. 4080, 29 FR 17955, Dec. 18, 1964, as amended by Amdt. 23-45, 58 FR 42165, Aug. 6, 1993]",2,23-45,0,
23.733,Tires.,"[Doc. No. 4080, 29 FR 17955, Dec. 18, 1964, as amended by Amdt. 23-7, 34 FR 13092, Aug. 13, 1969; Amdt. 23-17, 41 FR 55464, Dec. 20, 1976; Amdt. 23-45, 58 FR 42165, Aug. 6, 1993]",4,23-7; 23-17; 23-45,0,
23.735,Brakes.,"[Amdt. 23-7, 34 FR 13092, Aug. 13, 1969, as amended by Amdt. 23-24, 44 FR 68742, Nov. 29, 1979; Amdt. 23-42, 56 FR 354, Jan. 3, 1991; Amdt. 23-49, 61 FR 5166, Feb. 9, 1996; Amdt. 23-62, 76 FR 75757, Dec. 2, 2011]",5,23-7; 23-24; 23-42; 23-49; 23-62,0,
23.737,Skis.,"[Doc. No. 26269, 58 FR 42165, Aug. 6, 1993]",1,,0,
23.745,Nose/tail wheel steering.,"[Doc. No. 27806, 61 FR 5166, Feb. 9, 1996]",1,,0,
23.751,Main float buoyancy.,"[Doc. No. 4080, 29 FR 17955, Dec. 18, 1964, as amended by Amdt. 23-45, 58 FR 42165, Aug. 6, 1993]",2,23-45,0,
23.753,Main float design.,"[Doc. No. 26269, 58 FR 42165, Aug. 6, 1993]",1,,0,
23.755,Hulls.,"[Doc. No. 4080, 29 FR 17955, Dec. 18, 1964, as amended by Amdt. 23-45, 58 FR 42165, Aug. 6, 1993; Amdt. 23-48, 61 FR 5148, Feb. 9, 1996]",3,23-45; 23-48,0,
23.757,Auxiliary floats.,,0,,0,
23.771,Pilot compartment.,"[Doc. No. 4080, 29 FR 17955, Dec. 18, 1964, as amended by Amdt. 23-14, 38 FR 31821, Nov. 19, 1973]",2,23-14,0,
23.773,Pilot compartment view.,"[Doc. No. 26269, 58 FR 42165, Aug. 6, 1993; 71 FR 537, Jan. 5, 2006]",2,,1,71 FR 537 (2006-01-05)
23.775,Windshields and windows.,"[Doc. No. 4080, 29 FR 17955, Dec. 18, 1964, as amended by Amdt. 23-7, 34 FR 13092, Aug. 13, 1969; Amdt. 23-45, 58 FR 42165, Aug. 6, 1993; 58 FR 51970, Oct. 5, 1993; Amdt. 23-49, 61 FR 5166, Feb. 9, 1996]",5,23-7; 23-45; 23-49,1,58 FR 51970 (1993-10-05)
23.777,Cockpit controls.,"[Doc. No. 4080, 29 FR 17955, Dec. 18, 1964, as amended by Amdt. 23-7, 34 FR 13092, Aug. 13, 1969; Amdt. 23-33, 51 FR 26656, July 24, 1986; Amdt. 23-51, 61 FR 5136, Feb. 9, 1996; Amdt. 23-62, 76 FR 75757, Dec. 2, 2011]",5,23-7; 23-33; 23-51; 23-62,0,
23.779,Motion and effect of cockpit controls.,"[Amdt. 23-33, 51 FR 26656, July 24, 1986, as amended by Amdt. 23-51, 61 FR 5136, Feb. 9, 1996]",2,23-33; 23-51,0,
23.781,Cockpit control knob shape.,"[Doc. No. 4080, 29 FR 17955, Dec. 18, 1964; 30 FR 258, Jan. 9, 1965, as amended by Amdt. 23-33, 51 FR 26657, July 24, 1986]",3,23-33,1,30 FR 258 (1965-01-09)
23.783,Doors.,"[Doc. No. 4080, 29 FR 17955, Dec. 18, 1964; 30 FR 258, Jan. 9, 1965, as amended by Amdt. 23-36, 53 FR 30813, Aug. 15, 1988; Amdt. 23-46, 59 FR 25772, May 17, 1994; Amdt. 23-49, 61 FR 5166, Feb. 9, 1996]",5,23-36; 23-46; 23-49,1,30 FR 258 (1965-01-09)
23.785,"Seats, berths, litters, safety belts, and shoulder harnesses.","[Amdt. 23-36, 53 FR 30813, Aug. 15, 1988; Amdt. 23-36, 54 FR 50737, Dec. 11, 1989; Amdt. 23-49, 61 FR 5167, Feb. 9, 1996]",3,23-36; 23-36; 23-49,0,
23.787,Baggage and cargo compartments.,"[Doc. No. 27806, 61 FR 5167, Feb. 9, 1996]",1,,0,
23.791,Passenger information signs.,"[Doc. No. 27806, 61 FR 5167, Feb. 9, 1996]",1,,0,
23.803,Emergency evacuation.,"[Amdt. 23-34, 52 FR 1831, Jan. 15, 1987, as amended by Amdt. 23-46, 59 FR 25773, May 17, 1994]",2,23-34; 23-46,0,
23.805,Flightcrew emergency exits.,"[Doc. No. 26324, 59 FR 25773, May 17, 1994]",1,,0,
23.807,Emergency exits.,"[Doc. No. 4080, 29 FR 17955, Dec. 18, 1964, as amended by Amdt. 23-7, 34 FR 13092, Aug. 13, 1969; Amdt. 23-10, 36 FR 2864, Feb. 11, 1971; Amdt. 23-34, 52 FR 1831, Jan. 15, 1987; Amdt. 23-36, 53 FR 30814, Aug. 15, 1988; 53 FR 34194, Sept. 2, 1988; Amdt. 23-46, 59 FR 25773, May 17, 1994; Amdt. 23-49, 61 FR 5167, Feb. 9, 1996; Amdt. 23-62, 76 FR 75757, Dec. 2, 2011]",9,23-7; 23-10; 23-34; 23-36; 23-46; 23-49; 23-62,1,53 FR 34194 (1988-09-02)
23.811,Emergency exit marking.,"[Amdt. 23-36, 53 FR 30814, Aug. 15, 1988; 53 FR 34194, Sept. 2, 1988, as amended by Amdt. 23-46, 59 FR 25773, May 17, 1994]",3,23-36; 23-46,1,53 FR 34194 (1988-09-02)
23.812,Emergency lighting.,"[Doc. No. 26324, 59 FR 25774, May 17, 1994]",1,,0,
23.813,Emergency exit access.,"[Amdt. 23-36, 53 FR 30815, Aug. 15, 1988, as amended by Amdt. 23-46, 59 FR 25774, May 17, 1994]",2,23-36; 23-46,0,
23.815,Width of aisle.,"[Amdt. 23-34, 52 FR 1831, Jan. 15, 1987, as amended by Amdt. 23-46, 59 FR 25774, May 17, 1994]",2,23-34; 23-46,0,
23.831,Ventilation.,"[Doc. No. 4080, 29 FR 17955, Dec. 18, 1964; 30 FR 258, Jan. 9, 1965, as amended by Amdt. 23-34, 52 FR 1831, Jan. 15, 1987; Amdt. 23-42, 56 FR 354, Jan. 3, 1991; Amdt. 23-62, 76 FR 75757, Dec. 2, 2011]",5,23-34; 23-42; 23-62,1,30 FR 258 (1965-01-09)
23.841,Pressurized cabins.,"[Amdt. 23-14, 38 FR 31822, Nov. 19, 1973, as amended by Amdt. 23-17, 41 FR 55464, Dec. 20, 1976; Amdt. 23-49, 61 FR 5167, Feb. 9, 1996; Amdt. 23-62, 76 FR 75757, Dec. 2, 2011]",4,23-14; 23-17; 23-49; 23-62,0,
23.843,Pressurization tests.,,0,,0,
23.851,Fire extinguishers.,"[Doc. No. 26269, 58 FR 42165, Aug. 6, 1993]",1,,0,
23.853,Passenger and crew compartment interiors.,"[Amdt. 23-14, 23 FR 31822, Nov. 19, 1973, as amended by Amdt. 23-23, 43 FR 50593, Oct. 30, 1978; Amdt. 23-25, 45 FR 7755, Feb. 4, 1980; Amdt. 23-34, 52 FR 1831, Jan. 15, 1987; Amdt. 23-62, 76 FR 75759, Dec. 2, 2011]",5,23-14; 23-23; 23-25; 23-34; 23-62,0,
23.855,Cargo and baggage compartment fire protection.,"[Doc. No. 27806, 61 FR 5167, Feb. 9, 1996]",1,,0,
23.856,Thermal/acoustic insulation materials.,"[Amdt. 23-62, 76 FR 75759, Dec. 2, 2011]",1,23-62,0,
23.859,Combustion heater fire protection.,"[Amdt. 23-27, 45 FR 70387, Oct. 23, 1980]",1,23-27,0,
23.863,Flammable fluid fire protection.,"[Amdt. 23-23, 43 FR 50593, Oct. 30, 1978]",1,23-23,0,
23.865,"Fire protection of flight controls, engine mounts, and other flight structure.","[Doc. No. 27805, 61 FR 5148, Feb. 9, 1996]",1,,0,
23.867,Electrical bonding and protection against lightning and static electricity.,"[Amdt. 23-7, 34 FR 13092, Aug. 13, 1969]",1,23-7,0,
23.871,Leveling means.,"[Amdt. 23-7, 34 FR 13092, Aug. 13, 1969]",1,23-7,0,
23.901,Installation.,"[Doc. No. 4080, 29 FR 17955, Dec. 18, 1964, as amended by Amdt. 23-7, 34 FR 13092, Aug. 13, 1969; Amdt. 23-18, 42 FR 15041, Mar. 17, 1977; Amdt. 23-29, 49 FR 6846, Feb. 23, 1984; Amdt. 23-34, 52 FR 1832, Jan. 15, 1987; Amdt. 23-34, 52 FR 34745, Sept. 14, 1987; Amdt. 23-43, 58 FR 18970, Apr. 9, 1993; Amdt. 23-51, 61 FR 5136, Feb. 9, 1996; Amdt. 23-53, 63 FR 14797, Mar. 26, 1998]",9,23-7; 23-18; 23-29; 23-34; 23-34; 23-43; 23-51; 23-53,0,
23.903,Engines.,"[Amdt. 23-14, 38 FR 31822, Nov. 19, 1973]",1,23-14,0,
23.904,Automatic power reserve system.,"[Doc. No. 26344, 58 FR 18970, Apr. 9, 1993]",1,,0,
23.905,Propellers.,"[Doc. No. 4080, 29 FR 17955, Dec. 18, 1964, as amended by Amdt. 23-26, 45 FR 60171, Sept. 11, 1980; Amdt. 23-29, 49 FR 6847, Feb. 23, 1984; Amdt. 23-43, 58 FR 18970, Apr. 9, 1993; Amdt. 23-59, 73 FR 63345, Oct. 24, 2008]",5,23-26; 23-29; 23-43; 23-59,0,
23.907,Propeller vibration and fatigue.,"[Amdt. 23-59, 73 FR 63345, Oct. 24, 2008]",1,23-59,0,
23.909,Turbocharger systems.,"[Amdt. 23-7, 34 FR 13092, Aug. 13, 1969, as amended by Amdt. 23-43, 58 FR 18970, Apr. 9, 1993]",2,23-7; 23-43,0,
23.925,Propeller clearance.,"[Doc. No. 4080, 29 FR 17955, Dec. 18, 1964, as amended by Amdt. 23-43, 58 FR 18971, Apr. 9, 1993; Amdt. 23-51, 61 FR 5136, Feb. 9, 1996; Amdt. 23-48, 61 FR 5148, Feb. 9, 1996]",4,23-43; 23-51; 23-48,0,
23.929,Engine installation ice protection.,"[Amdt. 23-14, 33 FR 31822, Nov. 19, 1973, as amended by Amdt. 23-51, 61 FR 5136, Feb. 9, 1996]",2,23-14; 23-51,0,
23.933,Reversing systems.,"[Doc. No. 26344, 58 FR 18971, Apr. 9, 1993, as amended by Amdt. 23-51, 61 FR 5136, Feb. 9, 1996]",2,23-51,0,
23.934,Turbojet and turbofan engine thrust reverser systems tests.,"[Doc. No. 26344, 58 FR 18971, Apr. 9, 1993]",1,,0,
23.937,Turbopropeller-drag limiting systems.,"[Amdt. 23-7, 34 FR 13093, Aug. 13, 1969, as amended by Amdt. 23-43, 58 FR 18971, Apr. 9, 1993]",2,23-7; 23-43,0,
23.939,Powerplant operating characteristics.,"[Amdt. 23-7, 34 FR 13093 Aug. 13, 1969, as amended by Amdt. 23-14, 38 FR 31823, Nov. 19, 1973; Amdt. 23-18, 42 FR 15041, Mar. 17, 1977; Amdt. 23-42, 56 FR 354, Jan. 3, 1991]",4,23-7; 23-14; 23-18; 23-42,0,
23.943,Negative acceleration.,"[Amdt. 23-18, 42 FR 15041, Mar. 17, 1977, as amended by Amdt. 23-43, 58 FR 18971, Apr. 9, 1993]",2,23-18; 23-43,0,
23.951,General.,"[Amdt. 23-15, 39 FR 35459, Oct. 1, 1974, as amended by Amdt. 23-40, 55 FR 32861, Aug. 10, 1990; Amdt. 23-43, 58 FR 18971, Apr. 9, 1993]",3,23-15; 23-40; 23-43,0,
23.953,Fuel system independence.,"[Doc. No. 4080, 29 FR 17955, Dec. 18, 1964, as amended by Amdt. 23-7, 34 FR 13093 Aug. 13, 1969; Amdt. 23-43, 58 FR 18971, Apr. 9, 1993]",3,23-7; 23-43,0,
23.954,Fuel system lightning protection.,"[Amdt. 23-7, 34 FR 13093, Aug. 13, 1969]",1,23-7,0,
23.955,Fuel flow.,"[Doc. No. 4080, 29 FR 17955, Dec. 18, 1964, as amended by Amdt. 23-7, 34 FR 13093, Aug. 13, 1969; Amdt. 23-43, 58 FR 18971, Apr. 9, 1993; Amdt. 23-51, 61 FR 5136, Feb. 9, 1996]",4,23-7; 23-43; 23-51,0,
23.957,Flow between interconnected tanks.,"[Doc. No. 4080, 29 FR 17955, Dec. 18, 1964, as amended by Amdt. 23-43, 58 FR 18972, Apr. 9, 1993]",2,23-43,0,
23.959,Unusable fuel supply.,"[Amdt. 23-7, 34 FR 13093, Aug. 13, 1969, as amended by Amdt. 23-18, 42 FR 15041, Mar. 17, 1977; Amdt. 23-51, 61 FR 5136, Feb. 9, 1996]",3,23-7; 23-18; 23-51,0,
23.961,Fuel system hot weather operation.,"[Doc. No. 26344, 58 FR 18972, Apr. 9, 1993; 58 FR 27060, May 6, 1993]",2,,1,58 FR 27060 (1993-05-06)
23.963,Fuel tanks: General.,"[Doc. No. 4080, 29 FR 17955, Dec. 18, 1964; 30 FR 258, Jan. 9, 1965, as amended by Amdt 23-34, 52 FR 1832, Jan. 15, 1987; Amdt. 23-43, 58 FR 18972, Apr. 9, 1993; Amdt. 23-51, 61 FR 5136, Feb. 9, 1996]",5,23-34; 23-43; 23-51,1,30 FR 258 (1965-01-09)
23.965,Fuel tank tests.,"[Doc. No. 4080, 29 FR 17955, Dec. 18, 1964, as amended by Amdt. 23-43, 58 FR 18972, Apr. 9, 1993; Amdt. 23-43, 61 FR 253, Jan. 4, 1996; Amdt. 23-51, 61 FR 5136, Feb. 9, 1996]",4,23-43; 23-43; 23-51,0,
23.967,Fuel tank installation.,"[Doc. No. 4080, 29 FR 17955, Dec. 18, 1964, as amended by Amdt. 23-7, 34 FR 13903, Aug. 13, 1969; Amdt. 23-14, 38 FR 31823, Nov. 19, 1973; Amdt. 23-18, 42 FR 15041, Mar. 17, 1977; Amdt. 23-26, 45 FR 60171, Sept. 11, 1980; Amdt. 23-36, 53 FR 30815, Aug. 15, 1988; Amdt. 23-43, 58 FR 18972, Apr. 9, 1993]",7,23-7; 23-14; 23-18; 23-26; 23-36; 23-43,0,
23.969,Fuel tank expansion space.,,0,,0,
23.971,Fuel tank sump.,"[Doc. No. 26344, 58 FR 18972, Apr. 9, 1993; 58 FR 27060, May 6, 1993]",2,,1,58 FR 27060 (1993-05-06)
23.973,Fuel tank filler connection.,"[Doc. No. 4080, 29 FR 17955, Dec. 18, 1964; 30 FR 258, Jan. 9, 1965, as amended by Amdt. 23-18, 42 FR 15041, Mar. 17, 1977; Amdt. 23-43, 58 FR 18972, Apr. 9, 1993; Amdt. 23-51, 61 FR 5136, Feb. 9, 1996]",5,23-18; 23-43; 23-51,1,30 FR 258 (1965-01-09)
23.975,Fuel tank vents and carburetor vapor vents.,"[Doc. No. 4080, 29 FR 17955, Dec. 18, 1964; 30 FR 258, Jan. 9, 1965, as amended by Amdt. 23-18, 42 FR 15041, Mar. 17, 1977; Amdt. 23-29, 49 FR 6847, Feb. 23, 1984; Amdt. 23-43, 58 FR 18973, Apr. 9, 1993; Amdt. 23-51, 61 FR 5136, Feb. 9, 1996]",6,23-18; 23-29; 23-43; 23-51,1,30 FR 258 (1965-01-09)
23.977,Fuel tank outlet.,"[Amdt. 23-17, 41 FR 55465, Dec. 20, 1976, as amended by Amdt. 23-43, 58 FR 18973, Apr. 9, 1993]",2,23-17; 23-43,0,
23.979,Pressure fueling systems.,"[Amdt. 23-14, 38 FR 31823, Nov. 19, 1973, as amended by Amdt. 23-51, 61 FR 5137, Feb. 9, 1996]",2,23-14; 23-51,0,
23.991,Fuel pumps.,"[Doc. No. 4080, 29 FR 17955, Dec. 18, 1964, as amended by Amdt. 23-7, 34 FR 13093, Aug. 13, 1969; Amdt. 23-26, 45 FR 60171, Sept. 11, 1980; Amdt. 23-43, 58 FR 18973, Apr. 9, 1993]",4,23-7; 23-26; 23-43,0,
23.993,Fuel system lines and fittings.,"[Doc. No. 4080, 29 FR 17955, Dec. 18, 1964, as amended by Amdt. 23-43, 58 FR 18973, Apr. 9, 1993]",2,23-43,0,
23.994,Fuel system components.,"[Amdt. 23-29, 49 FR 6847, Feb. 23, 1984]",1,23-29,0,
23.995,Fuel valves and controls.,"[Doc. No. 4080, 29 FR 17955, Dec. 18, 1964, as amended by Amdt. 23-14, 38 FR 31823, Nov. 19, 1973; Amdt. 23-17, 41 FR 55465, Dec. 20, 1976; Amdt. 23-18, 42 FR 15041, Mar. 17, 1977; Amdt. 23-29, 49 FR 6847, Feb. 23, 1984]",5,23-14; 23-17; 23-18; 23-29,0,
23.997,Fuel strainer or filter.,"[Amdt. 23-15, 39 FR 35459, Oct. 1, 1974, as amended by Amdt. 23-29, 49 FR 6847, Feb. 23, 1984; Amdt. 23-34, 52 FR 1832, Jan. 15, 1987; Amdt. 23-43, 58 FR 18973, Apr. 9, 1993]",4,23-15; 23-29; 23-34; 23-43,0,
23.999,Fuel system drains.,"[Doc. No. 4080, 29 FR 17955, Dec. 18, 1964, as amended by Amdt. 23-17, 41 FR 55465, Dec. 20, 1976; Amdt. 23-43, 58 FR 18973, Apr. 9, 1993]",3,23-17; 23-43,0,
23.1001,Fuel jettisoning system.,"[Amdt. 23-7, 34 FR 13094, Aug. 13, 1969, as amended by Amdt. 23-43, 58 FR 18973, Apr. 9, 1993; Amdt. 23-51, 61 FR 5137, Feb. 9, 1996]",3,23-7; 23-43; 23-51,0,
23.1011,General.,"[Doc. No. 4080, 29 FR 17955, Dec. 18, 1964, as amended by Amdt. 23-43, 58 FR 18973, Apr. 9, 1993]",2,23-43,0,
23.1013,Oil tanks.,"[Doc. No. 4080, 29 FR 17955, Dec. 18, 1964, as amended by Amdt. 23-15, 39 FR 35459 Oct. 1, 1974; Amdt. 23-43, 58 FR 18973, Apr. 9, 1993; Amdt. 23-51, 61 FR 5137, Feb. 9, 1996]",4,23-15; 23-43; 23-51,0,
23.1015,Oil tank tests.,"[Doc. No. 4080, 29 FR 17955, Dec. 18, 1964, as amended by Amdt. 23-15, 39 FR 35460, Oct. 1, 1974]",2,23-15,0,
23.1017,Oil lines and fittings.,"[Doc. No. 4080, 29 FR 17955, Dec. 18, 1964, as amended by Amdt. 23-7, 34 FR 13094, Aug. 13, 1969; Amdt. 23-14, 38 FR 31823, Nov. 19, 1973]",3,23-7; 23-14,0,
23.1019,Oil strainer or filter.,"[Amdt. 23-15, 39 FR 35460, Oct. 1, 1974, as amended by Amdt. 23-29, 49 FR 6847, Feb. 23, 1984; Amdt. 23-43, 58 FR 18973, Apr. 9, 1993]",3,23-15; 23-29; 23-43,0,
23.1021,Oil system drains.,"[Amdt. 23-29, 49 FR 6847, Feb. 23, 1984, as amended by Amdt. 23-43, 58 FR 18973, Apr. 9, 1993]",2,23-29; 23-43,0,
23.1023,Oil radiators.,,0,,0,
23.1027,Propeller feathering system.,"[Doc. No. 4080, 29 FR 17955, Dec. 18, 1964, as amended by Amdt. 23-14, 38 FR 31823, Nov. 19, 1973; Amdt. 23-43, 58 FR 18973, Apr. 9, 1993]",3,23-14; 23-43,0,
23.1041,General.,"[Doc. No. 26344, 58 FR 18973, Apr. 9, 1993, as amended by Amdt. 23-51, 61 FR 5137, Feb. 9, 1996]",2,23-51,0,
23.1043,Cooling tests.,"[Doc. No. 4080, 29 FR 17955, Dec. 18, 1964, as amended by Amdt. 23-7, 34 FR 13094, Aug. 13, 1969; Amdt. 23-21, 43 FR 2319, Jan. 16, 1978; Amdt. 23-51, 61 FR 5137, Feb. 9, 1996]",4,23-7; 23-21; 23-51,0,
23.1045,Cooling test procedures for turbine engine powered airplanes.,"[Amdt. 23-7, 34 FR 13094, Aug. 13, 1969, as amended by Amdt. 23-51, 61 FR 5137, Feb. 9, 1996]",2,23-7; 23-51,0,
23.1047,Cooling test procedures for reciprocating engine powered airplanes.,"[Amdt. 23-51, 61 FR 5137, Feb. 9, 1996]",1,23-51,0,
23.1061,Installation.,"[Doc. No. 4080, 29 FR 17955, Dec. 18, 1964, as amended by Amdt. 23-43, 58 FR 18973, Apr. 9, 1993]",2,23-43,0,
23.1063,Coolant tank tests.,,0,,0,
23.1091,Air induction system.,"[Doc. No. 4080, 29 FR 17955, Dec. 18, 1964, as amended by Amdt. 23-7, 34 FR 13095, Aug. 13, 1969; Amdt. 23-43, 58 FR 18973, Apr. 9, 1993; 58 FR 27060, May 6, 1993; Amdt. 23-51, 61 FR 5137, Feb. 9, 1996]",5,23-7; 23-43; 23-51,1,58 FR 27060 (1993-05-06)
23.1093,Induction system icing protection.,"[Amdt. 23-7, 34 FR 13095, Aug. 13, 1969, as amended by Amdt. 23-15, 39 FR 35460, Oct. 1, 1974; Amdt. 23-17, 41 FR 55465, Dec. 20, 1976; Amdt. 23-18, 42 FR 15041, Mar. 17, 1977; Amdt. 23-29, 49 FR 6847, Feb. 23, 1984; Amdt. 23-43, 58 FR 18973, Apr. 9, 1993; Amdt. 23-51, 61 FR 5137, Feb. 9, 1996]",7,23-7; 23-15; 23-17; 23-18; 23-29; 23-43; 23-51,0,
23.1095,Carburetor deicing fluid flow rate.,,0,,0,
23.1097,Carburetor deicing fluid system capacity.,,0,,0,
23.1099,Carburetor deicing fluid system detail design.,,0,,0,
23.1101,Induction air preheater design.,"[Doc. No. 4080, 29 FR 17955, Dec. 18, 1964, as amended by Amdt. 23-43, 58 FR 18974, Apr. 9, 1993]",2,23-43,0,
23.1103,Induction system ducts.,"[Doc. No. 4080, 29 FR 17955, Dec. 18, 1964, as amended by Amdt. 23-7, 34 FR 13095, Aug. 13, 1969; Amdt. 23-43, 58 FR 18974, Apr. 9, 1993]",3,23-7; 23-43,0,
23.1105,Induction system screens.,"[Doc. No. 4080, 29 FR 17955, Dec. 18, 1964; 30 FR 258, Jan. 9, 1996, as amended by Amdt. 23-51, 61 FR 5137, Feb. 9, 1996]",3,23-51,1,30 FR 258 (1996-01-09)
23.1107,Induction system filters.,"[Doc. No. 26344, 58 FR 18974, Apr. 9, 1993, as amended by Amdt. 23-51, 61 FR 5137, Feb. 9, 1996]",2,23-51,0,
23.1109,Turbocharger bleed air system.,"[Amdt. 23-42, 56 FR 354, Jan. 3, 1991]",1,23-42,0,
23.1111,Turbine engine bleed air system.,"[Amdt. 23-7, 34 FR 13095, Aug. 13, 1969, as amended by Amdt. 23-17, 41 FR 55465, Dec. 20, 1976]",2,23-7; 23-17,0,
23.1121,General.,"[Doc. No. 4080, 29 FR 17955, Dec. 18, 1964, as amended by Amdt. 23-7, 34 FR 13095, Aug. 13, 1969; Amdt. 23-18, 42 FR 15042, Mar. 17, 1977; Amdt. 23-43, 58 FR 18974, Apr. 9, 1993; Amdt. 23-51, 61 FR 5137, Feb. 9, 1996]",5,23-7; 23-18; 23-43; 23-51,0,
23.1123,Exhaust system.,"[Doc. No. 4080, 29 FR 17955, Dec. 18, 1964, as amended by Amdt. 23-43, 58 FR 18974, Apr. 9, 1993]",2,23-43,0,
23.1125,Exhaust heat exchangers.,"[Doc. No. 4080, 29 FR 17955, Dec. 18, 1964, as amended by Amdt. 23-17, 41 FR 55465, Dec. 20, 1976]",2,23-17,0,
23.1141,Powerplant controls: General.,"[Doc. No. 4080, 29 FR 17955, Dec. 18, 1964, as amended by Amdt. 23-7, 34 FR 13095, Aug. 13, 1969; Amdt. 23-14, 38 FR 31823, Nov. 19, 1973; Amdt. 23-18, 42 FR 15042, Mar. 17, 1977; Amdt. 23-51, 61 FR 5137, Feb. 9, 1996]",5,23-7; 23-14; 23-18; 23-51,0,
23.1142,Auxiliary power unit controls.,"[Doc. No. 26344, 58 FR 18974, Apr. 9, 1993]",1,,0,
23.1143,Engine controls.,"[Amdt. 23-7, 34 FR 13095, Aug. 13, 1969, as amended by Amdt. 23-17, 41 FR 55465, Dec. 20, 1976; Amdt. 23-29, 49 FR 6847, Feb. 23, 1984; Amdt. 23-43, 58 FR 18974, Apr. 9, 1993; Amdt. 23-51, 61 FR 5137, Feb. 9, 1996]",5,23-7; 23-17; 23-29; 23-43; 23-51,0,
23.1145,Ignition switches.,"[Doc. No. 4080, 29 FR 17955, Dec. 18, 1964; 30 FR 258, Jan. 9, 1965, as amended by Amdt. 23-18, 42 FR 15042, Mar. 17, 1977; Amdt. 23-43, 58 FR 18974, Apr. 9, 1993]",4,23-18; 23-43,1,30 FR 258 (1965-01-09)
23.1147,Mixture controls.,"[Doc. No. 4080, 29 FR 17955, Dec. 18, 1964, as amended by Amdt. 23-7, 34 FR 13096, Aug. 13, 1969; Amdt. 23-33, 51 FR 26657, July 24, 1986; Amdt. 23-43, 58 FR 18974, Apr. 9, 1993]",4,23-7; 23-33; 23-43,0,
23.1149,Propeller speed and pitch controls.,,0,,0,
23.1153,Propeller feathering controls.,"[Doc. No. 27804, 61 FR 5138, Feb. 9, 1996]",1,,0,
23.1155,Turbine engine reverse thrust and propeller pitch settings below the flight regime.,"[Amdt. 23-7, 34 FR 13096, Aug. 13, 1969]",1,23-7,0,
23.1157,Carburetor air temperature controls.,,0,,0,
23.1163,Powerplant accessories.,"[Doc. No. 4080, 29 FR 17955, Dec. 18, 1964, as amended by Amdt. 23-14, 38 FR 31823, Nov. 19, 1973; Amdt. 23-29, 49 FR 6847, Feb. 23, 1984; Amdt. 23-34, 52 FR 1832, Jan. 15, 1987; Amdt. 23-42, 56 FR 354, Jan. 3, 1991]",5,23-14; 23-29; 23-34; 23-42,0,
23.1165,Engine ignition systems.,"[Doc. No. 4080, 29 FR 17955, Dec. 18, 1964, as amended by Amdt. 23-17, 41 FR 55465 Dec. 20, 1976; Amdt. 23-34, 52 FR 1833, Jan. 15, 1987; Amdt. 23-62, 76 FR 75759, Dec. 2, 2011]",4,23-17; 23-34; 23-62,0,
23.1181,Designated fire zones; regions included.,"[Doc. No. 26344, 58 FR 18975, Apr. 9, 1993, as amended by Amdt. 23-51, 61 FR 5138, Feb. 9, 1996]",2,23-51,0,
23.1182,Nacelle areas behind firewalls.,"[Amdt. 23-14, 38 FR 31816, Nov. 19, 1973]",1,23-14,0,
23.1183,"Lines, fittings, and components.","[Doc. No. 4080, 29 FR 17955, Dec. 18, 1964, as amended by Amdt. 23-5, 32 FR 6912, May 5, 1967; Amdt. 23-15, 39 FR 35460, Oct. 1, 1974; Amdt. 23-29, 49 FR 6847, Feb. 23, 1984; Amdt. 23-51, 61 FR 5138, Feb. 9, 1996]",5,23-5; 23-15; 23-29; 23-51,0,
23.1189,Shutoff means.,"[Doc. No. 4080, 29 FR 17955, Dec. 18, 1964, as amended by Amdt. 23-7, 34 FR 13096, Aug. 13, 1969; Amdt. 23-14, 38 FR 31823, Nov. 19, 1973; Amdt. 23-29, 49 FR 6847, Feb. 23, 1984; Amdt. 23-43, 58 FR 18975, Apr. 9, 1993]",5,23-7; 23-14; 23-29; 23-43,0,
23.1191,Firewalls.,"[Doc. No. 4080, 29 FR 17955, Dec. 18, 1964, as amended by Amdt. 23-43, 58 FR 18975, Apr. 9, 1993; 58 FR 27060, May 6, 1993; Amdt. 23-51, 61 FR 5138, Feb. 9, 1996]",4,23-43; 23-51,1,58 FR 27060 (1993-05-06)
23.1192,Engine accessory compartment diaphragm.,"[Amdt. 23-14, 38 FR 31823, Nov. 19, 1973]",1,23-14,0,
23.1193,Cowling and nacelle.,"[Doc. No. 4080, 29 FR 17955, Dec. 18, 1964; 30 FR 258, Jan. 9, 1965, as amended by Amdt. 23-18, 42 FR 15042, Mar. 17, 1977; Amdt. 23-34, 52 FR 1833, Jan. 15, 1987; 58 FR 18975, Apr. 9, 1993; Amdt. 23-62, 76 FR 75759, Dec. 2, 2011]",6,23-18; 23-34; 23-62,2,30 FR 258 (1965-01-09); 58 FR 18975 (1993-04-09)
23.1195,Fire extinguishing systems.,"[Amdt. 23-34, 52 FR 1833, Jan. 15, 1987, as amended by Amdt. 23-43, 58 FR 18975, Apr. 9, 1993; Amdt. 23-62, 76 FR 75759, Dec. 2, 2011]",3,23-34; 23-43; 23-62,0,
23.1197,Fire extinguishing agents.,"[Amdt. 23-34, 52 FR 1833, Jan. 15, 1987, as amended by Amdt. 23-62, 76 FR 75760, Dec. 2, 2011]",2,23-34; 23-62,0,
23.1199,Extinguishing agent containers.,"[Amdt. 23-34, 52 FR 1833, Jan. 15, 1987; 52 FR 34745, Sept. 14, 1987; Amdt. 23-62, 76 FR 75760, Dec. 2, 2011]",3,23-34; 23-62,1,52 FR 34745 (1987-09-14)
23.1201,Fire extinguishing systems materials.,"[Amdt. 23-34, 52 FR 1833, Jan. 15, 1987; 52 FR 7262, Mar. 9, 1987; Amdt. 23-62, 76 FR 75760, Dec. 2, 2011]",3,23-34; 23-62,1,52 FR 7262 (1987-03-09)
23.1203,Fire detector system.,"[Amdt. 23-18, 42 FR 15042, Mar. 17, 1977, as amended by Amdt. 23-34, 52 FR 1833, Jan. 15, 1987; Amdt. 23-43, 58 FR 18975, Apr. 9, 1993; Amdt. 23-51, 61 FR 5138, Feb. 9, 1996]",4,23-18; 23-34; 23-43; 23-51,0,
23.1301,Function and installation.,"[Amdt. 23-20, 42 FR 36968, July 18, 1977, as amended by Amdt. 23-62, 76 FR 75760, Dec. 2, 2011]",2,23-20; 23-62,0,
23.1303,Flight and navigation instruments.,"[Doc. No. 4080, 29 FR 17955, Dec. 18, 1964, as amended by Amdt. 23-17, 41 FR 55465, Dec. 20, 1976; Amdt. 23-43, 58 FR 18975, Apr. 9, 1993; Amdt. 23-49, 61 FR 5168, Feb. 9, 1996; Amdt. 23-62, 76 FR 75760, Dec. 2, 2011]",5,23-17; 23-43; 23-49; 23-62,0,
23.1305,Powerplant instruments.,"[Doc. No. 26344, 58 FR 18975, Apr. 9, 1993; 58 FR 27060, May 6, 1993; Amdt. 23-51, 61 FR 5138, Feb. 9, 1996; Amdt. 23-52, 61 FR 13644, Mar. 27, 1996]",4,23-51; 23-52,1,58 FR 27060 (1993-05-06)
23.1306,Electrical and electronic system lightning protection.,"[Doc. No. FAA-2010-0224; 76 FR 33135, June 8, 2011]",1,,0,
23.1307,Miscellaneous equipment.,"[Doc. No. 4080, 29 FR 17955, Dec. 18, 1964; 30 FR 258, Jan. 9, 1965, as amended by Amdt. 23-23, 43 FR 50593, Oct. 30, 1978; Amdt. 23-43, 58 FR 18976, Apr. 9, 1993; Amdt. 23-49, 61 FR 5168, Feb. 9, 1996]",5,23-23; 23-43; 23-49,1,30 FR 258 (1965-01-09)
23.1308,High-intensity Radiated Fields (HIRF) Protection.,"[Doc. No. FAA-2006-23657, 72 FR 44024, Aug. 6, 2007]",1,,0,
23.1309,"Equipment, systems, and installations.","[Doc. No. FAA-2009-0738, 76 FR 75760, Dec. 2, 2011]",1,,0,
23.1310,Power source capacity and distribution.,"[Doc. No. FAA-2009-0738, 76 FR 75760, Dec. 2, 2011]",1,,0,
23.1311,Electronic display instrument systems.,"[Doc. No. 27806, 61 FR 5168, Feb. 9, 1996, as amended by Amdt. 23-62, 76 FR 75760, Dec. 2, 2011]",2,23-62,0,
23.1321,Arrangement and visibility.,"[Doc. No. 4080, 29 FR 17955, Dec. 18, 1964, as amended by Amdt. 23-14, 38 FR 31824, Nov. 19, 1973; Amdt. 23-20, 42 FR 36968, July 18, 1977; Amdt. 23-41, 55 FR 43310, Oct. 26, 1990; 55 FR 46888, Nov. 7, 1990; Amdt. 23-49, 61 FR 5168, Feb. 9, 1996]",6,23-14; 23-20; 23-41; 23-49,1,55 FR 46888 (1990-11-07)
23.1322,"Warning, caution, and advisory lights.","[Amdt. 23-17, 41 FR 55465, Dec. 20, 1976, as amended by Amdt. 23-43, 58 FR 18976, Apr. 9, 1993]",2,23-17; 23-43,0,
23.1323,Airspeed indicating system.,"[Amdt. 23-20, 42 FR 36968, July 18, 1977, as amended by Amdt. 23-34, 52 FR 1834, Jan. 15, 1987; 52 FR 34745, Sept. 14, 1987; Amdt. 23-42, 56 FR 354, Jan. 3, 1991; Amdt. 23-49, 61 FR 5168, Feb. 9, 1996; Amdt. 23-62, 76 FR 75761, Dec. 2, 2011]",6,23-20; 23-34; 23-42; 23-49; 23-62,1,52 FR 34745 (1987-09-14)
23.1325,Static pressure system.,"[Amdt. 23-1, 30 FR 8261, June 29, 1965, as amended by Amdt. 23-6, 32 FR 7586, May 24, 1967; 32 FR 13505, Sept. 27, 1967; 32 FR 13714, Sept. 30, 1967; Amdt. 23-20, 42 FR 36968, July 18, 1977; Amdt. 23-34, 52 FR 1834, Jan. 15, 1987; Amdt. 23-42, 56 FR 354, Jan. 3, 1991; Amdt. 23-49, 61 FR 5169, Feb. 9, 1996; Amdt. 23-50, 61 FR 5192, Feb. 9, 1996]",9,23-1; 23-6; 23-20; 23-34; 23-42; 23-49; 23-50,2,32 FR 13505 (1967-09-27); 32 FR 13714 (1967-09-30)
23.1326,Pitot heat indication systems.,"[Doc. No. 27806, 61 FR 5169, Feb. 9, 1996]",1,,0,
23.1327,Magnetic direction indicator.,"[Amdt. 23-20, 42 FR 36969, July 18, 1977]",1,23-20,0,
23.1329,Automatic pilot system.,"[Doc. No. 4080, 29 FR 17955, Dec. 18, 1964; 30 FR 258, Jan. 9, 1965, as amended by Amdt. 23-23, 43 FR 50593, Oct. 30, 1978; Amdt. 23-43, 58 FR 18976, Apr. 9, 1993; Amdt. 23-49, 61 FR 5169, Feb. 9, 1996]",5,23-23; 23-43; 23-49,1,30 FR 258 (1965-01-09)
23.1331,Instruments using a power source.,"[Doc. No. 26344, 58 FR 18976, Apr. 9, 1993, as amended by Amdt. 23-62, 76 FR 75761, Dec. 2, 2011]",2,23-62,0,
23.1335,Flight director systems.,"[Amdt. 23-20, 42 FR 36969, July 18, 1977]",1,23-20,0,
23.1337,Powerplant instruments installation.,"[Doc. No. 4080, 29 FR 17955, Dec. 18, 1964, as amended by Amdt. 23-7, 34 FR 13096, Aug. 13, 1969; Amdt. 23-18, 42 FR 15042, Mar. 17, 1977; Amdt. 23-43, 58 FR 18976, Apr. 9, 1993; Amdt. 23-51, 61 FR 5138, Feb. 9, 1996; Amdt. 23-49, 61 FR 5169, Feb. 9, 1996]",6,23-7; 23-18; 23-43; 23-51; 23-49,0,
23.1351,General.,"[Doc. No. 4080, 29 FR 17955, Dec. 18, 1964, as amended by Amdt. 23-7, 34 FR 13096, Aug. 13, 1969; Amdt. 23-14, 38 FR 31824, Nov. 19, 1973; Amdt. 23-17, 41 FR 55465, Dec. 20, 1976; Amdt. 23-20, 42 FR 36969, July 18, 1977; Amdt. 23-34, 52 FR 1834, Jan. 15, 1987; 52 FR 34745, Sept. 14, 1987; Amdt. 23-43, 58 FR 18976, Apr. 9, 1993; Amdt. 23-49, 61 FR 5169, Feb. 9, 1996]",9,23-7; 23-14; 23-17; 23-20; 23-34; 23-43; 23-49,1,52 FR 34745 (1987-09-14)
23.1353,Storage battery design and installation.,"[Doc. No. 4080, 29 FR 17955, Dec. 18, 1964; 30 FR 258, Jan. 9, 1965, as amended by Amdt. 23-20, 42 FR 36969, July 18, 1977; Amdt. 23-21, 43 FR 2319, Jan. 16, 1978; Amdt. 23-49, 61 FR 5169, Feb. 9, 1996; Amdt. 23-62, 76 FR 75761, Dec. 2, 2011]",6,23-20; 23-21; 23-49; 23-62,1,30 FR 258 (1965-01-09)
23.1357,Circuit protective devices.,"[Doc. No. 4080, 29 FR 17955, Dec. 18, 1964; 30 FR 258, Jan. 9, 1965, as amended by Amdt. 23-20, 42 FR 36969, July 18, 1977; Amdt. 23-43, 58 FR 18976, Apr. 9, 1993",4,23-20; 23-43,1,30 FR 258 (1965-01-09)
23.1359,Electrical system fire protection.,"[Doc. No. 27806, 61 FR 5169, Feb. 9, 1996]",1,,0,
23.1361,Master switch arrangement.,"[Doc. No. 4080, 29 FR 17955, Dec. 18, 1964; 30 FR 258, Jan. 9, 1965, as amended by Amdt. 23-20, 42 FR 36969, July 18, 1977; Amdt. 23-43, 58 FR 18977, Apr. 9, 1993; Amdt. 23-49, 61 FR 5169, Feb. 9, 1996]",5,23-20; 23-43; 23-49,1,30 FR 258 (1965-01-09)
23.1365,Electric cables and equipment.,"[Doc. No. 4080, 29 FR 17955, Dec. 18, 1964, as amended by Amdt. 23-14, 38 FR 31824, Nov. 19, 1973; Amdt. 23-43, 58 FR 18977, Apr. 9, 1993; Amdt. 23-49, 61 FR 5169, Feb. 9, 1996]",4,23-14; 23-43; 23-49,0,
23.1367,Switches.,,0,,0,
23.1381,Instrument lights.,,0,,0,
23.1383,Taxi and landing lights.,"[Doc. No. 27806, 61 FR 5169, Feb. 9, 1996]",1,,0,
23.1385,Position light system installation.,"[Doc. No. 4080, 29 FR 17955, Dec. 18, 1964, as amended by Amdt. 23-17, 41 FR 55465, Dec. 20, 1976; Amdt. 23-43, 58 FR 18977, Apr. 9, 1993]",3,23-17; 23-43,0,
23.1387,Position light system dihedral angles.,"[Doc. No. 4080, 29 FR 17955, Dec. 18, 1964; 30 FR 258, Jan. 9, 1965, as amended by Amdt. 23-12, 36 FR 21278, Nov. 5, 1971; Amdt. 23-43, 58 FR 18977, Apr. 9, 1993]",4,23-12; 23-43,1,30 FR 258 (1965-01-09)
23.1389,Position light distribution and intensities.,"[Doc. No. 4080, 29 FR 17955, Dec. 18, 1964, as amended by Amdt. 23-43, 58 FR 18977, Apr. 9, 1993]",2,23-43,0,
23.1391,Minimum intensities in the horizontal plane of position lights.,"[Doc. No. 4080, 29 FR 17955, Dec. 18, 1964, as amended by Amdt. 23-43, 58 FR 18977, Apr. 9, 1993]",2,23-43,0,
23.1393,Minimum intensities in any vertical plane of position lights.,"[Doc. No. 4080, 29 FR 17955, Dec. 18, 1964, as amended by Amdt. 23-43, 58 FR 18977, Apr. 9, 1993]",2,23-43,0,
23.1395,Maximum intensities in overlapping beams of position lights.,"[Doc. No. 4080, 29 FR 17955, Dec. 18, 1964, as amended by Amdt. 23-43, 58 FR 18977, Apr. 9, 1993]",2,23-43,0,
23.1397,Color specifications.,"[Doc. No. 4080, 29 FR 17955, Dec. 18, 1964, as amended by Amdt. 23-11, 36 FR 12971, July 10, 1971]",2,23-11,0,
23.1399,Riding light.,,0,,0,
23.1401,Anticollision light system.,"[Doc. No. 4080, 29 FR 17955, Dec. 18, 1964, as amended by Amdt. 23-11, 36 FR 12972, July 10, 1971; Amdt. 23-20, 42 FR 36969, July 18, 1977; Amdt. 23-49, 61 FR 5169, Feb. 9, 1996]",4,23-11; 23-20; 23-49,0,
23.1411,General.,"[Amdt. 23-17, 41 FR 55465, Dec. 20, 1976, as amended by Amdt. 23-36, 53 FR 30815, Aug. 15, 1988]",2,23-17; 23-36,0,
23.1415,Ditching equipment.,,0,,0,
23.1416,Pneumatic de-icer boot system.,"[Amdt. 23-23, 43 FR 50593, Oct. 30, 1978]",1,23-23,0,
23.1419,Ice protection.,"[Doc. No. 26344, 58 FR 18977, Apr. 9, 1993]",1,,0,
23.1431,Electronic equipment.,"[Doc. No. 26344, 58 FR 18977, Apr. 9, 1993, as amended by Amdt. 23-49, 61 FR 5169, Feb. 9, 1996; Amdt. 23-62, 76 FR 75761, Dec. 2, 2011]",3,23-49; 23-62,0,
23.1435,Hydraulic systems.,"[Doc. No. 4080, 29 FR 17955, Dec. 18, 1964, as amended by Amdt. 23-7, 34 FR 13096, Aug. 13, 1969; Amdt. 23-14, 38 FR 31824, Nov. 19, 1973; Amdt. 23-43, 58 FR 18977, Apr. 9, 1993; Amdt. 23-49, 61 FR 5170, Feb. 9, 1996]",5,23-7; 23-14; 23-43; 23-49,0,
23.1437,Accessories for multiengine airplanes.,,0,,0,
23.1438,Pressurization and pneumatic systems.,"[Amdt. 23-20, 42 FR 36969, July 18, 1977]",1,23-20,0,
23.1441,Oxygen equipment and supply.,"[Amdt. 23-9, 35 FR 6386, Apr. 21, 1970, as amended by Amdt. 23-43, 58 FR 18978, Apr. 9, 1993]",2,23-9; 23-43,0,
23.1443,Minimum mass flow of supplemental oxygen.,"[Doc. No. FAA-2009-0738, 76 FR 75761, Dec. 2, 2011]",1,,0,
23.1445,Oxygen distribution system.,"[Doc. No. 26344, 58 FR 18978, Apr. 9, 1993, as amended by Amdt. 23-62, 76 FR 75762, Dec. 2, 2011]",2,23-62,0,
23.1447,Equipment standards for oxygen dispensing units.,"[Amdt. 23-9, 35 FR 6387, Apr. 21, 1970, as amended by Amdt. 23-20, 42 FR 36969, July 18, 1977; Amdt. 23-30, 49 FR 7340, Feb. 28, 1984; Amdt. 23-43, 58 FR 18978, Apr. 9, 1993; Amdt. 23-49, 61 FR 5170, Feb. 9, 1996; Amdt. 23-62, 76 FR 75762, Dec. 2, 2011]",6,23-9; 23-20; 23-30; 23-43; 23-49; 23-62,0,
23.1449,Means for determining use of oxygen.,"[Amdt. 23-9, 35 FR 6387, Apr. 21, 1970]",1,23-9,0,
23.1450,Chemical oxygen generators.,"[Amdt. 23-20, 42 FR 36969, July 18, 1977]",1,23-20,0,
23.1451,Fire protection for oxygen equipment.,"[Doc. No. 27806, 61 FR 5170, Feb. 9, 1996]",1,,0,
23.1453,Protection of oxygen equipment from rupture.,"[Doc. No. 27806, 61 FR 5170, Feb. 9, 1996]",1,,0,
23.1457,Cockpit voice recorders.,"[Amdt. 23-35, 53 FR 26142, July 11, 1988, as amended by Amdt. 23-58, 73 FR 12562, Mar. 7, 2008; 74 FR 32799, July 9, 2009]",3,23-35; 23-58,1,74 FR 32799 (2009-07-09)
23.1459,Flight data recorders.,"[Amdt. 23-35, 53 FR 26143, July 11, 1988, as amended by Amdt. 23-58, 73 FR 12562, Mar. 7, 2008; 74 FR 32800, July 9, 2009]",3,23-35; 23-58,1,74 FR 32800 (2009-07-09)
23.1461,Equipment containing high energy rotors.,"[Amdt. 23-20, 42 FR 36969, July 18, 1977, as amended by Amdt. 23-49, 61 FR 5170, Feb. 9, 1996]",2,23-20; 23-49,0,
23.1501,General.,"[Amdt. 23-21, 43 FR 2319, Jan. 16, 1978]",1,23-21,0,
23.1505,Airspeed limitations.,"[Doc. No. 4080, 29 FR 17955, Dec. 18, 1964, as amended by Amdt. 23-7, 34 FR 13096, Aug. 13, 1969; Amdt. 23-62, 76 FR 75762, Dec. 2, 2011]",3,23-7; 23-62,0,
23.1507,Operating maneuvering speed.,"[Doc. No. 26269, 58 FR 42165, Aug. 6, 1993]",1,,0,
23.1511,Flap extended speed.,"[Doc. No. 4080, 29 FR 17955, Dec. 18, 1964; 30 FR 258, Jan. 9, 1965, as amended by Amdt. 23-50, 61 FR 5192, Feb. 9, 1996]",3,23-50,1,30 FR 258 (1965-01-09)
23.1513,Minimum control speed.,,0,,0,
23.1519,Weight and center of gravity.,,0,,0,
23.1521,Powerplant limitations.,"[Doc. No. 4080, 29 FR 17955, Dec. 18, 1964; 30 FR 258, Jan. 9, 1965, as amended by Amdt. 23-21, 43 FR 2319, Jan. 16, 1978; Amdt. 23-45, 58 FR 42165, Aug. 6, 1993; Amdt. 23-50, 61 FR 5192, Feb. 9, 1996]",5,23-21; 23-45; 23-50,1,30 FR 258 (1965-01-09)
23.1522,Auxiliary power unit limitations.,"[Doc. No. 26269, 58 FR 42166, Aug. 6, 1993]",1,,0,
23.1523,Minimum flight crew.,"[Amdt. 23-21, 43 FR 2319, Jan. 16, 1978, as amended by Amdt. 23-34, 52 FR 1834, Jan. 15, 1987]",2,23-21; 23-34,0,
23.1524,Maximum passenger seating configuration.,"[Amdt. 23-10, 36 FR 2864, Feb. 11, 1971]",1,23-10,0,
23.1525,Kinds of operation.,"[Doc. No. 26269, 58 FR 42166, Aug. 6, 1993]",1,,0,
23.1527,Maximum operating altitude.,"[Doc. No. 26269, 58 FR 42166, Aug. 6, 1993]",1,,0,
23.1529,Instructions for Continued Airworthiness.,"[Amdt. 23-26, 45 FR 60171, Sept. 11, 1980]",1,23-26,0,
23.1541,General.,"[Doc. No. 4080, 29 FR 17955, Dec. 18, 1964; 30 FR 258, Jan. 9, 1965, as amended by Amdt. 23-21, 43 FR 2319, Jan. 16, 1978]",3,23-21,1,30 FR 258 (1965-01-09)
23.1543,Instrument markings: General.,"[Doc. No. 4080, 29 FR 17955, Dec. 18, 1964; 30 FR 258, Jan. 9, 1965, as amended by Amdt. 23-50, 61 FR 5192, Feb. 9, 1996]",3,23-50,1,30 FR 258 (1965-01-09)
23.1545,Airspeed indicator.,"[Doc. No. 4080, 29 FR 17955, Dec. 18, 1964, as amended by Amdt. 23-3, 30 FR 14240, Nov. 13, 1965; Amdt. 23-7, 34 FR 13097, Aug. 13, 1969; Amdt. 23-23, 43 FR 50593, Oct. 30, 1978; Amdt. 23-50, 61 FR 5193, Feb. 9, 1996; Amdt. 23-62, 76 FR 75762, Dec. 2, 2011]",6,23-3; 23-7; 23-23; 23-50; 23-62,0,
23.1547,Magnetic direction indicator.,"[Doc. No. 4080, 29 FR 17955, Dec. 18, 1964; 30 FR 258, Jan. 9, 1965, as amended by Amdt. 23-20, 42 FR 36969, July 18, 1977]",3,23-20,1,30 FR 258 (1965-01-09)
23.1549,Powerplant and auxiliary power unit instruments.,"[Amdt. 23-12, 41 FR 55466, Dec. 20, 1976, as amended by Amdt. 23-28, 47 FR 13315, Mar. 29, 1982; Amdt. 23-45, 58 FR 42166, Aug. 6, 1993]",3,23-12; 23-28; 23-45,0,
23.1551,Oil quantity indicator.,,0,,0,
23.1553,Fuel quantity indicator.,"[Doc. No. 27807, 61 FR 5193, Feb. 9, 1996]",1,,0,
23.1555,Control markings.,"[Doc. No. 4080, 29 FR 17955, Dec. 18, 1964; 30 FR 258, Jan. 9, 1965, as amended by Amdt. 23-21, 43 FR 2319, Jan. 16, 1978; Amdt. 23-50, 61 FR 5193, Feb. 9, 1996; Amdt. 23-62, 76 FR 75763, Dec. 2, 2011]",5,23-21; 23-50; 23-62,1,30 FR 258 (1965-01-09)
23.1557,Miscellaneous markings and placards.,"[Doc. No. 4080, 29 FR 17955, Dec. 18, 1964, as amended by Amdt. 23-21, 42 FR 15042, Mar. 17, 1977; Amdt. 23-23, 43 FR 50594, Oct. 30, 1978; Amdt. 23-45, 58 FR 42166, Aug. 6, 1993; 73 FR 35063, June 20, 2008]",5,23-21; 23-23; 23-45,1,73 FR 35063 (2008-06-20)
23.1559,Operating limitations placard.,"[Doc. No. 27807, 61 FR 5193, Feb. 9, 1996, as amended by Amdt. 23-62, 76 FR 75763, Dec. 2, 2011]",2,23-62,0,
23.1561,Safety equipment.,,0,,0,
23.1563,Airspeed placards.,"[Amdt. 23-7, 34 FR 13097, Aug. 13, 1969, as amended by Amdt. 23-45, 58 FR 42166, Aug. 6, 1993; Amdt. 23-50, 61 FR 5193, Feb. 9, 1996; Amdt. 23-62, 76 FR 75763, Dec. 2, 2011]",4,23-7; 23-45; 23-50; 23-62,0,
23.1567,Flight maneuver placard.,"[Doc. No. 4080, 29 FR 17955, Dec. 18, 1964; 30 FR 258, Jan. 9, 1965, as amended by Amdt. 23-13, 37 FR 20023, Sept. 23, 1972; Amdt. 23-21, 43 FR 2319, Jan. 16, 1978; Amdt. 23-50, 61 FR 5193, Feb. 9, 1996; Amdt. 23-62, 76 FR 75763, Dec. 2, 2011]",6,23-13; 23-21; 23-50; 23-62,1,30 FR 258 (1965-01-09)
23.1581,General.,"[Amdt. 23-21, 43 FR 2319, Jan. 16, 1978, as amended by Amdt. 23-34, 52 FR 1834, Jan. 15, 1987; Amdt. 23-45, 58 FR 42166, Aug. 6, 1993; Amdt. 23-50, 61 FR 5193, Feb. 9, 1996]",4,23-21; 23-34; 23-45; 23-50,0,
23.1583,Operating limitations.,"[Doc. No. 4080, 29 FR 17955, Dec. 18, 1964, as amended by Amdt. 23-7, 34 FR 13097, Aug. 13, 1969; Amdt. 23-10, 36 FR 2864, Feb. 11, 1971; Amdt. 23-21, 43 FR 2320, Jan. 16, 1978; Amdt. 23-23, 43 FR 50594, Oct. 30, 1978; Amdt. 23-34, 52 FR 1834, Jan. 15, 1987; Amdt. 23-45, 58 FR 42166, Aug. 6, 1993; Amdt. 23-50, 61 FR 5193, Feb. 9, 1996; Amdt. 23-62, 76 FR 75763, Dec. 2, 2011]",9,23-7; 23-10; 23-21; 23-23; 23-34; 23-45; 23-50; 23-62,0,
23.1585,Operating procedures.,"[Doc. No. 27807, 61 FR 5194, Feb. 9, 1996, as amended by Amdt. 23-62, 76 FR 75763, Dec. 2, 2011]",2,23-62,0,
23.1587,Performance information.,"[Doc. No. 27807, 61 FR 5194, Feb. 9, 1996, as amended by Amdt. 23-62, 76 FR 75763, Dec. 2, 2011]",2,23-62,0,
23.1589,Loading information.,"[Doc. No. 4080, 29 FR 17955, Dec. 18, 1964, as amended by Amdt. 23-45, 58 FR 42167, Aug. 6, 1993; Amdt. 23-50, 61 FR 5195, Feb. 9, 1996]",3,23-45; 23-50,0,
Special Federal Aviation Regulation No. 23,（附录）,"[Doc. No. 8070, 34 FR 189, Jan. 7, 1969, as amended by SFAR 23-1, 34 FR 20176, Dec. 24, 1969; 35 FR 1102, Jan. 28, 1970]",3,,1,35 FR 1102 (1970-01-28)
Appendix A to Part 23—Simplified Design Load Criteria,（附录）,"[Doc. No. 4080, 29 FR 17955, Dec. 18, 1964, as amended by Amdt. 23-7, 34 FR 13097, Aug. 13, 1969; 34 FR 14727, Sept. 24, 1969; Amdt. 23-16, 40 FR 2577, Jan. 14, 1975; Amdt. 23-28, 47 FR 13315, Mar. 29, 1982; Amdt. 23-48, 61 FR 5149, Feb. 9, 1996]",6,23-7; 23-16; 23-28; 23-48,1,34 FR 14727 (1969-09-24)
Appendix C to Part 23—Basic Landing Conditions,（附录）,"[Doc. No. 4080, 29 FR 17955, Dec. 18, 1964, as amended by Amdt. 23-7, 34 FR 13099, Aug. 13, 1969]",2,23-7,0,
Appendix D to Part 23—Wheel Spin-Up and Spring-Back Loads,（附录）,"[Doc. No. 4080, 29 FR 17955, Dec. 18, 1964, as amended by Amdt. 23-45, 58 FR 42167, Aug. 6, 1993]",2,23-45,0,
Appendix F to Part 23—Test Procedure,（附录）,"[Amdt. 23-23, 43 FR 50594, Oct. 30, 1978, as amended by Amdt. 23-34, 52 FR 1835, Jan. 15, 1987; 52 FR 34745, Sept. 14, 1987; Amdt. 23-49, 61 FR 5170, Feb. 9, 1996; Amdt. 23-62, 76 FR 75763, Dec. 2, 2011]",5,23-23; 23-34; 23-49; 23-62,1,52 FR 34745 (1987-09-14)
Appendix G to Part 23—Instructions for Continued Airworthiness,（附录）,"[Amdt. 23-26, 45 FR 60171, Sept. 11, 1980, as amended by Amdt. 23-34, 52 FR 1835, Jan. 15, 1987; 52 FR 34745, Sept. 14, 1987; Amdt. 23-37, 54 FR 34329, Aug. 18, 1989]",4,23-26; 23-34; 23-37,1,52 FR 34745 (1987-09-14)
Appendix H to Part 23—Installation of An Automatic Power Reserve (APR) System,（附录）,"[Doc. No. 26344, 58 FR 18979, Apr. 9, 1993]",1,,0,
Appendix I to Part 23—Seaplane Loads,（附录）,"[Amdt. 23-45, 58 FR 42167, Aug. 6, 1993; 58 FR 51970, Oct. 5, 1993]",2,23-45,1,58 FR 51970 (1993-10-05)
Appendix J to Part 23—HIRF Environments and Equipment HIRF Test Levels,（附录）,"[Doc. No. FAA-2006-23657, 72 FR 44025, Aug. 6, 2007]",1,,0,
