更正件FR引证,更正日期,年代,影响条款数,受影响条款,本地原文
30 FR 258 (1965-01-09),1965-01-09,1994前(仅整期PDF),29,"23.1145, 23.1193, 23.1307, 23.1329, 23.1353, 23.1357, 23.1361, 23.1387, 23.1511, 23.1521, 23.1541, 23.1543, 23.1547, 23.1555, 23.1567, 23.29, 23.301, 23.31, 23.331, 23.351, 23.605, 23.613, 23.723, 23.781, 23.783, 23.831, 23.963, 23.973, 23.975",⚠ 未下载
32 FR 13505 (1967-09-27),1967-09-27,1994前(仅整期PDF),1,23.1325,⚠ 未下载
32 FR 13714 (1967-09-30),1967-09-30,1994前(仅整期PDF),1,23.1325,⚠ 未下载
34 FR 17509 (1969-10-30),1969-10-30,1994前(仅整期PDF),1,23.369,⚠ 未下载
35 FR 1102 (1970-01-28),1970-01-28,1994前(仅整期PDF),1,21.621,⚠ 未下载
38 FR 32784 (1973-11-28),1973-11-28,1994前(仅整期PDF),1,23.155,⚠ 未下载
52 FR 7262 (1987-03-09),1987-03-09,1994前(仅整期PDF),2,"23.1201, 23.443",⚠ 未下载
52 FR 34745 (1987-09-14),1987-09-14,1994前(仅整期PDF),6,"/fars/info/part23-F-APPX.shtml, /fars/info/part23-G-APPX.shtml, 23.1199, 23.1323, 23.1351, 23.3",⚠ 未下载
53 FR 34194 (1988-09-02),1988-09-02,1994前(仅整期PDF),2,"23.807, 23.811",⚠ 未下载
55 FR 46888 (1990-11-07),1990-11-07,1994前(仅整期PDF),1,23.1321,⚠ 未下载
55 FR 47028 (1990-11-08),1990-11-08,1994前(仅整期PDF),1,23.1309,⚠ 未下载
56 FR 5455 (1991-02-11),1991-02-11,1994前(仅整期PDF),3,"23.161, 23.423, 23.701",⚠ 未下载
58 FR 27060 (1993-05-06),1993-05-06,1994前(仅整期PDF),5,"23.1091, 23.1191, 23.1305, 23.961, 23.971",⚠ 未下载
58 FR 51970 (1993-10-05),1993-10-05,1994前(仅整期PDF),8,"/fars/info/part23-I-APPX.shtml, 23.525, 23.527, 23.533, 23.535, 23.573, 23.629, 23.775",⚠ 未下载
30 FR 258 (1996-01-09),1996-01-09,1994后(可单篇获取),1,23.1105,⚠ 未下载
71 FR 537 (2006-01-05),2006-01-05,1994后(可单篇获取),1,23.773,⚠ 未下载
73 FR 19746 (2008-04-11),2008-04-11,1994后(可单篇获取),1,23.573,⚠ 未下载
73 FR 35063 (2008-06-20),2008-06-20,1994后(可单篇获取),1,23.1557,⚠ 未下载
74 FR 32799 (2009-07-09),2009-07-09,1994后(可单篇获取),1,23.1457,⚠ 未下载
74 FR 32800 (2009-07-09),2009-07-09,1994后(可单篇获取),1,23.1459,⚠ 未下载
