更正件FR引证,更正日期,影响条款数,受影响条款,本地正文,补抓成本
30 FR 258,1965-01-09,30,"23.1105, 23.1145, 23.1193, 23.1307, 23.1329, 23.1353, 23.1357, 23.1361, 23.1387, 23.1511, 23.1521, 23.1541, 23.1543, 23.1547, 23.1555, 23.1567, 23.29, 23.301, 23.31, 23.331, 23.351, 23.605, 23.613, 23.723, 23.781, 23.783, 23.831, 23.963, 23.973, 23.975",✅ Corrections/Correction_30FR258_1965-01-09_Amdt23-0.clean.txt（本轮从 govinfo FR-1965-01-09 整期 PDF 抽 OCR 文字层）,
58 FR 51970,1993-10-05,8,"23.525, 23.527, 23.533, 23.535, 23.573, 23.629, 23.775, Appendix I to Part 23—Seaplane Loads",✅ Corrections/Correction_58FR51970_1993-10-05_Amdt23-45.clean.txt（32 条更正项，Local PDF 抽出）,
52 FR 34745,1987-09-14,6,"23.1199, 23.1323, 23.1351, 23.3, Appendix F to Part 23—Test Procedure, Appendix G to Part 23—Instructions for Continued Airworthiness",⚠ 未获取,govinfo FR-1987-09-14 整期 PDF ~38MB（有 OCR 文字层，可行）
58 FR 27060,1993-05-06,5,"23.1091, 23.1191, 23.1305, 23.961, 23.971",⚠ 未获取,govinfo FR-1993-05-06 整期 PDF ~316MB（有 OCR 文字层，可行）
56 FR 5455,1991-02-11,3,"23.161, 23.423, 23.701",⚠ 未获取,govinfo FR-1991-02-11 整期 PDF ~50MB（有 OCR 文字层，可行）
52 FR 7262,1987-03-09,2,"23.1201, 23.443",⚠ 未获取,govinfo FR-1987-03-09 整期 PDF ~44MB（有 OCR 文字层，可行）
53 FR 34194,1988-09-02,2,"23.807, 23.811",⚠ 未获取,govinfo FR-1988-09-02 整期 PDF ~70MB（有 OCR 文字层，可行）
38 FR 32784,1973-11-28,1,23.155,⚠ 未获取,govinfo FR-1973-11-28 整期 PDF ~24MB（有 OCR 文字层，可行）
34 FR 17509,1969-10-30,1,23.369,⚠ 未获取,govinfo FR-1969-10-30 整期 PDF ~15MB（有 OCR 文字层，可行）
73 FR 19746,2008-04-11,1,23.573,✅ Corrections/Correction_73FR19746_2008-04-11_E8-7649.clean.txt,
71 FR 537,2006-01-05,1,23.773,✅ Corrections/Correction_71FR537_2006-01-05_06-85.clean.txt,
58 FR 18975,1993-04-09,1,23.1193,⚠ 未获取,govinfo FR-1993-04-09 整期 PDF ~504MB（有 OCR 文字层，可行）
55 FR 46888,1990-11-07,1,23.1321,⚠ 未获取,govinfo FR-1990-11-07 整期 PDF ~168MB（有 OCR 文字层，可行）
32 FR 13505,1967-09-27,1,23.1325,⚠ 未获取,govinfo FR-1967-09-27 整期 PDF ~15MB（有 OCR 文字层，可行）
32 FR 13714,1967-09-30,1,23.1325,⚠ 未获取,govinfo FR-1967-09-30 整期 PDF ~11MB（有 OCR 文字层，可行）
74 FR 32799,2009-07-09,1,23.1457,✅ Corrections/Correction_74FR32799_2009-07-09_E9-16056.clean.txt,
74 FR 32800,2009-07-09,1,23.1459,✅ 与上一条同一份文档 E9-16056（74 FR 32799-32802）,
73 FR 35063,2008-06-20,1,23.1557,✅ Corrections/Correction_73FR35063_2008-06-20_E8-13900.clean.txt,
35 FR 1102,1970-01-28,1,Special Federal Aviation Regulation No. 23,⚠ 未获取,govinfo FR-1970-01-28 整期 PDF ~19MB（有 OCR 文字层，可行）
34 FR 14727,1969-09-24,1,Appendix A to Part 23—Simplified Design Load Criteria,⚠ 未获取,govinfo FR-1969-09-24 整期 PDF ~6MB（有 OCR 文字层，可行）
