类型,编号,签发/公布日期,FR引证,影响条款版本数,DRS原始描述
Final Rule,Docket 10129,1971-07-01,,2,Final Rule.  Docket No. 10129; Issued on 07/01/71.
Final Rule,Docket 10162,1977-06-09,,2,Final Rule.  Docket No. 10162; Issued on 06/09/77.
Final Rule,Docket 10405,1971-02-05,,4,Final Rule.  Docket No. 10405; Issued on 02/05/71.
Final Rule,Docket 11010,1974-09-20,,8,Final Rule.  Docket No. 11010; Issued on 09/20/74.
Final Rule,Docket 11011,1973-11-07,,48,Final Rule.  Docket No. 11011; Issued on 11/07/73. || Final Rule. Docket No. 11011; Issued on 11/07/73.
Final Rule,Docket 11479,1971-10-28,,1,Final Rule.  Docket No. 11479; Issued on 10/28/71.
Final Rule,Docket 1186,1965-06-21,,1,Final Rule.  Docket No. 1186; Issued on 06/21/65.
Final Rule,Docket 14052,1974-12-31,,3,Final Rule.  Docket No. 14052; Issued on 12/31/74.
Final Rule,Docket 14324,1976-12-13,,49,"Final Rule.  Docket No. 14324, 14606, 14625, 14685, 14779; Issued on 10/20/78. || Final Rule.  Docket No. 14324; Issued on 12/13/76."
Final Rule,Docket 14606,1977-03-10,,17,"Final Rule.  Docket No. 14606, 14324; Issued on 03/10/77. || Final Rule. Docket No. 14606, 14324; Issued on 03/10/77."
Final Rule,Docket 14625,1977-07-11,,16,Final Rule.  Docket No. 14625; Issued on 07/11/77. || Final Rule. Docket No. 14625; Issued on 07/11/77.
Final Rule,Docket 14684,1978-01-09,,29,"Final Rule.  Docket No. 14684, 14324; Issued on 01/09/78. || Final Rule. Docket No. 14684, 14324; Issued on 01/09/78."
Final Rule,Docket 14779,1980-08-27,,15,"Final Rule.  Docket No. 14779, 14324; Issued on 01/29/80. || Final Rule.  Docket No. 14779, 14324; Issued on 8/27/80."
Final Rule,Docket 16919,1983-12-16,,14,Final Rule.  Docket No. 16919; Issued on 12/16/83. || Final Rule. Docket No. 16919; Issued on 12/16/83.
Final Rule,Docket 17154,1978-09-28,,1,Final Rule.  Docket No. 17154; Issued on 09/28/78.
Final Rule,Docket 18334,1989-08-07,,1,Final Rule.  Docket No. 18334; Issued on 8/7/89.
Final Rule,Docket 18564,1979-11-21,,1,Final Rule.  Docket No. 18564; Issued on 11/21/79.
Final Rule,Docket 2005,2008-02-19,,2,Final Rule. Docket No. 2005-20245; Issued on 2/19/08
Final Rule,Docket 20052,1980-10-10,,1,Final Rule.  Docket No. 20052; Issued on 10/10/80.
Final Rule,Docket 2006,2007-07-30,,2,Final Rule. Docket No. 2006-23657; Issued on 7/30/07
Final Rule,Docket 2007,2008-10-12,,2,Final Rule. Docket No. 2007-27310; Issued on 10/12/08
Final Rule,Docket 2029,1965-06-24,,2,Final Rule.  Docket No. 2029; Issued on 06/24/65.
Final Rule,Docket 21129,1982-02-26,,6,Final Rule.  Docket No. 21129; Issued on 02/26/82.
Final Rule,Docket 21571,1984-01-31,,1,Final Rule.  Docket No. 21571; Issued on 01/31/84.
Final Rule,Docket 23516,1987-01-08,,64,Final Rule.  Docket No. 23516; Issued on 01/08/87. || Final Rule.  Docket No. 23516; Issued on 04/26/90.
Final Rule,Docket 23746,1993-07-07,,3,Final Rule.  Docket No. 23746; Issued on 07/07/93. || Final Rule. Docket No. 23746; Issued on 07/07/93.
Final Rule,Docket 23815,1985-11-06,,2,Final Rule.  Docket No. 23815; Issued on 11/06/85.
Final Rule,Docket 23826,1984-11-02,,1,Final Rule.  Docket No. 23826; Issued on 11/02/84.
Final Rule,Docket 24191,1986-07-07,,4,Final Rule.  Docket No. 24191; Issued on 07/07/86.
Final Rule,Docket 25086,1989-09-21,,1,Final Rule.  Docket No. 25086; Issued on 09/21/89.
Final Rule,Docket 25147,1988-08-08,,12,Final Rule.  Docket No. 25147; Issued on 08/08/88.
Final Rule,Docket 25530,1988-06-30,,4,Final Rule.  Docket No. 25530; Issued on 06/30/88. || Final Rule. Docket No. 25530; Issued on 06/30/88.
Final Rule,Docket 25613,1990-07-26,,1,Final Rule.  Docket No. 25613; Issued on 07/26/90.
Final Rule,Docket 25811,1990-12-21,,28,Final Rule.  Docket No. 25811; Issued on 12/21/90.
Final Rule,Docket 25812,1990-10-22,,3,Final Rule.  Docket No. 25812; Issued on 10/22/90.
Final Rule,Docket 26269,1993-07-28,,82,Final Rule.  Docket No. 26269: Issued on 07/28/93. || Final Rule.  Docket No. 26269; Issued on 05/11/94. || Final Rule.  Docket No. 26269; Issued on 07/28/93.
Final Rule,Docket 26324,1994-05-11,,9,Final Rule.  Docket No. 26324; Issued on 05/11/94.
Final Rule,Docket 26344,1993-03-29,,83,Final Rule.  Docket No. 26344;  Issued on 03/29/93. || Final Rule.  Docket No. 26344; Issued on 03/29/93.
Final Rule,Docket 27804,1996-01-29,,36,Final Rule.  Docket No. 27804; Issued on 01/29/96.
Final Rule,Docket 27805,1996-01-29,,40,"Final Rule, Technical Amendment. Docket No. 27805; Issued on 4/7/08 || Final Rule.  Docket No. 27805; Issued on 01/29/96."
Final Rule,Docket 27806,1996-01-29,,44,Final Rule.  Docket No. 27806; Issued on 01/29/96.
Final Rule,Docket 27807,1996-01-29,,55,Final Rule.  Docket No. 27807; Issued on 01/29/96.
Final Rule,Docket 28011,1996-03-21,,1,Final Rule.  Docket No. 28011; Issued on 03/21/96.
Final Rule,Docket 28417,1995-12-20,,1,Final Rule.  Docket No. 28417;  Issued on 12/20/95.
Final Rule,Docket 28652,1998-03-20,,2,Final Rule.  Docket No. 28652; Issued on 03/20/98.
Final Rule,Docket 4080,1964-09-28,,288,Final Rule.  Docket No. 4080;  Issued on 09/28/64. || Final Rule.  Docket No. 4080; Issued on 09/28/64.
Final Rule,Docket 7012,1965-11-04,,4,Final Rule.  Docket No. 7012; Issued on 11/04/65.
Final Rule,Docket 7095,1967-04-28,,3,Final Rule.  Docket No. 7095; Issued on 04/28/67.
Final Rule,Docket 7831,1967-05-16,,1,Final Rule.  Docket No. 7831; Issued on 05/16/67.
Final Rule,Docket 8083,1969-08-01,,117,Final Rule  Docket No. 8083; Issued on 08/01/69. || Final Rule.  Docket No. 8083; Issued on 08/01/69. || Final Rule. Docket No. 8083; Issued on 08/01/69.
Final Rule,Docket 8092,1967-04-07,,1,Final Rule.  Docket No. 8092; Issued on 04/07/67.
Final Rule,Docket 8281,1970-04-13,,4,Final Rule.  Docket No. 8281; Issued on 04/13/70.
Final Rule,Docket 9485,1969-12-31,,1,Final Rule.  Docket No. 9485; Issued on 12/31/69.
Final Rule,Docket 9826,1972-09-19,,8,Final Rule.  Docket No. 9826; Issued on 09/19/72.
Final Rule,FAA-2013-0485,,58 FR 42165; 71 FR 537; 81 FR 90169,1,"Doc. No. 26269, 58 FR 42165, Aug. 6, 1993; 71 FR 537, Jan. 5, 2006; Docket FAA-2013-0485, Amdt. 23-63, 81 FR 90169, Dec. 13, 2016"
Final Rule,FR 29 FR 17955,,29 FR 17955; 34 FR 13089; 58 FR 42160; 61 FR 5145,1,"Doc. No. 4080, 29 FR 17955, Dec. 18, 1964, as amended by Amdt. 23-7, 34 FR 13089, Aug. 13, 1969; Amdt. 23-45, 58 FR 42160, Aug. 6, 1993; Amdt. 23-48, 61 FR 5145, Feb. 9, 1996"
Final Rule,FR 34 FR 13089,,29 FR 17955; 34 FR 13089; 58 FR 42160; 61 FR 5145,1,"Doc. No. 4080, 29 FR 17955, Dec. 18, 1964, as amended by Amdt. 23-7, 34 FR 13089, Aug. 13, 1969; Amdt. 23-45, 58 FR 42160, Aug. 6, 1993; Amdt. 23-48, 61 FR 5145, Feb. 9, 1996"
Final Rule,FR 58 FR 42160,,29 FR 17955; 34 FR 13089; 58 FR 42160; 61 FR 5145,1,"Doc. No. 4080, 29 FR 17955, Dec. 18, 1964, as amended by Amdt. 23-7, 34 FR 13089, Aug. 13, 1969; Amdt. 23-45, 58 FR 42160, Aug. 6, 1993; Amdt. 23-48, 61 FR 5145, Feb. 9, 1996"
Final Rule,FR 58 FR 42165,,58 FR 42165; 71 FR 537; 81 FR 90169,1,"Doc. No. 26269, 58 FR 42165, Aug. 6, 1993; 71 FR 537, Jan. 5, 2006; Docket FAA-2013-0485, Amdt. 23-63, 81 FR 90169, Dec. 13, 2016"
Final Rule,FR 61 FR 5145,,29 FR 17955; 34 FR 13089; 58 FR 42160; 61 FR 5145,1,"Doc. No. 4080, 29 FR 17955, Dec. 18, 1964, as amended by Amdt. 23-7, 34 FR 13089, Aug. 13, 1969; Amdt. 23-45, 58 FR 42160, Aug. 6, 1993; Amdt. 23-48, 61 FR 5145, Feb. 9, 1996"
Final Rule,FR 71 FR 537,,58 FR 42165; 71 FR 537; 81 FR 90169,1,"Doc. No. 26269, 58 FR 42165, Aug. 6, 1993; 71 FR 537, Jan. 5, 2006; Docket FAA-2013-0485, Amdt. 23-63, 81 FR 90169, Dec. 13, 2016"
Final Rule,FR 81 FR 90169,,58 FR 42165; 71 FR 537; 81 FR 90169,1,"Doc. No. 26269, 58 FR 42165, Aug. 6, 1993; 71 FR 537, Jan. 5, 2006; Docket FAA-2013-0485, Amdt. 23-63, 81 FR 90169, Dec. 13, 2016"
NPRM,Notice 10-05,,,1,Notice of Proposed Rulemaking.  Notice No. 10-05; Published on 4/2/2010.
NPRM,Notice 63-41,1963-10-21,,2,Notice of Proposed Rulemaking.  Notice No. 63-41; Issued on 10/21/63.
NPRM,Notice 64-14,1964-03-03,,1,Notice of Proposed Rulemaking.  Notice No. 64-14; Issued on 03/03/64.
NPRM,Notice 64-17,1964-03-25,,288,Notice of Proposed Rulemaking.  Notice No. 64-17;  Issued on 03/25/64. || Notice of Proposed Rulemaking.  Notice No. 64-17; Issued on 03/25/64.
NPRM,Notice 65-43,1965-12-28,,3,Notice of Proposed Rulemaking.  Notice No. 65-43; Issued on 12/28/65.
NPRM,Notice 66-44,1966-12-22,,1,Notice of Proposed Rulemaking.  Notice No. 66-44; Issued on 12/22/66.
NPRM,Notice 67-14,1967-04-05,,117,Notice of Proposed Rulemaking.   Notice No. 67-14; Issued on 04/05/67. || Notice of Proposed Rulemaking.  Notice No. 67-14; Issued on 04/05/67. || Notice of Proposed Rulemaking. Notice No. 67-14; Issued on 04/05/67.
NPRM,Notice 67-30,1967-07-11,,4,Notice of Proposed Rulemaking.  Notice No. 67-30; Issued on 07/11/67.
NPRM,Notice 69-10,1969-03-14,,1,Notice of Proposed Rulemaking.  Notice No. 69-10; Issued on 03/14/69.
NPRM,Notice 70-21,1970-05-28,,2,Notice of Proposed Rulemaking.  Notice No. 70-21; Issued on 05/28/70.
NPRM,Notice 70-25,1970-06-30,,4,Notice of Proposed Rulemaking.  Notice No. 70-25; Issued on 06/30/70.
NPRM,Notice 70-47,1970-11-18,,8,Notice of Proposed Rulemaking.  Notice No. 70-47; Issued on 11/18/70.
NPRM,Notice 71-12,1971-04-26,,8,Notice of Proposed Rulemaking.  Notice No. 71-12; Issued on 04/26/71.
NPRM,Notice 71-13,1971-04-27,,47,Notice of Proposed Rulemaking.  Notice No. 71-13; Issued on 04/27/71.
NPRM,Notice 73-1,1973-01-18,,2,Notice of Proposed Rulemaking.  Notice No. 73-1; Issued on 01/18/73.
NPRM,Notice 74-33,1974-10-03,,49,Notice of Clarifying Revisions; Notice No. 74-33; Issued on 10/3/74. || Notice of Invitation to Submit Proposals; Notice No. 74-5; Issued on 2/14/74.\t\nNotice of Compilation of Proposals; Notice No. 74-5A; Issued on 5/22/74.\nNotice of Availability of || Noti
NPRM,Notice 74-5,1974-02-14,,46,Notice of Invitation to Submit Proposals; Notice No. 74-5; Issued on 2/14/74. || Notice of Invitation to Submit Proposals; Notice No. 74-5; Issued on 2/14/74.\t\nNotice of Compilation of Proposals; Notice No. 74-5A; Issued on 5/22/74.\nNotice of Availability o
NPRM,Notice 74-5A,1974-05-22,,46,Notice of Compilation of Proposals; Notice No. 74-5A; Issued on 5/22/74. || Notice of Invitation to Submit Proposals; Notice No. 74-5; Issued on 2/14/74.\t\nNotice of Compilation of Proposals; Notice No. 74-5A; Issued on 5/22/74.\nNotice of Availability of
NPRM,Notice 74-5B,1974-10-03,,46,Notice of Availability of Agenda; Notice No. 74-5B; Issued on 10/3/74. || Notice of Invitation to Submit Proposals; Notice No. 74-5; Issued on 2/14/74.\t\nNotice of Compilation of Proposals; Notice No. 74-5A; Issued on 5/22/74.\nNotice of Availability of
NPRM,Notice 74-5C,1974-11-25,,46,Notice of Conference; Notice No. 74-5C; Issued on 11/25/74. || Notice of Invitation to Submit Proposals; Notice No. 74-5; Issued on 2/14/74.\t\nNotice of Compilation of Proposals; Notice No. 74-5A; Issued on 5/22/74.\nNotice of Availability of
NPRM,Notice 74-5D,1975-02-04,,46,Notice of Availability of Conference Summary; Notice No. 74-5D; Issued on 2/4/75. || Notice of Invitation to Submit Proposals; Notice No. 74-5; Issued on 2/14/74.\t\nNotice of Compilation of Proposals; Notice No. 74-5A; Issued on 5/22/74.\nNotice of Availabili
NPRM,Notice 75-10,1975-02-27,,126,Notice of Airworthiness Review No. 2; Notice No. 75-10; Issued on 02/27/75. || Notice of Airworthiness Review Program No. 2; Notice No. 75-10; Issued on 02/27/75. || Notice of Airworthiness Review Program No. 2; Notice No. 75-10; Issued on 02/27/75.\n\tNotice 
NPRM,Notice 75-19,1975-05-13,,80,Notice of Airworthiness Review Program No. 2; Notice No. 75-10; Issued on 02/27/75.\n\tNotice of Airworthiness Review Program No. 3; Notice No. 75-19; Issued on 05/13/75.\n\tNotice || Notice of Airworthiness Review Program No. 3; Notice No. 75-19; Issued on 05
NPRM,Notice 75-20,1975-05-13,,32,Notice of Airworthiness Review Program No. 4; Notice No. 75-20; Issued on 5/13/75. || Notice of Invitation to Submit Proposals; Notice No. 74-5; Issued on 2/14/74.\t\nNotice of Compilation of Proposals; Notice No. 74-5A; Issued on 5/22/74.\nNotice of Availabil
NPRM,Notice 75-23,1975-05-19,,65,Notice of Airworthiness Review No. 5; Notice No. 75-23; Issued on 05/19/75. || Notice of Airworthiness Review Program No. 2; Notice No. 75-10; Issued on 02/27/75.\n\tNotice of Airworthiness Review Program No. 3; Notice No. 75-19; Issued on 05/13/75.\n\tNotice 
NPRM,Notice 75-25,1975-05-29,,61,Notice of Airworthiness Review Program No. 2; Notice No. 75-10; Issued on 02/27/75.\n\tNotice of Airworthiness Review Program No. 6; Notice No. 75-25; Issued on 05/29/75. || Notice of Airworthiness Review Program No. 6; Notice No. 75-25; Issued on 05/29/75 || 
NPRM,Notice 75-26,1975-06-09,,63,Notice of Airworthiness Review Program No. 2; Notice No. 75-10; Issued on 02/27/75.\n\tNotice of Airworthiness Review Program No. 3; Notice No. 75-19; Issued on 05/13/75.\n\tNotice || Notice of Airworthiness Review Program No. 7; Notice No. 75-26; Issued on 06
NPRM,Notice 75-31,1975-06-30,,64,Notice of Airworthiness Review Program No. 2; Notice No. 75-10; Issued on 02/27/75.\n\tNotice of Airworthiness Review Program No. 3; Notice No. 75-19; Issued on 05/13/75.\n\tNotice || Notice of Airworthiness Review Program No. 8; Notice No. 75-31; Issued on 06
NPRM,Notice 77-20,1977-08-24,,1,Notice of Proposed Rulemaking.  Notice No. 77-20; Issued on 08/24/77.
NPRM,Notice 78-16,1978-11-29,,1,Notice of Proposed Rulemaking.  Notice No. 78-16; Issued on 11/29/78.
NPRM,Notice 79-2,1979-01-11,,1,Advance notice of proposed rulemaking; Notice No. 79-2;  Issued on 1/11/79.
NPRM,Notice 79-2A,1981-07-27,,1,Notice of proposed rulemaking (NPRM); Notice No. 79-2A;  Issued on 7/27/81.
NPRM,Notice 79-2B,1981-12-07,,1,Notice of extension of comment period; Notice No. 79-2B; Issued on 12/7/81.
NPRM,Notice 79-2C,1984-12-13,,1,Notice of proposed rulemaking (NPRM); Notice No. 79-2C; Issued on 12/13/84.
NPRM,Notice 80-21,1980-11-10,,14,Notice of Proposed Rulemaking.  Notice No. 80-21; Issued on 11/10/80. || Notice of Proposed Rulemaking. Notice No. 80-21; Issued on 11/10/80.
NPRM,Notice 80-23,1980-11-28,,6,Notice of Proposed Rulemaking.  Notice No. 80-23; Issued on 11/28/80. || Notice of Proposed Rulemaking. Notice No. 80-23; Issued on 11/28/80.
NPRM,Notice 80-3,1980-02-21,,1,Notice of Proposed Rulemaking.  Notice No. 80-3; Issued on 02/21/80.
NPRM,Notice 82-16,1982-09-30,,1,Notice of Proposed Rulemaking.  Notice No. 82-16; Issued on 09/30/82.
NPRM,Notice 83-17,1983-09-23,,64,Notice of Proposed Rulemaking.  Notice No. 83-17; Issued on 09/23/83. || Notice of Proposed Rulemaking. Notice No. 83-17; Issued on 09/23/83.
NPRM,Notice 84-12,1984-05-11,,4,Notice of Proposed Rulemaking.  Notice No. 84-12; Issued on 05/11/84.
NPRM,Notice 84-2,1983-11-18,,1,Notice of Proposed Rulemaking.  Notice No. 84-2; Issued on 11/18/83.
NPRM,Notice 85-11,1985-04-28,,2,Notice of Proposed Rulemaking.  Notice No. 85-11; Issued on 04/28/85.
NPRM,Notice 86-14,1986-09-11,,1,Notice of Proposed Rulemaking.  Notice No. 86-14; Issued on 09/11/86.
NPRM,Notice 86-19,1986-11-28,,12,Notice of Proposed Rulemaking.  Notice No. 86-19; Issued on 11/28/86.
NPRM,Notice 88-1,1988-02-09,,4,Notice of Proposed Rulemaking.  Notice No. 88-1; Issued on 02/09/88.
NPRM,Notice 88-9,1988-05-16,,2,Notice of Proposed Rulemaking.  Notice No. 88-9; Issued on 05/16/88.
NPRM,Notice 89-5,1989-02-23,,28,Notice of Proposed Rulemaking.   Notice No. 89-5; Issued on 02/23/89. || Notice of Proposed Rulemaking.  Notice No. 89-5; Issued on 02/23/89.
NPRM,Notice 89-6,1989-02-23,,3,Notice of Proposed Rulemaking.  Notice No. 89-6; Issued on 02/23/89.
NPRM,Notice 90-18,1990-06-15,,82,Notice of Proposed Rulemaking.  Notice No. 90-18; Issued on 06/15/90.
NPRM,Notice 90-20,1990-08-23,,9,Notice of Proposed Rulemaking.  Notice No. 90-20; Issued on 08/23/90.
NPRM,Notice 90-23,1990-09-17,,83,Notice of Proposed Rulemaking.  Notice No. 90-23;  Issued on 09/17/90. || Notice of Proposed Rulemaking.  Notice No. 90-23;  Issued on 09/17/90.. || Notice of Proposed Rulemaking.  Notice No. 90-23; Issued on 09/17/90.
NPRM,Notice 91-12,1990-04-02,,3,Notice of Proposed Rulemaking.  Notice No. 91-12; Issued on 04/02/90.
NPRM,Notice 94-19,1994-06-22,,36,Notice of Proposed Rulemaking.  Notice No. 94-19; Issued on 06/22/94.
NPRM,Notice 94-20,1994-07-05,,40,Notice of Proposed Rulemaking.  Notice No. 94-20; Issued on 07/05/94.
NPRM,Notice 94-21,1994-07-14,,44,Notice of Proposed Rulemaking.  Notice No. 94-21; Issued on 07/14/94.
NPRM,Notice 94-22,1994-07-19,,55,Notice of Proposed Rulemaking.  Notice No. 94-22; Issued on 07/19/94 || Notice of Proposed Rulemaking.  Notice No. 94-22; Issued on 07/19/94.
NPRM,Notice 94-37,1994-12-21,,1,Notice of Proposed Rulemaking.  Notice No. 94-37; Issued on 12/21/94.
NPRM,Notice 96-12,1996-08-02,,2,Notice of Proposed Rulemaking.  Notice No. 96-12; Issued on 08/02/96.
NPRM,Notice 98-19,1999-11-09,,1,Notice of Proposed Rulemaking.  Notice No. 98-19; Issued on 11/9/99
