,FinalRule状态,FinalRule案号,更正件状态,更正件案号,NPRM状态,NPRM案号
23-1,已下载,Docket 1186,无,,已下载,Notice 64-14
23-2,已下载,Docket 2029,无,,已下载,Notice 63-41
23-3,已下载,Docket 7012,无,,DRS无记录,
23-4,已下载,Docket 8092,无,,DRS无记录,
23-5,已下载,Docket 7095,无,,已下载,Notice 65-43
23-6,已下载,Docket 7831,无,,已下载,Notice 66-44
23-7,已下载,Docket 8083,无,,已下载,Notice 67-14
23-8,已下载,Docket 9485,无,,已下载,Notice 69-10
23-9,已下载,Docket 8281,无,,已下载,Notice 67-30
23-10,已下载,Docket 10405,无,,已下载,Notice 70-25
23-11,已下载,Docket 10129,无,,已下载,Notice 70-21
23-12,已下载,Docket 11479,无,,DRS无记录,
23-13,已下载,Docket 9826,无,,已下载,Notice 70-47
23-14,已下载,Docket 11011,无,,已下载,Notice 71-13
23-15,已下载,Docket 11010,无,,已下载,Notice 71-12
23-16,已下载,Docket 14052,无,,已下载,Notice 74-33
23-17,已下载,Docket 14324,无,,已下载,Notice 74-33; Notice 74-5; Notice 74-5A; Notice 74-5B; Notice 74-5C; Notice 74-5D; Notice 75-10; Notice 75-19; Notice 75-20; Notice 75-23; Notice 75-25; Notice 75-26; Notice 75-31
23-18,已下载,"Docket 14606, 14324",无,,已下载,Notice 75-10; Notice 75-19
23-19,已下载,Docket 10162,无,,已下载,Notice 73-1
23-20,已下载,Docket 14625,无,,已下载,Notice 75-10; Notice 75-23
23-21,已下载,"Docket 14684, 14324",无,,已下载,Notice 75-10; Notice 75-25
23-22,已下载,Docket 17154,无,,已下载,Notice 77-20
23-23,已下载,"Docket 14324, 14606, 14625, 14685, 14779",无,,已下载,Notice 75-10; Notice 75-19; Notice 75-23; Notice 75-26; Notice 75-31
23-24,已下载,Docket 18564,无,,已下载,Notice 78-16
23-25,已下载,"Docket 14779, 14324",无,,已下载,Notice 75-10; Notice 75-31
23-26,已下载,"Docket 14779, 14324",无,,已下载,Notice 74-33; Notice 74-5; Notice 74-5A; Notice 74-5B; Notice 74-5C; Notice 74-5D; Notice 75-10; Notice 75-19; Notice 75-26; Notice 75-31
23-27,已下载,Docket 20052,无,,已下载,Notice 80-3
23-28,已下载,Docket 21129,无,,已下载,Notice 80-23
23-29,已下载,Docket 16919,无,,已下载,Notice 80-21
23-30,已下载,Docket 21571,无,,已下载,Notice 82-16
23-31,已下载,Docket 23826,无,,已下载,Notice 84-2
23-32,已下载,Docket 23815,无,,已下载,Notice 85-11
23-33,已下载,Docket 24191,无,,已下载,Notice 84-12
23-34,已下载,Docket 23516,无,,已下载,Notice 83-17
23-35,已下载,Docket 25530,无,,已下载,Notice 88-1
23-36,已下载,Docket 25147,无,,已下载,Notice 86-19
23-37,已下载,Docket 18334,无,,已下载,Notice 79-2; Notice 79-2A; Notice 79-2B; Notice 79-2C
23-38,已下载,Docket 25086,无,,已下载,Notice 86-14
23-39,已下载,Docket 23516,无,,DRS无记录,
23-40,已下载,Docket 25613,无,,未下载,Notice 88-9
23-41,已下载,Docket 25812,无,,已下载,Notice 89-6
23-42,已下载,Docket 25811,无,,已下载,Notice 89-5
23-43,已下载,Docket 26344,无,,已下载,Notice 90-23
23-44,已下载,Docket 23746,无,,已下载,Notice 91-12
23-45,已下载,Docket 26269,无,,已下载,Notice 90-18
23-45C,已下载,Docket 26269,无,,已下载,Notice 90-18
23-46,已下载,Docket 26324,无,,已下载,Notice 90-20
23-47,已下载,Docket 28417,无,,DRS无记录,
23-48,已下载,Docket 27805; FR 29 FR 17955,无,,已下载,Notice 94-20
23-49,已下载,Docket 27806,无,,已下载,Notice 94-21
23-50,已下载,Docket 27807,无,,已下载,Notice 94-22
23-51,已下载,Docket 27804,无,,已下载,Notice 94-19
23-52,已下载,Docket 28011,无,,已下载,Notice 94-37
23-53,已下载,Docket 28652,无,,已下载,Notice 96-12
23-54,已下载,Docket FAA-1998-4815,已下载,Docket FAA-1998-4815,已下载,Notice 98-19
23-55,已下载,Docket FAA-2002-11670,无,,DRS无记录,
23-57,已下载,Docket 2006,无,,DRS无记录,
23-58,已下载,Docket 2005; Docket 25530,已下载,Docket FAA-2005-20245,已下载,Notice 88-1
23-59,已下载,Docket 2007; Docket 26344; Docket 27804,无,,已下载,Notice 90-23; Notice 94-19
23-61,已下载(按修订号匹配),,无,,已下载,Notice 10-05
23-62,已下载(按修订号匹配),,无,,DRS无记录,
23-63,已下载,Docket FAA-2013-0485,无,,DRS无记录,