FR引证,出版日,文档号,性质,action,标题,Docket,起页,止页,溯源注是否引证,溯源注影响条款,正文提及条款,本地文件
60 FR 33332,1995-06-28,95-15889,special-conditions,,Special Conditions; Twin Commander Model 695 Airplane,"Docket No. 125CE, Special Condition 23-ACE-81",33332,33333,否,,,
60 FR 34104,1995-06-30,95-16163,special-conditions,Final special conditions.,Special Conditions; SIAI Marchetti Model S211A Airplane,"Docket No. 123CE, Special Condition 23-ACE-80",34104,34107,否,,,
60 FR 54297,1995-10-23,95-26216,special-conditions,Final special conditions; request for comments.,"Special Conditions; Beech Models A36, A36TC and B36ATC Airplanes","Docket No. 126CE, Special Condition 23-ACE-82",54297,54299,否,,,
60 FR 57922,1995-11-24,95-28737,special-conditions,Final special conditions; request for comments.,Special Conditions; Beech Model 58 Airplanes,"Docket No. 128CE, Special Condition 23-ACE-83",57922,57924,否,,,
60 FR 62730,1995-12-07,95-29869,special-conditions,Final special conditions; request for comments.,"Special Conditions; Beech Models 200, 200C, 200CT, 200T, B200, B200C, B200CT, B200T, 300, 300LW, B300, and B300C Airplanes","Docket No. 129CE, Special Condition 23-ACE-84",62730,62732,否,,,
60 FR 67254,1995-12-28,95-31291,final-rule,Final rule; request for comments.,Revision of Authority Citations,"Docket No. 28417; Amendment Nos.: 1-41, 11-39, 13-25, 14-2, 15-3, 21- 72, 23-47, 25-85, 27-31, 29-37, 31-6, 33-16, 34-2, 35-7, 36-21, 39- 9473, 43-35, 45-22, 47-25, 49-10, 61-98, 63-30, 65-39, 67-16, 71-27, 73-7, 77-12, 91-246, 93-72, 95-394, 97-1703, 99-17, 101-7, 103-5, ",67254,67257,否,,,
61 FR 1,1996-01-02,95-31573,special-conditions,Final special conditions; request for comments.,Special Conditions; Fairchild Aircraft Incorporated Model SA227- CC and SA227-DC (C-26B) Airplanes,"Docket No. 130CE, Special Condition 23-CE-85",1,3,否,,,
61 FR 252,1996-01-04,96-135,correction,Correction; final rule with request for comments.,Small Airplane Airworthiness Review Program Amendment No. 3; Correction,Docket No. 26344; Amendment No. 23-43,252,254,否,,23.965,Corrections/Correction_61FR252_1996-01-04_96-135.txt
61 FR 5138,1996-02-09,96-2081,final-rule,Final rule.,Airworthiness Standards; Airframe Rules Based on European Joint Aviation Requirements,Docket No. 27805; Amendment No. 23-48,5138,5151,否,,,
61 FR 5171,1996-02-09,96-2082,final-rule,Final rule.,Airworthiness Standards; Flight Rules Based on European Joint Aviation Requirements,"Docket No. 27807; Amendment Nos. 1-43, 23-50",5171,5195,否,,,
61 FR 5151,1996-02-09,96-2083,final-rule,Final rule.,Airworthiness Standards; Systems and Equipment Rules Based on European Joint Aviation Requirements,"Docket No. 27806; Amendment No. 23-49, 91-247",5151,5171,否,,,
61 FR 5130,1996-02-09,96-2084,final-rule,Final rule.,Airworthiness Standards; Powerplant Rules Based on European Joint Aviation Requirements,Docket No. 27804; Amendment No. 23-51,5130,5138,否,,,
61 FR 7409,1996-02-28,96-4559,correction,"Final rule, correction.",Airworthiness Standards; Systems and Equipment Rules Based on European Joint Aviation Requirements,"Docket No. 27806, Amendment No. 91-248",7409,7410,否,,,Corrections/Correction_61FR7409_1996-02-28_96-4559.txt
61 FR 10269,1996-03-13,96-6020,correction,"Final rule, correction.",Airworthiness Standards; Systems and Equipment Rules Based on European Joint Aviation Requirements,"Docket No. 27806, Amendment No. 91-248",10269,10270,否,,,Corrections/Correction_61FR10269_1996-03-13_96-6020.txt
61 FR 13642,1996-03-27,96-7429,final-rule,Final rule.,Powerplant Instruments; Fuel Pressure Indication,Docket No. 28011; Amendment No. 23-52,13642,13644,否,,,
61 FR 18939,1996-04-30,96-10673,special-conditions,Final special conditions; request for comments.,Special Conditions; Cessna Model 425 Airplanes,"Docket No. 131CE, Special Condition 23-ACE-86",18939,18941,否,,,
62 FR 7922,1997-02-21,97-4354,special-conditions,Final special conditions; request for comments.,Special Conditions; Beechcraft Model E90 Airplane,"Docket No. 139CE, Special Condition 23-ACE-90",7922,7924,否,,,
62 FR 53733,1997-10-16,97-27504,special-conditions,Final special conditions.,Special Conditions; Ballistic Recovery Systems Cirrus SR-20 Installation,"Docket No. 136CE, Special Condition 23-ACE-88",53733,53737,否,,,
62 FR 58875,1997-10-31,97-28937,special-conditions,Final special conditions.,Special Conditions; Sino Swearingen Model SJ30-2 Airplane,"Docket No. 135CE, Special Conditions 23-ACE-87",58875,58890,否,,,
62 FR 61906,1997-11-20,97-30495,special-conditions,Final special conditions; request for comments.,Special Conditions; Cessna Model 525 Citation Jet Airplane,"Docket No. 141CE, Special Condition 23-ACE-92",61906,61908,否,,,
63 FR 4563,1998-01-30,98-2399,special-conditions,Final special conditions.,"Special Conditions: EXTRA Flugzeugbau GmbH, Model EA-400; Heat Capability of the Engine Mount and the Fuselage Connection Joint",Docket No. 143CE; Special Conditions No. SC-23-ACE-93,4563,4564,否,,,
63 FR 14794,1998-03-26,98-7902,final-rule,Final rule.,Airworthiness Standards; Rain and Hail Ingestion Standards,"Docket No. 28652; Amendment Nos. 23-53, 25-95, and 33-19",14794,14801,否,,,
63 FR 40638,1998-07-30,98-20345,special-conditions,Final special conditions; request for comments.,"Special Conditions; Raytheon Aircraft Company, Beech Model 3000 Airplane: Protection of Systems From High Intensity Radiated Fields (HIRF)","Docket No. CE146, Special Condition 23-98-02-SC",40638,40640,否,,,
63 FR 53278,1998-10-05,98-26603,correction,Final rule; correction.,Airworthiness Standards; Rain and Hail Ingestion Standards; Correction,"Docket No. 28652; Amendment Nos. 23-53, 25-95, and 33-19",53278,53279,否,,,Corrections/Correction_63FR53278_1998-10-05_98-26603.txt
63 FR 55012,1998-10-14,98-27533,special-conditions,Final special conditions; request for comments.,Special Conditions; Raytheon Aircraft Company Model 300 Airplane; Protection of Systems for High Intensity Radiated Fields (HIRF),"Docket No. CE148, Special Condition 23-98-04-SC",55012,55015,否,,,
63 FR 62930,1998-11-10,98-30091,special-conditions,Final special conditions.,"Special Conditions: Raytheon Aircraft Company, Model 3000, Airplane Design","Docket No. CE147, Special Conditions No. 23-094-SC",62930,62931,否,,,
63 FR 71369,1998-12-28,98-34162,special-conditions,Final special conditions; request for comments.,"Special Conditions; Raytheon Aircraft Company, Raytheon Model 390 Airplane: Protection of Systems From High Intensity Radiated Fields (HIRF)","Docket No. CE150, Special Condition 23-094-SC",71369,71371,否,,,
64 FR 6510,1999-02-10,99-3290,special-conditions,Final special conditions; request for comments.,Special Conditions; Jetcruzer Model 500 Airplane,"Docket No. CE151, Special Condition 23-095-SC",6510,6512,否,,,
64 FR 39899,1999-07-23,99-18819,special-conditions,Final special conditions.,Special Conditions: Raytheon Model 390 Airplane,Docket No. CE145; Special Conditions No. 23-096-SC,39899,39912,否,,,
64 FR 49365,1999-09-13,99-23720,special-conditions,Final special conditions; request for comments.,Special Conditions; Meridian PA-46-400TP,"Docket No. CE153, Special Condition 23-096-SC",49365,49367,否,,,
64 FR 49367,1999-09-13,99-23721,special-conditions,Final special conditions.,Special Conditions: Soloy Corporation Model Pathfinder 21 Airplane; Airframe.,Docket No. CE149; Special Condition 23-097-SC,49367,49373,否,,,
64 FR 66719,1999-11-30,99-31040,special-conditions,Final special conditions; request for comments.,Special Conditions; Piper Cheyenne PA-31T2; Protection of Systems for High Intensity Radiated Fields (HIRF),"Docket No. CE156, Special Condition 23-100-SC",66719,66721,否,,,
64 FR 66721,1999-11-30,99-31041,special-conditions,Amended final special conditions; request for comments.,Special Conditions: Raytheon Model 390 Airplane,Docket No. CE145; Special Conditions No. 23-096A-SC,66721,66723,否,,,
65 FR 1758,2000-01-12,00-690,special-conditions,Final special conditions; request for comments.,Special Conditions; Ayres Corporation Model LM-200 Loadmaster; Protection of Systems for High Intensity Radiated Fields (HIRF),"Docket No. CE158, Special Condition 23-101-SC",1758,1760,否,,,
65 FR 7283,2000-02-14,00-3301,special-conditions,Final special conditions.,"Special Conditions: Cessna Aircraft Company, Model 525A, High Altitude Operation",Docket No. CE154; Special Conditions No. 23-102-SC,7283,7287,否,,,
65 FR 37006,2000-06-13,00-14860,special-conditions,Final special conditions.,Special Conditions: Cessna Models; Diamond Model; Mooney Models; Piper Models; Raytheon Models; Airplanes Modified by Installation of Teledyne Continental Motors Full Authority Digital Engine Control (FADEC) System,Docket No. CE159; Special Conditions No. 23-103-SC,37006,37008,否,,,
65 FR 55848,2000-09-14,00-23175,final-rule,Final rule.,Airworthiness Standards; Bird Ingestion,"Docket No. FAA-1998-4815; Amendment No. 23-54, 25-100 and 33-20",55848,55856,否,,,
65 FR 56779,2000-09-20,00-24141,special-conditions,Final special conditions.,Special Conditions: Installation of Full Authority Digital Engine Control (FADEC) System on Morrow Aircraft Corporation Model MB-300 Airplane,Docket No. CE161; Special Conditions No. 23-104-SC,56779,56780,否,,,
65 FR 81727,2000-12-27,00-32882,special-conditions,Final special conditions.,"Special Conditions: Sino Swearingen, Model SJ30-2; Side-Facing Seat.",Docket No. CE163; Special Conditions No. 23-105-SC,81727,81729,否,,,
66 FR 18186,2001-04-06,01-8513,special-conditions,Final special conditions.,"Special Conditions: Ayres Corporation, Model LM 200, “Loadmaster” Cargo and Baggage Compartment Fire Protection",Docket No. CE164; Special Conditions No. 23-106-SC,18186,18187,否,,,
66 FR 30649,2001-06-07,01-14233,special-conditions,Final special conditions; request for comments.,Special Conditions; Diamond DA 40; Protection of Systems for High Intensity Radiated Fields (HIRF),"Docket No. CE167, Special Condition 23-107-SC",30649,30651,否,,,
66 FR 37128,2001-07-17,01-17860,special-conditions,Final special conditions; request for comments.,Special Conditions; Raytheon C90A; Protection of Systems for High Intensity Radiated Fields (HIRF),"Docket No. CE168, Special Condition 23-108-SC",37128,37130,否,,,
66 FR 40580,2001-08-03,01-19365,special-conditions,Final special conditions.,"Special Conditions: Ayres Corporation; Model LM 200, “Loadmaster”; Flight",Docket No. CE165; Special Conditions No. 23-109-SC,40580,40581,否,,,
66 FR 50809,2001-10-05,01-25084,special-conditions,Final special conditions.,"Special Conditions: Ayres Corporation Model LM 200, “Loadmaster” Propulsion",Docket No. CE162; Special Conditions No. 23-110-SC,50809,50819,否,,,
66 FR 50819,2001-10-05,01-25086,special-conditions,Final special conditions; request for comments.,"Special Conditions; Byerly Aviation; Twin Commander Models 690, 690A, 690B, 690C, 690D, 695, 695A, and 695B; Protection of Systems for High Intensity Radiated Fields (HIRF)","Docket No. CE170, Special Condition 23-109-SC",50819,50821,否,,,
67 FR 5196,2002-02-05,02-2719,special-conditions,"Final special conditions, request for comments.","Special Conditions: GROB-WERKE, Burkhurt Grob e.k., Unternehmensbereich Luft-und Raumfahrt, Model G120A Airplane, Protection of Systems for High Intensity Radiated Fields (HIRF)",Docket No. CE172; Special Conditions No. 23-110-SC,5196,5198,否,,,
67 FR 9552,2002-03-01,02-4846,technical-amendment,Final rule; technical amendment.,Removal of Expired Special Federal Aviation Regulations,"Docket No. FAA-2002-11670; Amdt. Nos. 11-47, 21-80, 23-55, 36-23, 63-31, 65-43, 73-9, 91-273, 119-5, 121-290, 125-38, 129-32, 135-84",9552,9554,否,,,Corrections/TechAmend_67FR9552_2002-03-01_02-4846.txt
67 FR 11031,2002-03-12,02-5810,special-conditions,"Final special conditions, request for comments.","Special Conditions: Extra Flugzeugbau GmbH, Model EA-400 Airplane, Protection of Systems for High Intensity Radiated Fields (HIRF)",Docket No. CE176; Special Condition Number 23-111-SC,11031,11033,否,,,
67 FR 11218,2002-03-13,02-5808,special-conditions,Final special conditions; request for comments.,"Special Conditions; Eclipse Aviation Corporation, Model 500 Airplane; Protection of Systems From High Intensity Radiated Fields (HIRF)","Docket No. CE177, Special Conditions 23-112-SC",11218,11220,否,,,
67 FR 18807,2002-04-17,02-9115,special-conditions,Final special conditions; request for comments.,Special Conditions; Raytheon Aircraft Models 200 and 300; Protection of Systems for High Intensity Radiated Fields (HIRF),"Docket No. CE181, Special Condition 23-115-SC",18807,18810,否,,,
67 FR 20885,2002-04-29,02-9942,special-conditions,Final special conditions; request for comments.,"Special Conditions; Raytheon (Beechcraft) V35, V35A (to S/N 8872), S35, 35-C33A, E33A, and E33C (up to S/N CE-249 and CJ-14), Protection for High Intensity Radiated Fields (HIRF)","Docket No. CE182, Special Condition 23-116-SC",20885,20887,否,,,
67 FR 21975,2002-05-02,02-10936,special-conditions,Final special conditions; request for comments; correction.,"Special Conditions; Eclipse Aviation Corporation, Model 500 Airplane; Protection of Systems From High Intensity Radiated Fields (HIRF): Correction","Docket No. CE177A, Special Condition 23-112A-SC",21975,21975,否,,,
67 FR 36502,2002-05-24,02-13131,special-conditions,Final special conditions; request for comments.,Special Conditions; Avidyne Corporation on the Cirrus Design Corporation Model SR20/SR22; Protection of Systems for High Intensity Radiated Fields (HIRF),Docket No. CE184; Special Condition 23-118-SC,36502,36504,否,,,
67 FR 36505,2002-05-24,02-13133,special-conditions,Final special conditions; request for comments.,Special Conditions; S-TEC Corporation Mirage PA-46-350P With Single Sided EFIS Protection of Systems for High Intensity Radiated Fields (HIRF),"Docket No. CE183, Special Condition 23-117-SC",36505,36507,否,,,
67 FR 39264,2002-06-07,02-14351,special-conditions,Final special conditions.,"Special Conditions: Liberty Aerospace, Model XL-2 Airplane, Installation of Full Authority Digital Engine Control (FADEC) System and the Protection of the System From the Effects of High Intensity Radiated Fields (HIRF)",Docket No. CE174; Special Conditions No. 23-119-SC,39264,39265,否,,,
67 FR 39262,2002-06-07,02-14352,special-conditions,Final special conditions.,"Special Conditions: The Lancair Company, Model LC40-550FG-E Airplane; Installation of Full Authority Digital Engine Control (FADEC) System and the Protection of the System From the Effects of High Intensity Radiated Fields (HIRF)",Docket No. CE175; Special Conditions No. 23-120-SC,39262,39264,否,,,
67 FR 39261,2002-06-07,02-14353,special-conditions,Final special conditions.,"Special Conditions: Eclipse Aviation Corporation, Model 500 Airplane; Electronic Engine Control System",Docket No. CE173; Special Conditions No. 23-121-SC,39261,39262,否,,,
67 FR 46842,2002-07-17,02-18018,special-conditions,Final special conditions; request for comments.,"Special Conditions; S-TEC on the New Piper Aircraft Corporation, PA 34-200T, Seneca V; Protection for High Intensity Radiated Fields (HIRF)","Docket No. CE186, Special Condition 23-119-SC",46842,46844,否,,,
67 FR 52857,2002-08-14,02-20628,special-conditions,Final special conditions; correction.,"Special Conditions; GROB-WERKE, Burkhurt Grob e.k., Unternehmensbereich Luft-und Raumfahrt, Model G120A Airplane; Protection of Systems From High Intensity Radiated Fields (HIRF): Correction","Docket No. CE172, Special Condition 23-125-SC",52857,52857,否,,,
67 FR 52858,2002-08-14,02-20629,special-conditions,Final special conditions; correction.,"Special Conditions; Raytheon Aircraft Company, Raytheon Model 390 Airplane; Protection of Systems From High Intensity Radiated Fields (HIRF): Correction","Docket No. CE150, Special Condition 23-122-SC",52858,52858,否,,,
67 FR 52857,2002-08-14,02-20630,special-conditions,Final special conditions; correction.,"Special Conditions; Byerly Aviation, Twin Commander Models 690, 690A, 690B, 690C, 690D, 695, 695A, and 695B; Protection of Systems From High Intensity Radiated Fields (HIRF): Correction","Docket No. CE170, Special Condition 23-124-SC",52857,52858,否,,,
67 FR 52858,2002-08-14,02-20631,special-conditions,Final special conditions; correction.,"Special Conditions; S-TEC on the New Piper Aircraft Corporation, PA 34-200T, Seneca V; Protection of Systems From High Intensity Radiated Fields (HIRF): Correction","Docket No. CE186, Special Condition 23-126-SC",52858,52858,否,,,
67 FR 53876,2002-08-20,02-21177,special-conditions,Final special conditions; corrections.,Special Conditions; Meridian PA-46-500TP; Protection of Systems From High Intensity Radiated Fields (HIRF): Corrections,"Docket No. CE153, Special Condition 23-123-SC",53876,53876,否,,,
67 FR 55699,2002-08-30,02-22117,special-conditions,Final special conditions; request for comments.,"Special Conditions; Chelton Flight Systems, Inc.; Various Airplane Models; Protection of Systems for High Intensity Radiated Fields (HIRF)","Docket No. CE187, Special Condition 23-127-SC",55699,55703,否,,,
67 FR 60555,2002-09-26,02-24449,special-conditions,Final special conditions.,"Special Conditions: Eclipse Aviation Corporation, Model 500; Fire Extinguishing System for Aft Mounted Engine Installations.",Docket No. CE171; Special Conditions No. 23-128-SC,60555,60556,否,,,
67 FR 60857,2002-09-27,02-24666,special-conditions,Final special conditions; correction.,"Special Conditions; Avidyne Corporation, Cirrus Design Corporation Model SR20/SR22; Protection of Systems for High Intensity Radiated Fields (HIRF); Correction","Docket No. CE184, Special Condition 23-118-SC",60857,60858,否,,,
67 FR 60855,2002-09-27,02-24667,special-conditions,Final special conditions; request for comments.,"Special Conditions: CenTex Aerospace, Inc.; Beech Model A36 airplane, Installation of Full Authority Digital Engine Control (FADEC) System and the Protection of the System from the Effects of High Intensity Radiated Fields (HIRF)",Docket No. CE190; Special Conditions No. 23-130-SC,60855,60857,否,,,
67 FR 62636,2002-10-08,02-25471,special-conditions,Final special conditions; request for comments.,"Special Conditions; Atlantic Aero, Inc. on the Raytheon Models 300, 300LW, B300, and B300C; Protection of Electronic Flight Instrument Systems for High Intensity Radiated Fields (HIRF)","Docket No. CE189, Special Condition 23-129-SC",62636,62638,否,,,
67 FR 77399,2002-12-18,02-31882,special-conditions,Final special conditions; request for comments.,Special Conditions; Cessna Model 441 Airplane; Protection of Systems for High Intensity Radiated Fields (HIRF),"Docket No. CE192, Special Condition 23-132-SC",77399,77401,否,,,
68 FR 1,2003-01-02,02-33126,special-conditions,Final special conditions; request for comments.,"Special Conditions; Rockwell Collins, Incorporated on the Raytheon Model B300/B300C; Protection of Systems for High Intensity Radiated Fields (HIRF)","Docket No. CE188, Special Condition 23-131-SC",1,3,否,,,
68 FR 3,2003-01-02,02-33131,special-conditions,Final special conditions; request for comments.,Special Conditions: S-TEC Corporation; Various Airplane Models; Protection of Systems for High Intensity Radiated Fields (HIRF),"Docket No. CE193, Special Condition 23-133-SC",3,5,否,,,
68 FR 5538,2003-02-04,03-2524,special-conditions,Final special conditions; request for comments.,Special Conditions; Cirrus Design Corporation SR22; Protection of Systems for High Intensity Radiated Fields (HIRF),"Docket No. CE194, Special Condition 23-134-SC",5538,5541,否,,,
68 FR 40757,2003-07-09,03-17249,special-conditions,Final special conditions; request for comments.,"Special Conditions: CenTex Aerospace, Inc: Raytheon/Beech Model 58, Installation of Full Authority Digital Engine Control (FADEC) System and the Protection of the System From the Effects of High Intensity Radiated Fields (HIRF)",Docket No. CE196; Special Conditions No. 23-136-SC,40757,40759,否,,,
68 FR 58009,2003-10-08,03-25425,special-conditions,Final special conditions; request for comments.,Special Conditions; Aero Vodochody Ae-270 Propjet; Protection of Systems for High Intensity Radiated Fields (HIRF),"Docket No. CE198, Special Condition 23-137-SC",58009,58011,否,,,
68 FR 59095,2003-10-14,03-25950,special-conditions,Final special conditions.,"Special Conditions: AMSAFE, Incorporated, Zenair Model CH2000, Inflatable Three-Point Self-Adjusting Restraint Safety Belt With an Integrated Inflatable Airbag Device",Docket No. CE197; Special Conditions No. 23-138-SC,59095,59097,否,,,
68 FR 63011,2003-11-07,03-28013,special-conditions,Final special conditions; request for comments.,"Special Conditions; Garmin International, Inc. EFIS on the Diamond DA-40; Protection of Systems for High Intensity Radiated Fields (HIRF)","Docket No. CE199, Special Condition 23-139-SC",63011,63013,否,,,
68 FR 64520,2003-11-14,03-28530,special-conditions,Final special conditions; request for comments.,"Special Conditions: Honeywell, Inc., Pilatus PC-12/45; Protection of Systems for High Intensity Radiated Fields (HIRF)","Docket No. CE200, Special Condition 23-140-SC",64520,64522,否,,,
68 FR 75390,2003-12-31,03-32085,correction,Correcting amendments.,Airworthiness Standards; Bird Ingestion; Correction,Docket No. FAA-1998-4815; Amendment No. 23-54 and 33-20,75390,75391,否,,23.903,Corrections/Correction_68FR75390_2003-12-31_03-32085.txt
69 FR 488,2004-01-06,04-240,special-conditions,Final special conditions; request for comments.,"Special Conditions; Polskie Zaklady Lotnicze (PZL)-Mielec, Model M28 05; Protection of Systems for High Intensity Radiated Fields (HIRF)","Docket No. CE202, Special Condition 23-142-SC",488,490,否,,,
69 FR 8551,2004-02-25,04-4177,special-conditions,Final special conditions; request for comments.,"Special Conditions; Avidyne Corporation, Inc.; Various Airplane Models; Protection of Systems for High Intensity Radiated Fields (HIRF)","Docket No. CE203, Special Condition 23-143-SC",8551,8555,否,,,
69 FR 13465,2004-03-23,04-6454,special-conditions,Final special conditions; request for comments.,"Special Conditions: Centex Aerospace, Inc; Diamond DA20-C1 Katana, Installation of Full Authority Digital Engine Control (FADEC) System and the Protection of the System From the Effects of High Intensity Radiated Fields (HIRF)",Docket No. CE204; Special Conditions No. 23-144-SC,13465,13467,否,,,
69 FR 15653,2004-03-26,04-6748,special-conditions,Amended final special conditions; request for comments.,"Special Conditions; Avidyne Corporation, Inc.; Various Airplane Models; Protection of Systems for High Intensity Radiated Fields (HIRF)","Docket No. CE203, Special Condition 23-143A-SC",15653,15656,否,,,
69 FR 22717,2004-04-27,04-9514,special-conditions,Final special conditions; request for comments.,"Special Conditions: Cessna Aircraft Company, Model 525B-CJ3 Airplane; Flight Performance, Flight Characteristics, and Operating Limitations",Docket No. CE205; Special Conditions No. 23-145-SC,22717,22720,否,,,
69 FR 25998,2004-05-11,04-10690,special-conditions,Final special conditions; request for comments.,Special Conditions: Cessna Aircraft Company; Cessna Model 182T/T182T Airplane; Installation of Electronic Flight Instrument System and the Protection of the System From High Intensity Radiated Fields (HIRF),Docket No. CE206; Special Conditions No. 23-146-SC,25998,26000,否,,,
69 FR 45560,2004-07-30,04-17402,special-conditions,Final special conditions; request for comments.,"Special Conditions; The New Piper Aircraft, Inc.; PA-28-161, PA-28-181, PA-28R-201, PA-32-301FT, PA-32-301XTC, PA-32R-301, and PA-32R-301T; Protection of Systems for High Intensity Radiated Fields (HIRF)","Docket No. CE207, Special Condition 23-147-SC",45560,45562,否,,,
69 FR 45558,2004-07-30,04-17407,special-conditions,Final special conditions; request for comments.,"Special Conditions; Piper Cheyenne PA-31T, PA-31T1, and PA-31T2; Protection of Systems for High Intensity Radiated Fields (HIRF)","Docket No. CE208, Special Condition 23-148-SC",45558,45560,否,,,
69 FR 47354,2004-08-05,04-17925,special-conditions,Final special conditions; request for comments.,"Special Conditions; Garmin AT, Inc., Piper PA-32; Protection of Electronic Flight Instrument Systems (EFIS) for High Intensity Radiated Fields (HIRF)","Docket No. CE209, Special Condition 23-149-SC",47354,47356,否,,,
69 FR 56348,2004-09-21,04-21138,special-conditions,Final special conditions; request for comments.,Special Conditions; Cessna Aircraft Company; EFIS on the Cessna 206H and T206H; Protection of Systems for High Intensity Radiated Fields (HIRF),"Docket No. CE211, Special Condition 23-150-SC",56348,56351,否,,,
69 FR 58822,2004-10-01,04-22019,special-conditions,Final special conditions; request for comments.,"Special Conditions; ARINC, Inc.; Raytheon Models 200, 300, and B300; Protection of Systems for High Intensity Radiated Fields (HIRF)","Docket No. CE212, Special Condition 23-151-SC",58822,58824,否,,,
69 FR 67636,2004-11-19,04-25698,special-conditions,Final special conditions; request for comments.,"Special Conditions: Thielert Aircraft Engines; Cessna Model 172 K, L, M, N, P, R, and S Series Airplanes; Installation of Thielert TAE-125-01 Aircraft Diesel Engine for Full Authority Digital Engine Control (FADEC) System and the Protection of the System From the Effects of High Intensity Radiated Fields (HIRF)",Docket No. CE213; Special Conditions No. 23-152-SC,67636,67638,否,,,
69 FR 70885,2004-12-08,04-26979,special-conditions,Final special conditions.,"Special Conditions: AMSAFE, Incorporated, Sky International A1, A1A, A1B, Inflatable Five-Point Seatbelt Airbag Restraint",Docket No. CE210; Special Conditions No. 23-153-SC,70885,70887,否,,,
69 FR 74407,2004-12-14,04-27358,special-conditions,Final special conditions; request for comments.,"Special Conditions: AMSAFE, Incorporated; Cessna Models 172 (R and S), 182 (S, T, and T182T), and 206 (H and T206H); Inflatable Three-Point Restraint Safety Belt With an Integrated Airbag Device",Docket No. CE216; Special Conditions No. 23-155-SC,74407,74410,否,,,
70 FR 1326,2005-01-07,05-294,special-conditions,Final special conditions; request for comments.,"Special Conditions; The New Piper Aircraft, Inc.; PA-46-350P and PA-46-500TP; Protection of Systems for High Intensity Radiated Fields (HIRF)","Docket No. CE215, Special Condition 23-154-SC",1326,1328,否,,,
70 FR 2561,2005-01-14,05-852,special-conditions,Final special conditions.,"Special Conditions: Thielert Aircraft Engines GmbH, Cessna Model 172 Series, Diesel Cycle Engine Using Turbine (Jet) Fuel",Docket No. CE214; Special Conditions No. 23-157-SC,2561,2564,否,,,
70 FR 11838,2005-03-10,05-4649,special-conditions,Final special conditions.,"Special Conditions: AMSAFE, Incorporated; Mooney Models M20K, M20M, M20R, and M20S; Inflatable Three-Point Restraint Safety Belt With an Integrated Airbag Device",Docket No. CE217; Special Conditions No. 23-156-SC,11838,11841,否,,,
70 FR 11841,2005-03-10,05-4745,special-conditions,Final special conditions; request for comments.,Special Conditions: Cessna Aircraft Company; EFIS on the Cessna 172R and 172S; Protection of Systems for High Intensity Radiated Fields (HIRF),"Docket No. CE219, Special Condition No. 23-159-SC",11841,11844,否,,,
70 FR 19254,2005-04-13,05-7427,special-conditions,Final special conditions; request for comments.,Special Conditions; Lancair LC41-550FG and LC42-550FG for the Protection of Systems From High Intensity Radiated Fields (HIRF),"Docket No. CE220, Special Condition 23-160-SC",19254,19257,否,,,
70 FR 19257,2005-04-13,05-7430,special-conditions,Final special conditions; request for comments.,"Special Conditions; Twin Commander Aircraft Models 690C, 690D, 695, 695A, and 695B; Protection of Systems for High Intensity Radiated Fields (HIRF)","Docket No. CE221, Special Condition 23-161-SC",19257,19259,否,,,
70 FR 20706,2005-04-21,05-7977,special-conditions,Final special conditions; request for comments.,Special Conditions: Garmin International Inc.; Cessna Model 182T/T182T Airplane; Installation of Electronic Flight Instrument System and the Protection of the System From High Intensity Radiated Fields (HIRF),Docket No. CE222; Special Conditions No. 23-162-SC,20706,20708,否,,,
70 FR 32711,2005-06-06,05-10907,special-conditions,Final special conditions; request for comments.,"Special Conditions; West Star Aviation, EFIS on the Cessna 441; Protection of Systems for High Intensity Radiated Fields (HIRF)","Docket No. CE224, Special Condition 23-164-SC",32711,32713,否,,,
70 FR 34310,2005-06-14,05-11669,special-conditions,Final special conditions; request for comments.,"Special Conditions; Tiger Aircraft, EFIS on the AG-5B; Protection of Systems for High Intensity Radiated Fields (HIRF)","Docket No. CE226, Special Condition 23-166-SC",34310,34312,否,,,
70 FR 35511,2005-06-21,05-12148,special-conditions,Final special conditions; request for comments.,"Special Conditions: AMSAFE, Incorporated; Adam Aircraft Industries Model A500; Inflatable Four-Point Restraint Safety Belt With an Integrated Airbag Device",Docket No. CE225; Special Conditions No. 23-165-SC,35511,35514,否,,,
70 FR 35985,2005-06-22,05-12363,special-conditions,Final special conditions; request for comments.,"Special Conditions; Duncan Aviation Inc., EFIS on the Raytheon 300 King Air; Protection of Systems for High Intensity Radiated Fields (HIRF)","Docket No. 229, Special Condition 23-168-SC",35985,35987,否,,,
70 FR 37016,2005-06-28,05-12720,special-conditions,Final special conditions; request for comments.,"Special Conditions: Diamond Aircraft Industries, DA-42; Diesel Cycle Engine Using Turbine (Jet) Fuel",Docket No. CE227; Special Condition No. 23-169-SC,37016,37020,否,,,
70 FR 37654,2005-06-30,05-12879,special-conditions,Final special conditions; request for comments.,Special Conditions; Raytheon Model King Air H-90 (T-44A) Protection of Systems for High Intensity Radiated Fields (HIRF),"Docket No. CE230, Special Condition 23-170-SC",37654,37656,否,,,
70 FR 37656,2005-06-30,05-12882,special-conditions,Final special conditions; request for comments.,"Special Conditions; Diamond Aircraft Industries, EFIS and Full Authority Digital Engine Control (FADEC) on the Diamond DA-42; Protection of Systems for High Intensity Radiated Fields (HIRF)","Docket No. 228, Special Condition 23-167-SC",37656,37659,否,,,
70 FR 37994,2005-07-01,05-13093,special-conditions,Final special conditions; request for comments.,"Special Conditions: AMSAFE, Incorporated; Cirrus Design Corporation SR20 and SR22; Inflatable Four-Point Restraint Safety Belt with an Integrated Airbag Device","Docket No. CE223, Special Conditions No. 23-163-SC",37994,37997,否,,,
70 FR 43273,2005-07-27,05-14763,special-conditions,Final special conditions; request for comments; correction.,"Special Conditions; Duncan Aviation Inc., EFIS on the Raytheon 300 King Air; Protection of Systems for High Intensity Radiated Fields (HIRF)","Docket No. CE229, Special Condition 23-168-SC",43273,43273,否,,,
70 FR 44463,2005-08-03,05-15310,special-conditions,Final special conditions; request for comments.,"Special Conditions; Maule Aerospace Technology, Inc. M-7-230, M-7-230C, and M-9-230 Airplane Models; Installation of Full Authority Digital Engine Control (FADEC) System and the Protection of the System From the Effects of High Intensity Radiated Fields (HIRF)",Docket No. CE201; Special Conditions No. 23-141-SC,44463,44465,否,,,
70 FR 45275,2005-08-05,05-15463,special-conditions,Final special conditions; request for comments; correction.,"Special Conditions; Diamond Aircraft Industries, EFIS and Full Authority Digital Engine Control (FADEC) on the Diamond DA-42; Protection of Systems for High Intensity Radiated Fields (HIRF)","Docket No. CE228, Special Condition 23-167-SC",45275,45275,否,,,
70 FR 56564,2005-09-28,05-19289,special-conditions,Final special conditions; request for comments.,"Special Conditions; Premier Avionics Design Ltd., EFIS on the Cessna 441; Protection of Systems for High Intensity Radiated Fields (HIRF)","Docket No. CE231, Special Condition 23-171-SC",56564,56566,否,,,
70 FR 69891,2005-11-18,05-22917,special-conditions,Final special conditions; request for comments.,"Special Conditions; Garmin AT, Inc.; EFIS on the Raytheon A36; Protection of Systems for High Intensity Radiated Fields (HIRF)","Docket No. CE232, Special Condition 23-172-SC",69891,69893,否,,,
70 FR 69893,2005-11-18,05-22918,special-conditions,Final special conditions; request for comments.,"Special Conditions; Garmin AT, Inc.; EFIS on the Raytheon Model B58; Protection of Systems for High Intensity Radiated Fields (HIRF)","Docket No. CE233, Special Condition 23-173-SC",69893,69895,否,,,
70 FR 71751,2005-11-30,05-23481,special-conditions,Final special conditions; request for comments.,"Special Conditions; Garmin AT, Inc. EFIS on the Mooney M20M and M20R; Protection of Systems From High Intensity Radiated Fields (HIRF)","Docket No. CE234, Special Condition 23-174-SC",71751,71753,否,,,
70 FR 72068,2005-12-01,05-23523,special-conditions,Final special conditions; request for comments.,Special Conditions; Cessna Aircraft Company; Protection of Systems for High Intensity Radiated Fields (HIRF),"Docket No. CE218, Special Condition 23-158-SC",72068,72070,否,,,
70 FR 72070,2005-12-01,05-23524,special-conditions,Final special conditions; request for comments.,"Special Conditions; New Piper Aircraft, Inc.; PA-34; Protection of Systems for High Intensity Radiated Fields (HIRF)","Docket No. CE235, Special Condition 23-175-SC",72070,72072,否,,,
70 FR 75000,2005-12-19,05-24159,special-conditions,Final special conditions; request for comments.,"Special Conditions; Envoy Aerospace; EFIS on the Raytheon Model B200, B200C, 300, B300, and B300C; Protection of Systems for High Intensity Radiated Fields (HIRF)","Docket No. CE236, Special Condition 23-176-SC",75000,75002,否,,,
70 FR 77297,2005-12-30,05-24668,special-conditions,Final special conditions; request for comments.,"Special Conditions; Garmin International, Inc., GFC-700 AFCS on the Mooney M20M and M20R With the G1000 EFIS; Protection of Systems for High Intensity Radiated Fields (HIRF)","Docket No. CE237, Special Condition 23-177-SC",77297,77299,否,,,
71 FR 537,2006-01-05,06-85,correction,Correcting amendment.,"Airworthiness Standards: Normal, Utility, Acrobatic, and Commuter Category Airplanes; Correction",,537,537,是,23.773,23.773,Corrections/Correction_71FR537_2006-01-05_06-85.txt
71 FR 1926,2006-01-12,06-253,special-conditions,Final special conditions: amendment.,"Special Conditions: Chelton Flight Systems, Inc.; Various Airplane Models; Protection of Systems for High Intensity Radiated Fields (HIRF)",Docket No. CE187; Special Conditions No. 23-127A-SC,1926,1930,否,,,
71 FR 2143,2006-01-13,06-341,special-conditions,Final special conditions; request for comments.,"Special Conditions; The New Piper Aircraft, Inc.; PA-44-180; Protection of Systems for High Intensity Radiated Fields (HIRF)","Docket No. CE238, Special Condition 23-178-SC",2143,2145,否,,,
71 FR 13245,2006-03-15,06-2491,special-conditions,Final special conditions; request for comments.,"Special Conditions; Heritage Aviation LTD; Honeywell EFIS 40 on a Cessna 208B, Protection of Systems for High Intensity Radiated Fields (HIRF)","Docket No. CE240, Special Condition 23-180-SC",13245,13247,否,,,
71 FR 17335,2006-04-06,06-3294,special-conditions,Final special conditions; request for comments.,"Special Conditions: Cessna Model 510 Series Airplane Special Conditions for Flight Performance, Flight Characteristics, and Operating Limitations",Docket No. CE241; Special Conditions No. 23-181-SC,17335,17342,否,,,
71 FR 28764,2006-05-18,06-4624,special-conditions,Final special conditions; request for comments.,"Special Conditions; Dual Innovative Solutions & Support Electronic Flight Instrument Systems (EFIS) Installation in Pilatus PC-12, PC-12/45, and PC-12/47; Protection of Systems for High Intensity Radiated Fields (HIRF)","Docket No. CE243, Special Condition 23-183-SC",28764,28766,否,,,
71 FR 29574,2006-05-23,06-4753,special-conditions,Final special conditions; request for comments.,"Special Conditions; Avidyne Corporation, Inc.; Various Airplane Models; Protection of Systems for High Intensity Radiated Fields (HIRF)","Docket No. CE244, Special Condition 23-184-SC",29574,29578,否,,,
71 FR 30577,2006-05-30,06-55518,cfr-correction,,"Airworthiness Standards: Normal, Utility, Acrobatic, and Commuter Category Airplanes",,30577,30577,否,,23.1511,Corrections/CFRCorrection_71FR30577_2006-05-30_06-55518.txt
71 FR 34237,2006-06-14,E6-9226,special-conditions,Final special conditions.,"Special Conditions: AmSafe, Inc.; Approved Model List; Installation of AmSafe Inflatable Restraints in Normal and Utility Category Non-23.562 Certified Airplanes",Docket No. CE242; Special Conditions No. 23-182-SC,34237,34243,否,,,
71 FR 34235,2006-06-14,E6-9228,special-conditions,Final special conditions; request for comments.,"Special Conditions: Thielert Aircraft Engines; Piper PA 28-161 Cadet, Warrior II and Warrior III Series Airplanes; Installation of Thielert TAE-125-01 Aircraft Diesel Engine for Full Authority Digital Engine Control (FADEC) System and the Protection of the System From the Effects of High Intensity Radiated Fields (HIRF)",Docket No. CE247; Special Conditions No. 23-187-SC,34235,34237,否,,,
71 FR 34517,2006-06-15,E6-9241,special-conditions,Final special conditions; request for comments.,"Special Conditions: Societe de Motorisation Aeronautiques (SMA) Engines, Cessna Models 182Q and 182R: Installation of Model SR305-230 Aircraft Diesel Engine for Full Authority Digital Engine Control (FADEC) System and the Protection of the System From the Effects of High Intensity Radiated Fields (HIRF)",Docket No. CE249; Special Conditions No. 23-189-SC,34517,34519,否,,,
71 FR 34789,2006-06-16,E6-9409,special-conditions,Final special conditions; request for comments.,Special Conditions; Cessna Aircraft Company Model 510 Airplane; Full Authority Digital Engine Control (FADEC) System,"Docket No. CE252, Special Conditions No. 23-192-SC",34789,34790,否,,,
71 FR 34787,2006-06-16,E6-9410,special-conditions,Final special conditions; request for comments.,"Special Conditions: Aero Propulsion, Inc., Piper Model PA28-236; Installation of Societe de Motorisation Aeronautiques (SMA) Model SR305-230 Aircraft Diesel Engine (ADE) for Full Authority Digital Engine Control (FADEC) System and the Protection of the System From the Effects of High Intensity Radiated Fields (HIRF)",Docket No. CE250; Special Conditions No. 23-190-SC,34787,34789,否,,,
71 FR 35148,2006-06-19,E6-9590,special-conditions,Final special conditions; request for comments.,Special Conditions; Sagem Avionics Inc.; Electronic Flight Instrument System (EFIS) Installation in Cessna C-180; Protection of Systems From High Intensity Radiated Fields (HIRF),"Docket No. CE246, Special Condition 23-186-SC",35148,35150,否,,,
71 FR 35500,2006-06-21,E6-9818,special-conditions,Final special conditions; request for comments.,"Special Conditions; Rickenbacker Avionics, EFS-50 EFIS Installation in Rockwell Twin Commander Model 690B; Protection of Systems From High Intensity Radiated Fields (HIRF)","Docket No. CE251, Special Condition 23-191-SC",35500,35502,否,,,
71 FR 39203,2006-07-12,E6-10469,special-conditions,Final special conditions; request for comments; correction.,Special Conditions; Cessna Aircraft Company Model 510 Airplane; Full Authority Digital Engine Control (FADEC) System,"Docket No. CE252, Special Condition No. 23-192-SC",39203,39203,否,,,
71 FR 41101,2006-07-20,E6-11474,special-conditions,Final special conditions.,"Special Conditions: Societe de Motorisation Aeronautiques (SMA) Engines, Inc., Cessna Models 182Q and 182R; Diesel Cycle Engine Using Turbine (Jet) Fuel",Docket No. CE239; Special Condition No. 23-179-SC,41101,41104,否,,,
71 FR 41099,2006-07-20,E6-11483,special-conditions,Amended final special conditions; request for comments.,Special Conditions; Cirrus Design Corporation SR22; Protection of Systems for High Intensity Radiated Fields (HIRF),"Docket No. CE194, Special Condition 23-134A-SC",41099,41101,否,,,
71 FR 41104,2006-07-20,E6-11562,special-conditions,Amended final special conditions; request for comments.,"Special Condition; Avidyne Corporation, Inc.; Various Airplane Models; Protection of Systems for High Intensity Radiated Fields (HIRF)","Docket No. CE244, Special Condition 23-184A-SC",41104,41108,否,,,
71 FR 42251,2006-07-26,E6-11878,special-conditions,Final special conditions.,"Special Conditions; Thielert Aircraft Engines (TAE) GmbH, Piper PA 28-161 Cadet, Warrior II and Warrior III Series Airplanes; Diesel Cycle Engine Using Turbine (Jet) Fuel","Docket No. CE248, Special Conditions No. 23-188-SC",42251,42254,否,,,
71 FR 44181,2006-08-04,E6-12660,special-conditions,Final special conditions.,Special Conditions; Cessna Aircraft Company Model 510 Airplane; Turbofan Engines and Engine Location,"Docket No. CE253, Special Conditions No. 23-193-SC",44181,44182,否,,,
71 FR 44182,2006-08-04,E6-12663,special-conditions,Final special conditions.,"Special Conditions: Aero Propulsion, Inc., Piper Model PA28-236; Diesel Cycle Engine Using Turbine (Jet) Fuel",Docket No. CE245; Special Condition No. 23-185-SC,44182,44185,否,,,
71 FR 49987,2006-08-24,E6-13995,special-conditions,Final special conditions; request for comments.,"Special Conditions: Avcon Industries, Inc.; Learjet Model 23 Series Airplanes; High-Intensity Radiated Fields (HIRF)",Docket No. CE258; Special Conditions No. 23-198-SC,49987,49989,否,,,
71 FR 51457,2006-08-30,E6-14457,special-conditions,Final special conditions; request for comments.,Special Conditions: West Pacific Air LLC; Raytheon Beech Model B-36TC; Protection of Electronic Flight Instrument Systems From the Effects of High Intensity Radiated Fields (HIRF),"Docket No. CE257, Special Condition 23-197-SC",51457,51459,否,,,
71 FR 52407,2006-09-06,E6-14750,special-conditions,Final special conditions; request for comments.,"Special Conditions: AmSafe, Incorporated; Diamond Aircraft Industries, Incorporated, Model DA40 and DA42; Inflatable Three-Point Restraint Safety Belt With an Integrated Airbag Device",Docket No. CE259; Special Conditions No. 23-199-SC,52407,52410,否,,,
71 FR 58735,2006-10-05,E6-16497,special-conditions,Final special conditions; request for comments.,"Special Conditions; Garmin International, Inc.; Raytheon Model C90A King Air; Protection of Electronic Flight Instrument System from the Effects of High Intensity Radiated Fields (HIRF)","Docket No. CE260, Special Condition 23-200-SC",58735,58738,否,,,
71 FR 74456,2006-12-12,E6-21018,special-conditions,Final special conditions; request for comments.,"Special Conditions: AmSafe, Incorporated; Pilatus Aircraft Ltd., Models PC-12, PC-12/45 and PC-12/47; Inflatable Three-Point Restraint Safety Belt With an Integrated Airbag Device",Docket No. CE262; Special Conditions No. 23-202-SC,74456,74459,否,,,
72 FR 3040,2007-01-24,E7-1018,special-conditions,Final special conditions; request for comments.,"Special Conditions; Piper Aircraft, Inc., Piper PA-32R-301T, Saratoga II TC, and PA-32-301FT, Piper 6X; Protection of Electronic Flight Instrument Systems (EFIS) for High Intensity Radiated Fields (HIRF)","Docket No. CE264, Special Condition 23-204-SC",3040,3042,否,,,
72 FR 4618,2007-02-01,E7-1609,special-conditions,Final special conditions; request for comments.,"Special Conditions: Aviation Technology Group (ATG), Inc., Javelin Model 100 Series Airplane; Flight Performance, Flight Characteristics, and Operating Limitations",Docket No. CE255; Special Conditions No. 23-195-SC,4618,4625,否,,,
72 FR 5917,2007-02-08,E7-2097,special-conditions,Final special conditions; request for comments.,Special Conditions; Aviation Technology Group (ATG); Javelin Model 100; Protection of Systems for High Intensity Radiated Fields (HIRF),"Docket No. CE265, Special Condition 23-205-SC",5917,5919,否,,,
72 FR 5915,2007-02-08,E7-2098,special-conditions,Final special conditions; request for comments.,Special Conditions: Quest Aircraft Company; Kodiak Model 100; Protection of Electronic Flight Instrument System From the Effects of High Intensity Radiated Fields (HIRF),"Docket No. CE267, Special Condition 23-207-SC",5915,5917,否,,,
72 FR 13436,2007-03-22,E7-5183,special-conditions,Final special conditions.,"Special Conditions: Aviation Technology Group, Incorporated, Javelin Model No. 100; Firewalls for Fuselage Mounted Engines and Fire Extinguishing for Aft Fuselage Mounted Engines",Docket No. CE263; Special Conditions No. 23-203-SC,13436,13438,否,,,
72 FR 15036,2007-03-30,E7-5951,special-conditions,Amended final special conditions.,"Special Conditions: Aviation Technology Group (ATG), Inc., Javelin Model 100 Series Airplane; Flight Performance, Flight Characteristics, and Operating Limitations",Docket No. CE255; Special Conditions No. 23-195A-SC,15036,15043,否,,,
72 FR 31446,2007-06-07,E7-11018,special-conditions,Final special conditions; request for comments.,"Special Conditions: AmSafe, Incorporated; Quest Aircraft Company, LLC., Kodiak Model 100; Inflatable Four-Point Restraint Safety Belt With an Integrated Airbag Device",Docket No. CE268; Special Conditions No. 23-208-SC,31446,31449,否,,,
72 FR 31444,2007-06-07,E7-11044,special-conditions,Final special conditions; request for comments.,"Special Conditions; Op Technologies, Inc.; Cirrus Design Corporation Model SR22; Protection of Systems for High Intensity Radiated Fields (HIRF)","Docket No. CE269, Special Condition 23-209-SC",31444,31446,否,,,
72 FR 31969,2007-06-11,E7-11152,special-conditions,Final special conditions.,"Special Conditions: Aviation Technology Group (ATG), Inc.; Javelin Model 100 Series Airplane; Acrobatic Spins",Docket No. CE254; Special Conditions No. 23-194-SC,31969,31971,否,,,
72 FR 39555,2007-07-19,E7-14050,special-conditions,Final special conditions; request for comments.,"Special Conditions; Symphony Aircraft Industries, Inc. Model SA160; Protection of Systems for High Intensity Radiated Fields (HIRF)","Docket No. CE271, Special Condition 23-211-SC",39555,39557,否,,,
72 FR 42274,2007-08-02,E7-14933,special-conditions,Final special conditions; request for comments.,"Special Conditions: Centex Aerospace, Inc.; Cirrus Design Corporation Model SR22; Installation of a Full Authority Digital Engine Control (FADEC) Engine",Docket No. CE261; Special Conditions No. 23-201-SC,42274,42276,否,,,
72 FR 43137,2007-08-03,E7-14935,special-conditions,Final special conditions; request for comments.,"Special Conditions: Centex Aerospace Inc., Cirrus Design Corporation Model SR22; Installation of a Full Authority Digital Engine Control (FADEC) Engine and the Protection of the System From the Effects of High Intensity Radiated Fields (HIRF)",Docket No. CE272; Special Conditions No. 23-212-SC,43137,43139,否,,,
72 FR 44016,2007-08-06,E7-15195,final-rule,Final rule.,High-Intensity Radiated Fields (HIRF) Protection for Aircraft Electrical and Electronic Systems,"Docket No. FAA-2006-23657; Amendment Nos. 23-57, 25-122, 27-42, and 29-49",44016,44028,否,,,
72 FR 45624,2007-08-15,E7-15973,special-conditions,Final special conditions.,"Special Conditions: Adam Aircraft, Model A700; Fire Extinguishing for Aft Fuselage Mounted Engines",Docket No. CE270; Special Condition No. 23-210-SC,45624,45626,否,,,
72 FR 51992,2007-09-12,E7-18013,special-conditions,Final special conditions; request for comments.,"Special Conditions: Malibu Power & Propeller Int'l, LLC, Piper Models PA-46-310P and PA-46-350P; Installation of a Full Authority Digital Engine Control (FADEC) Engine",Docket No. CE266; Special Conditions No. 23-206-SC,51992,51994,否,,,
72 FR 59939,2007-10-23,07-55519,cfr-correction,,"Airworthiness Standards: Normal, Utility, Acrobatic, and Commuter Category Airplanes",,59939,59939,否,,23.561,Corrections/CFRCorrection_72FR59939_2007-10-23_07-55519.txt
72 FR 62105,2007-11-02,E7-21599,special-conditions,Final special conditions; request for comments.,"Special Conditions; Cessna Aircraft Company Model 208B, Garmin G1000; Protection of Systems for High Intensity Radiated Fields (HIRF)","Docket No. 274, Special Condition 23-214-SC",62105,62107,否,,,
72 FR 69572,2007-12-10,E7-23831,special-conditions,Final special conditions; request for comments.,Special Conditions; Honda Aircraft Company Model HA-420 Hondajet; Protection of Systems for High Intensity Radiated Fields (HIRF),"Docket No. CE277, Special Condition 23-217-SC",69572,69574,否,,,
72 FR 69579,2007-12-10,E7-23835,special-conditions,Final special conditions; request for comments.,Special Conditions; ASPEN Avionics Inc. Model EFD 1000; Electronic Flight Instrument System (EFIS); Protection of Systems for High Intensity Radiated Fields (HIRF),"Docket No. CE278, Special Condition 23-218-SC",69579,69583,否,,,
72 FR 69574,2007-12-10,E7-23837,special-conditions,Final special conditions; request for comments.,Special Conditions; Pilatus Aircraft Ltd.; Model PC-12/47E; Protection of Systems for High Intensity Radiated Fields (HIRF),"Docket No. CE276, Special Condition 23-216-SC",69574,69576,否,,,
72 FR 69577,2007-12-10,E7-23852,special-conditions,Final special conditions; request for comments.,Special Conditions; L-3 Communications Avionics Systems Model SmartDeck in Cirrus Design Corporation Model SR22; Installation of Electronic Flight Instrument System (EFIS); Protection of Systems for High Intensity Radiated Fields (HIRF),"Docket No. CE279, Special Condition 23-219-SC",69577,69579,否,,,
72 FR 72915,2007-12-26,07-55522,cfr-correction,,"Airworthiness Standards: Normal, Utility, Acrobatic, and Commuter Category Airplanes",,72915,72915,否,,23.561,Corrections/CFRCorrection_72FR72915_2007-12-26_07-55522.txt
73 FR 19,2008-01-02,E7-25465,special-conditions,Final special conditions; request for comments.,"Special Conditions: AmSafe Aviation; Inflatable Restraints Installation; Approved Model List of Normal and Utility Category Airplanes, and Agricultural Airplanes Certificated in the Normal/Utility/Restricted Category",Docket No. CE285; Special Conditions No. 23-225-SC,19,26,否,,,
73 FR 389,2008-01-03,E7-25466,special-conditions,Final special conditions.,Special Conditions; Adam Aircraft Industries Model A700; External Fuel Tank Protection During Gear-Up or Emergency Landing,Docket No. CE273; Special Conditions 23-213-SC,389,394,否,,,
73 FR 3385,2008-01-18,E8-849,special-conditions,Final special conditions; request for comments.,"Special Conditions: Embraer S.A., Model EMB-500; Fire Extinguishing for Aft Fuselage Mounted Engines",Docket No. CE281; Special Conditions No. 23-221-SC,3385,3387,否,,,
73 FR 12542,2008-03-07,E8-3949,final-rule,Final rule.,Revisions to Cockpit Voice Recorder and Digital Flight Data Recorder Regulations,"Docket No. FAA-2005-20245; Amendment No. 23-58, 25-124, 27-43, 29-50, 91-300, 121-338, 125-54, 129-45, and 135-113",12542,12573,否,,,
73 FR 19746,2008-04-11,E8-7649,technical-amendment,Final rule; technical amendment.,Damage Tolerance and Fatigue Evaluation of Structure,,19746,19746,是,23.573,"23.571, 23.572, 23.573",Corrections/TechAmend_73FR19746_2008-04-11_E8-7649.txt
73 FR 22271,2008-04-25,E8-9024,special-conditions,Final special conditions; request for comments.,Special Conditions; Embraer S.A. EMB-500; Protection of Systems for High Intensity Radiated Fields (HIRF),"Docket No. CE282, Special Condition 23-282-SC",22271,22273,否,,,
73 FR 34843,2008-06-19,E8-13830,special-conditions,Final special conditions.,"Special Conditions: Embraer S.A., Model EMB-500; High Fuel Temperature",Docket No. CE280; Special Conditions No. 23-220-SC,34843,34844,否,,,
73 FR 35062,2008-06-20,E8-13900,technical-amendment,Final rule; technical amendment.,Miscellaneous Markings and Placards,,35062,35063,否,,23.1557,Corrections/TechAmend_73FR35062_2008-06-20_E8-13900.txt
73 FR 35896,2008-06-25,E8-14383,special-conditions,Final special conditions; request for comments.,Special Conditions: Embraer S.A. Model EMB-500; Full Authority Digital Engine Control (FADEC) System.,Docket No. CE288; Special Conditions No. 23-228-SC,35896,35898,否,,,
73 FR 54675,2008-09-23,E8-22154,special-conditions,Final special conditions.,"Special Conditions; Honda Aircraft Company, Model HA-420 HondaJet Airplane; Fire Extinguishing","Docket No. CE287, Special Conditions No. 23-227-SC",54675,54677,否,,,
73 FR 63339,2008-10-24,E8-25418,final-rule,Final rule.,Airworthiness Standards; Propellers,"Docket No.: FAA-2007-27310; Amendment Nos. 23-59, 25-126, 33-28, and 35-5",63339,63349,否,,,
73 FR 65968,2008-11-06,E8-26392,correction,Final rule; corrections.,Airworthiness Standards; Propellers; Correction,"Docket No.: FAA-2007-27310; Amendment Nos. 23-59, 25-126, 33-28, and 35-5",65968,65968,否,,,Corrections/Correction_73FR65968_2008-11-06_E8-26392.txt
73 FR 66163,2008-11-07,E8-26663,special-conditions,Final special conditions; request for comments.,"Final Special Conditions: AmSafe Aviation; Inflatable Restraints Installation; Approved Model List of Normal and Utility Category Airplanes, and Agricultural Airplanes Certificated in the Normal/Utility/Restricted Category","Docket No. CE285, Special Conditions No. 23-225A-SC",66163,66171,否,,,
73 FR 72303,2008-11-28,E8-28025,special-conditions,Final special conditions; request for comments.,"Special Conditions: Embraer Model EMB-500 Series Airplane Special Conditions for Flight Performance, Flight Characteristics, and Operating Limitations",Docket No. CE292; Special Conditions No. 23-232-SC,72303,72310,否,,,
74 FR 17374,2009-04-15,E9-8581,special-conditions,Final special conditions; request for comments.,"Special Conditions: Spectrum Aeronautical, LLC Model Freedom S-40 Airplane Special Conditions for Flight Performance, Flight Characteristics, and Operating Limitations",Docket No. CE293; Special Conditions No. 23-233-SC,17374,17382,否,,,
74 FR 17382,2009-04-15,E9-8582,special-conditions,Final special conditions.,"Special Conditions: Spectrum Aeronautical, LLC Model 40; Lithium Polymer Battery Installation",Docket No. CE291; Special Conditions No. 23-231-SC,17382,17384,否,,,
74 FR 25388,2009-05-28,E9-12417,special-conditions,Final special conditions; request for comments.,Special Conditions: Embraer S.A. Model EMB-505; Full Authority Digital Engine Control (FADEC) System,Docket No. CE295; Special Conditions No. 23-235-SC,25388,25390,否,,,
74 FR 26777,2009-06-04,E9-12992,special-conditions,Final special conditions; request for comments.,"Special Conditions: Spectrum Aeronautical, LLC Model S-40; Full Authority Digital Engine Control (FADEC) System",Docket No. CE297; Special Conditions No. 23-237-SC,26777,26778,否,,,
74 FR 32799,2009-07-09,E9-16056,correction,Final rule; correction.,Revisions to Cockpit Voice Recorder and Digital Flight Data Recorder Regulations,"Docket No. FAA-2005-20245; Amendment No. 23-58, 25-124, 27-43, 29-50, 91-300, 121-338, 125-54, 129-45, and 135-113",32799,32802,是,23.1457,"23.1457, 23.1459",Corrections/Correction_74FR32799_2009-07-09_E9-16056.txt
74 FR 33324,2009-07-13,E9-16476,special-conditions,Final special conditions; request for comments.,"Special Conditions: Maule Aerospace Technology, Inc.; Maule Model M-7-230, M-7-230C, and M-9-230 Airplanes; Diesel Cycle Engine Using Turbine (Jet) Fuel",Docket No. CE298; Special Condition No. 23-238-SC,33324,33327,否,,,
74 FR 43619,2009-08-27,E9-20726,special-conditions,Final special conditions.,"Special Conditions: Cessna Aircraft Company, Model 525C (CJ4); Lithium Ion Battery Installation",Docket No. CE296; Special Conditions No. 23-236-SC,43619,43621,否,,,
74 FR 45100,2009-09-01,E9-21056,special-conditions,Final special conditions.,"Special Conditions: Cessna Aircraft Company, Model 525C; Single Point Refuel/Defuel System",Docket No. CE294; Special Conditions No. 23-234-SC,45100,45101,否,,,
74 FR 57060,2009-11-04,E9-26596,special-conditions,Final special conditions; request for comments.,"Special Conditions: Cessna Aircraft Company, Model 525C; Flight Performance, Flight Characteristics, and Operating Limitations",Docket No. CE300; Special Conditions No. 23-240-SC,57060,57061,否,,,
74 FR 62474,2009-11-30,E9-28204,special-conditions,Final special conditions; request for comments.,"Special Conditions: Embraer S.A., Model EMB-505; High Altitude Operations",Docket No. CE303; Special Conditions No. 23-243-SC,62474,62478,否,,,
74 FR 63560,2009-12-04,E9-28896,special-conditions,Final special conditions; request for comments.,"Special Conditions: Embraer S.A. Model EMB-505; Flight Performance, Flight Characteristics, High Speed Conditions, and Operating Limitations",Docket No. CE302; Special Conditions No. 23-242-SC,63560,63563,否,,,
74 FR 63968,2009-12-07,E9-29053,special-conditions,Final special conditions; request for comments.,"Special Conditions: Embraer S.A., Model EMB-505; High Fuel Temperature",Docket No. CE301; Special Conditions No. 23-241-SC,63968,63970,否,,,
74 FR 66567,2009-12-16,E9-29847,special-conditions,Final special conditions; request for comments.,"Special Conditions: Embraer (Empresa Brasileira de Aeronautica S.A.), Model EMB-505; Automatic Inhibition of Ice Protection System",Docket No. CE304; Special Conditions No. 23-244-SC,66567,66570,否,,,
74 FR 68131,2009-12-23,E9-30436,special-conditions,Final special conditions.,"Special Conditions: Cessna Aircraft Company, Model 525C; High Fuel Temperature",Docket No. CE299; Special Conditions No. 23-239-SC,68131,68132,否,,,
75 FR 20516,2010-04-20,2010-9026,special-conditions,Final special conditions; request for comments.,"Special Conditions: Cirrus Design Corporation, Model SF50; Fire Extinguishing for Upper Aft Fuselage Mounted Engine",Docket No. CE305; Special Conditions No. 23-245-SC,20516,20518,否,,,
75 FR 20518,2010-04-20,2010-9027,special-conditions,Final special conditions; request for comments.,Special Conditions: Cirrus Design Corporation Model SF50 Airplane; Full Authority Digital Engine Control (FADEC) System,Docket No. CE306; Special Conditions No. 23-246-SC,20518,20520,否,,,
75 FR 44881,2010-07-30,2010-18669,special-conditions,Final special conditions; request for comments.,Special Conditions: Garmin International G1000 and GFC700 System Installation in the Cessna Model 525 Citation Jet; Installation of Mid-Continent MD835 Lithium Ion Battery,Docket No CE309; Notice No. 23-249-SC,44881,44884,否,,,
75 FR 50850,2010-08-18,2010-20413,special-conditions,Final special conditions.,"Special Conditions: AeroMech, Incorporated; Hawker Beechcraft Corporation, Model B200 and Other Aircraft Listed in Table 1, Approved Model List (AML); Installation of MD835 Lithium Ion Battery",Docket No. CE307; Special Condition No. 23-247-SC,50850,50853,否,,,
75 FR 50853,2010-08-18,2010-20416,special-conditions,Final special conditions.,Special Conditions: Cirrus Design Corporation Model SF50 Airplane; Function and Reliability Testing,Docket No. CE308; Special Conditions No. 23-248-SC,50853,50854,否,,,
76 FR 17332,2011-03-29,2011-7307,special-conditions,Final special conditions; request for comments.,Special Conditions: Embraer S.A.; Model EMB 500; Single-Place Side-Facing Seat Dynamic Test Requirements,Docket No. CE311; Special Conditions No. 23-251-SC,17332,17334,否,,,
76 FR 19903,2011-04-11,2011-8547,special-conditions,Final special conditions; request for comments.,Special Conditions: Diamond Aircraft Industry Model DA-40NG; Diesel Cycle Engine,Docket No. CE310; Special Conditions No. 23-250-SC,19903,19907,否,,,
76 FR 33129,2011-06-08,2011-14142,final-rule,Final rule.,Airworthiness Standards; Electrical and Electronic System Lightning Protection,"Docket No. FAA-2010-0224; Amendment Nos. 23-61, 25-134, 27-46, and 29-53",33129,33136,否,,,
76 FR 45399,2011-07-29,2011-19157,special-conditions,Final special conditions; request for comments.,"Special Conditions: Cessna Aircraft Company, Model LC40-550FG, LC41-550FG, and LC42-550FG; AmSafe Inflatable Three-Point Restraint Safety Belt With an Integrated Airbag Device",Docket No. CE312; Special Conditions No. 23-252-SC,45399,45402,否,,,
76 FR 55230,2011-09-07,2011-22880,special-conditions,Final special conditions; request for comments.,Special Conditions: Embraer S.A.; Model EMB 505; Single-Place Side-Facing Lavatory Seat Dynamic Test Requirements,Docket No. CE315; Special Conditions No. 23-254-SC,55230,55232,否,,,
76 FR 65101,2011-10-20,2011-27119,special-conditions,Final special conditions; request for comments.,Special Conditions: Embraer S.A.; Model EMB 500; Single-Place Side Facing Seat Dynamic Test Requirements,Docket No. FAA-2011-1131; Special Conditions No. 23-255-SC,65101,65103,否,,,
76 FR 72087,2011-11-22,2011-28616,special-conditions,Final special conditions.,"Special Conditions: Diamond Aircraft Industries, Model DA-40NG; Electronic Engine Control (EEC) System",Docket No. CE313; Special Conditions No. 23-253-SC,72087,72091,否,,,
76 FR 75735,2011-12-02,2011-30412,final-rule,Final rule.,Certification of Part 23 Turbofan- and Turbojet-Powered Airplanes and Miscellaneous Amendments,Docket No. FAA-2009-0738; Amendment No. 23-62,75735,75769,否,,,
76 FR 81790,2011-12-29,2011-33531,cfr-correction,,"Airworthiness Standards: Normal, Utility, Acrobatic, and Commuter Category Airplanes",,81790,81790,否,,23.725,Corrections/CFRCorrection_76FR81790_2011-12-29_2011-33531.txt
77 FR 16907,2012-03-23,2012-6956,special-conditions,Final special conditions; request for comments.,"Special Conditions: Embraer S.A., Model EMB 505; Inflatable Side-Facing Seat Three-Point Restraint Safety Belt With an Integrated Airbag Device in the Side-Facing Divan Aft Position",Docket No. FAA-2012-0315; Special Conditions No. 23-257-SC,16907,16910,否,,,
77 FR 17323,2012-03-26,2012-6837,special-conditions,Final special conditions.,"Special Conditions: XtremeAir GmbH, XA42; Acrobatic Category Aerodynamic Stability",Docket No. FAA-2011-1387; Special Conditions No. 23-256-SC,17323,17325,否,,,
77 FR 42949,2012-07-23,2012-17864,special-conditions,Final special conditions.,"Special Conditions: Tamarack Aerospace Group, Cirrus Model SR22; Active Technology Load Alleviation System (ATLAS)",Docket No. FAA-2012-0485; Special Conditions No. 23-258-SC,42949,42952,否,,,
78 FR 10055,2013-02-13,2013-03296,special-conditions,Amended final special conditions; request for comments.,"Special Conditions: Tamarack Aerospace Group, Cirrus Model SR22; Active Technology Load Alleviation System (ATLAS)",Docket No. FAA-2012-0485; Special Conditions No. 23-258A-SC,10055,10058,否,,,
78 FR 28719,2013-05-16,2013-11731,special-conditions,Final special conditions; request for comments.,"Special Conditions: Cessna Aircraft Company, Model J182T; Diesel Cycle Engine Installation",Docket No. FAA-2013-0413; Special Conditions No. 23-259-SC,28719,28723,否,,,
78 FR 35747,2013-06-14,2013-14151,special-conditions,Final special conditions; withdrawal.,"Special Conditions: Cirrus Design Corporation, Model SF50; Fire Extinguishing for Upper Aft Fuselage Mounted Engine; Withdrawal",Docket No. CE305; Special Conditions No. 23-245-SC,35747,35747,否,,,
78 FR 36084,2013-06-17,2013-14327,special-conditions,Final special conditions; withdrawal.,Special Conditions: Cirrus Design Corporation Model SF50 Airplane; Function and Reliability Testing; Withdrawal,Docket No. CE308; Special Conditions No. 23-248-SC,36084,36084,否,,,
78 FR 37958,2013-06-25,2013-13841,special-conditions,Final special conditions; request for comments.,"Special Conditions: Cessna Aircraft Company, Model J182T; Electronic Engine Control System Installation",Docket No. FAA-2013-0493; Special Conditions No. 23-260-SC,37958,37962,否,,,
78 FR 50317,2013-08-19,2013-20152,special-conditions,Final special conditions.,"Special Conditions: Cessna Aircraft Company, Model J182T; Diesel Cycle Engine Installation",Docket No. FAA-2013-0413; Special Conditions No. 23-259-SC,50317,50320,否,,,
78 FR 55629,2013-09-11,2013-22101,special-conditions,Final special conditions; request for comments.,"Special Conditions: Cirrus Design Corporation, Model SF50; Inflatable Three-Point Restraint Safety Belt With an Integrated Airbag Device",Docket No. FAA-2013-0781; Special Conditions No. 23-261-SC,55629,55632,否,,,
78 FR 57470,2013-09-19,2013-22848,special-conditions,Final special conditions.,"Special Conditions: Eclipse, EA500, Certification of Autothrottle Functions",Docket No. FAA-2013-0650; Notice No. 23-13-01-SC,57470,57472,否,,,
79 FR 26111,2014-05-07,2014-10392,special-conditions,Final special conditions.,"Special Conditions: Extra Flugzeugproduktions and Vertriebs [Extra] GmbH, EA-300/LC; Acrobatic Category Aerodynamic Stability",Docket No. FAA-2014-0155; Notice No. 23-262-SC,26111,26113,否,,,
80 FR 17312,2015-04-01,2015-07502,special-conditions,Final special conditions; request for comments.,"Special Conditions: Honda Aircraft Company (Honda) Model HA-420, HondaJet; Full Authority Digital Engine Control (FADEC) System",Docket No. FAA-2015-0723; Special Conditions No. 23-264-SC,17312,17313,否,,,
80 FR 17310,2015-04-01,2015-07503,special-conditions,Final special conditions; request for comments.,Special Conditions: Honda Aircraft Company Model HA-420; Single-Place Side-Facing Seat Dynamic Test Requirements,Docket No. FAA-2015-0720; Special Conditions No. 23-263-SC,17310,17312,否,,,
80 FR 23229,2015-04-27,2015-09742,special-conditions,Final special conditions; withdrawal.,"Special Conditions: Honda Aircraft Company Model HA-420 Hondajet, Fire Extinguishing; Withdrawal",Docket No. CE287; Special Conditions No. 23-227-SC,23229,23229,否,,,
80 FR 23229,2015-04-27,2015-09743,special-conditions,Final special conditions; withdrawal.,"Special Conditions: Honda Aircraft Company Model HA-420 Hondajet, Protection of Systems for High Intensity Radiated Fields (HIRF); Withdrawal",Docket No. CE277; Special Conditions No. 23-217-SC,23229,23230,否,,,
80 FR 29205,2015-05-21,2015-12262,special-conditions,Final special conditions; withdrawal.,Special Conditions: Cirrus Design Corporation Model SF50 airplane; Full Authority Digital Engine Control (FADEC) System; Withdrawal,Docket No. CE306; Special Conditions No. 23-246-SC,29205,29205,否,,,
80 FR 34242,2015-06-16,2015-14816,special-conditions,Final special conditions; request for comments.,"Special Conditions: Honda Aircraft Company, Model HA-420; Fire Extinguishing for Overwing Pylon Mounted Engines",Docket No. FAA-2015-0722; Special Conditions No. 23-265-SC,34242,34244,否,,,
80 FR 48242,2015-08-12,2015-19835,special-conditions,Final special conditions; request for comments.,"Special Conditions: Honda Aircraft Company, Model HA-420, HondaJet; Ventilation Requirements in High Altitude Operations",Docket No. FAA-2015-2903; Special Conditions No. 23-270-SC,48242,48244,否,,,
80 FR 54713,2015-09-11,2015-22872,special-conditions,Final special conditions; request for comments.,"Special Conditions: Korea Aerospace Industries, Ltd., Model K-100; Full Authority Digital Engine Control (FADEC) System",Docket No. FAA-2015-3678; Special Conditions No. 23-268-SC,54713,54715,否,,,
80 FR 57289,2015-09-23,2015-24156,special-conditions,Final special conditions; request for comments.,"Special Conditions: Cirrus Design Corporation, SF50; Full Authority Digital Engine Control (FADEC) System",Docket No. FAA-2015-3881; Special Conditions No. 23-267-SC,57289,57291,否,,,
80 FR 57291,2015-09-23,2015-24164,special-conditions,Final special conditions.,"Special Conditions: Honda Aircraft Company, Model HA-420 HondaJet, Lithium-ion Batteries",Docket No.FAA-2015-0721; Notice No. 23-269-SC,57291,57293,否,,,
80 FR 66788,2015-10-30,2015-27700,special-conditions,Final special conditions.,"Special Conditions: Honda Aircraft Company (Honda) Model HA-420, HondaJet; Cruise Speed Control System",Docket No. FAA-2015-3880; Special Conditions No. 23-271-SC,66788,66789,否,,,
80 FR 76379,2015-12-09,2015-31058,special-conditions,Final special conditions.,"Special Conditions: Cirrus Aircraft Corporation, SF50; Auto Throttle",Docket No. FAA-2015-3464; Special Conditions No. 23-272-SC,76379,76381,否,,,
81 FR 30164,2016-05-16,2016-11502,special-conditions,Final special conditions; request for comments.,"Special Conditions: Cessna Aircraft Company, Models 208 and 208B, Caravan Airplanes; As Modified by Peregrine; Installation of Rechargeable Lithium Battery",Docket No. FAA-2016-6567; Special Conditions No. 23-274-SC,30164,30166,否,,,
81 FR 43469,2016-07-05,2016-15765,special-conditions,Final special conditions.,"Special Conditions: Kestrel Aircraft Company, Model K-350 Turboprop, Lithium Batteries",Docket No. FAA-2015-5034; Special Conditions No. 23-273-SC,43469,43471,否,,,
81 FR 45965,2016-07-15,2016-16813,special-conditions,Final special conditions.,"Special Conditions: Cirrus Design Corporation, Model SF50; Whole Airplane Parachute Recovery System",Docket No. FAA-2016-3462; Notice No. 23-275-SC,45965,45968,否,,,
81 FR 67093,2016-09-30,2016-23564,special-conditions,Final special conditions; request for comments.,"Special Conditions: DAHER-SOCATA, Model TBM 700; Inflatable Four-Point Restraint Safety Belt With an Integrated Airbag Device",Docket No. FAA-2016-9172; Special Conditions No. 23-276-SC,67093,67097,否,,,
81 FR 69663,2016-10-07,2016-24343,special-conditions,Final special conditions; request for comments.,"Special Conditions: Beechcraft, Model A36, Bonanza Airplanes; as Modified by Avionics Design Services, Ltd.; Installation of Rechargeable Lithium Battery",Docket No. FAA-2016-9224; Special Conditions No. 23-277-SC,69663,69666,否,,,
81 FR 83112,2016-11-21,2016-28013,special-conditions,Final special conditions.,"Special Conditions: Pilatus Aircraft, Ltd., Model PC-12, PC-12/45, and PC-12/47 Airplanes, Lithium Batteries",Docket No. FAA-2016-9001; Special Conditions No. 23-278-SC,83112,83114,否,,,
81 FR 90126,2016-12-13,2016-28714,final-rule,Final rule.,Revisions to Operational Requirements for the Use of Enhanced Flight Vision Systems (EFVS) and to Pilot Compartment View Requirements for Vision Systems,"Docket No.: FAA-2013-0485; Amdt. Nos. 1-70, 23-63, 25-144, 27-48, 29-56, 61-139, 91-345, 121-376, 125-66, and 135-135",90126,90177,否,,,
81 FR 89843,2016-12-13,2016-29769,special-conditions,Final special conditions.,"Special Conditions: DAHER-SOCATA, Model TBM 700; Inflatable Four-Point Restraint Safety Belt With an Integrated Airbag Device",Docket No. FAA-2016-9172; Special Conditions No. 23-276-SC,89843,89846,否,,,
81 FR 96572,2016-12-30,2016-30246,final-rule,Final rule.,"Revision of Airworthiness Standards for Normal, Utility, Acrobatic, and Commuter Category Airplanes","Docket No.: FAA-2015-1621; Amdt. Nos. 21-100, 23-64, 35-10, 43-49, 91-346, 121-378, and 135-136",96572,96701,否,,,
82 FR 1163,2017-01-05,2016-31819,special-conditions,Final special conditions.,"Special Conditions: Cranfield Aerospace Limited, Cessna Aircraft Company Model 525; Tamarack Load Alleviation System and Cranfield Winglets-Interaction of Systems and Structures",Docket No.FAA-2016-9409; Special Conditions No. 23-279-SC,1163,1169,否,,,
82 FR 2193,2017-01-09,C1-2016-28714,doc-correction,,Revisions to Operational Requirements for the Use of Enhanced Flight Vision Systems (EFVS) and to Pilot Compartment View Requirements for Vision Systems,"Docket No.: FAA-2013-0485; Amdt. Nos. 1-70, 23-63, 25-144, 27-48, 29-56, 61-139, 91-345, 121-376, 125-66, and 135-135",2193,2193,否,,,Corrections/Correction_82FR2193_2017-01-09_C1-2016-28714.txt
82 FR 9677,2017-02-08,2017-02582,final-rule,Final rule; delay of effective date.,Revisions to Operational Requirements for the Use of Enhanced Flight Vision Systems (EFVS) and to Pilot Compartment View Requirements for Vision Systems,"Docket No.: FAA-2013-0485; Amdt. Nos. 1-70A, 23-63A, 25-144A, 27-48A, 29-56A, 61-139A, 91-345A, 121-376A, 125-66A, and 135-135A",9677,9677,否,,,
82 FR 18841,2017-04-24,2017-08234,special-conditions,Final special conditions; request for comments.,"Special Conditions: Viking Air, Ltd., Models DHC-6-100/-200/-300; Avmax Aviation Services, Inc., Installation of Rechargeable Lithium Batteries",Docket No. FAA-2017-0381; Special Conditions No. 23-280-SC,18841,18843,否,,,
82 FR 25509,2017-06-02,2017-11347,special-conditions,Final special condition.,"Special Conditions: Pilatus Aircraft Limited Models PC-12, PC-12/45, PC-12/47; Autothrust System",Docket No. FAA-2017-0290; Special Conditions No. 23-281-SC,25509,25511,否,,,
82 FR 32616,2017-07-17,2017-14936,special-conditions,Final special conditions; request for comments.,"Special Conditions: Pilatus Aircraft Ltd., PC-24; Electronic Engine Control (EEC)",Docket No. FAA-2017-0702; Special Conditions No. 23-282-SC,32616,32618,否,,,
82 FR 32614,2017-07-17,2017-14937,special-conditions,Final special conditions; request for comments.,"Special Conditions: Pilatus Aircraft Ltd., PC-24; Pressure Defuel System",Docket No. FAA-2017-0704; Special Conditions No. 23-284-SC,32614,32616,否,,,
82 FR 32618,2017-07-17,2017-14938,special-conditions,Final special conditions; request for comments.,"Special Conditions: Pilatus Aircraft Ltd., PC-24, Autothrust System",Docket No. FAA-2017-0703; Special Conditions No. 23-283-SC,32618,32620,否,,,
82 FR 40943,2017-08-29,2017-18324,special-conditions,Final special conditions.,"Special Conditions: Game Composites Ltd., GB1 Airplane; Acrobatic Category Aerodynamic Stability",Docket No. FAA-2017-0651; Special Conditions No. 23-285-SC,40943,40944,否,,,
