类型,编号,签发日期,影响条款版本数,rgl_url,wayback_url,rid,govinfo_pdf,状态
Final Rule,Docket 10129,1971-07-01,2,http://rgl.faa.gov/Regulatory_and_Guidance_Library/rgFinalRule.nsf/a09133bddc7f4fbb8525646000609712/e76199beb6066338852567fb006231a7!OpenDocument,,79f95707-6acc-4528-8f9f-aca57427f9b0,,待获取
Final Rule,Docket 10162,1977-06-09,2,http://rgl.faa.gov/Regulatory_and_Guidance_Library/rgFinalRule.nsf/a09133bddc7f4fbb8525646000609712/5876fcd35c483dd48625690300468bfd!OpenDocument,,f88fa8fa-1d56-4909-b25e-bef66a10a0f4,,待获取
Final Rule,Docket 10405,1971-02-05,4,http://rgl.faa.gov/Regulatory_and_Guidance_Library/rgFinalRule.nsf/a09133bddc7f4fbb8525646000609712/bff46f005784b3e886256895005d1dbf!OpenDocument,,534a1799-eeb0-4cb8-a7c9-aa1c0680ed0b,,待获取
Final Rule,Docket 11010,1974-09-20,8,http://rgl.faa.gov/Regulatory_and_Guidance_Library/rgFinalRule.nsf/a09133bddc7f4fbb8525646000609712/f91411917bf0d9b38625683a006f0e6f!OpenDocument,,44b6258b-00bc-4493-b078-47da08c5ceb3,,待获取
Final Rule,Docket 11011,1973-11-07,48,http://rgl.faa.gov/Regulatory_and_Guidance_Library/rgFinalRule.nsf/a09133bddc7f4fbb8525646000609712/4f1496f8abdff2a78625689b006a38d6!OpenDocument,,5fecb3ab-ad18-4aa4-8fd1-0a11766a79b1,,待获取
Final Rule,Docket 11479,1971-10-28,1,http://rgl.faa.gov/Regulatory_and_Guidance_Library/rgFinalRule.nsf/a09133bddc7f4fbb8525646000609712/8af0911bb075e50a8625681600554c6f!OpenDocument,,a9f08129-cf0c-414b-8eb2-8d790e804c9b,,待获取
Final Rule,Docket 1186,1965-06-21,1,http://rgl.faa.gov/Regulatory_and_Guidance_Library/rgFinalRule.nsf/a09133bddc7f4fbb8525646000609712/846d96e4b55e964886256819006dc2d1!OpenDocument,,2ac023ad-5117-474c-84ee-3ac32139e140,,待获取
Final Rule,Docket 14052,1974-12-31,3,http://rgl.faa.gov/Regulatory_and_Guidance_Library/rgFinalRule.nsf/a09133bddc7f4fbb8525646000609712/4c87bdd425ab1022862568240071e92b!OpenDocument,,961a9316-4a09-44be-bf19-d4cdc850569a,,待获取
Final Rule,Docket 14324,1976-12-13,49,,,,,无链接
Final Rule,Docket 14606,1977-03-10,17,http://rgl.faa.gov/Regulatory_and_Guidance_Library/rgFinalRule.nsf/a09133bddc7f4fbb8525646000609712/6e42470beda38bd08625680400660e8c!OpenDocument,,0009f756-5b92-4f7e-aa93-8d1f1e9f481e,,待获取
Final Rule,Docket 14625,1977-07-11,16,http://rgl.faa.gov/Regulatory_and_Guidance_Library/rgFinalRule.nsf/a09133bddc7f4fbb8525646000609712/81861487d2e1c3ac8625681700729983!OpenDocument,,f5163db3-ced3-4212-8bf8-bd6a75e11298,,待获取
Final Rule,Docket 14684,1978-01-09,29,http://rgl.faa.gov/Regulatory_and_Guidance_Library/rgFinalRule.nsf/a09133bddc7f4fbb8525646000609712/a95af4c6be88807e862568240073cdcd!OpenDocument,,56c68851-f38d-4d58-ba75-0e0f6e67e09c,,待获取
Final Rule,Docket 14779,1980-08-27,15,http://rgl.faa.gov/Regulatory_and_Guidance_Library/rgFinalRule.nsf/a09133bddc7f4fbb8525646000609712/670434a8535ed50f852567f2005af4b5!OpenDocument,,2dcfd682-88c3-4933-8c12-376d914035d1,,待获取
Final Rule,Docket 16919,1983-12-16,14,http://rgl.faa.gov/Regulatory_and_Guidance_Library/rgFinalRule.nsf/a09133bddc7f4fbb8525646000609712/0eabda6429963e0c862568040066c728!OpenDocument,,080fe69a-d1f3-433e-9e44-84fa59f1380d,,待获取
Final Rule,Docket 17154,1978-09-28,1,http://rgl.faa.gov/Regulatory_and_Guidance_Library/rgFinalRule.nsf/a09133bddc7f4fbb8525646000609712/20628997126d856c86256818006747de!OpenDocument,,70622bb1-2b10-42fe-b8cf-490efbb87483,,待获取
Final Rule,Docket 18334,1989-08-07,1,http://rgl.faa.gov/Regulatory_and_Guidance_Library/rgFinalRule.nsf/a09133bddc7f4fbb8525646000609712/7b6764bf83e9f74e852567a80058e0d1!OpenDocument,,c3d550e8-2ede-42e4-9ebe-49e6b578a750,,待获取
Final Rule,Docket 18564,1979-11-21,1,http://rgl.faa.gov/Regulatory_and_Guidance_Library/rgFinalRule.nsf/a09133bddc7f4fbb8525646000609712/1116d41b19bd7d73862568b3006fe96c!OpenDocument,,d3c75aeb-b3dd-4323-94b1-6b2d12447cb3,,待获取
Final Rule,Docket 2005,2008-02-19,2,http://rgl.faa.gov/Regulatory_and_Guidance_Library/rgFinalRule.nsf/c03aa95a6d5f3d57852564720071b601/f9d914173de12b7f8625740800701a7d!OpenDocument,,fcecb1ef-bc24-4f7c-8b7f-6e729a4e134a,,待获取
Final Rule,Docket 20052,1980-10-10,1,http://rgl.faa.gov/Regulatory_and_Guidance_Library/rgFinalRule.nsf/a09133bddc7f4fbb8525646000609712/12dcc877e2db08db862569030046d470!OpenDocument,,db2a4124-62ce-4dea-a148-0f107ac862d7,,待获取
Final Rule,Docket 2006,2007-07-30,2,http://rgl.faa.gov/Regulatory_and_Guidance_Library/rgFinalRule.nsf/c03aa95a6d5f3d57852564720071b601/991a04b1c61619af8625735c006fbb16!OpenDocument,,3680e044-c34a-4913-821a-69bad16be130,,待获取
Final Rule,Docket 2007,2008-10-12,2,http://rgl.faa.gov/Regulatory_and_Guidance_Library/rgFinalRule.nsf/861ae0b1f7efc3ee85256453007b0e8a/d4890d3135eb44a2862574f9006fedd9!OpenDocument,,d8959843-3cc9-4c8d-bf9b-80f63a92a3e3,https://www.govinfo.gov/content/pkg/FR-2009-09-02/pdf/E9-20960.pdf,已下载PDF
Final Rule,Docket 2029,1965-06-24,2,http://rgl.faa.gov/Regulatory_and_Guidance_Library/rgFinalRule.nsf/a09133bddc7f4fbb8525646000609712/7bdb6de34c79fbc286256866006e0eb8!OpenDocument,,7dc9658e-3129-43b2-86eb-8fbb6bc0be17,,待获取
Final Rule,Docket 21129,1982-02-26,6,http://rgl.faa.gov/Regulatory_and_Guidance_Library/rgFinalRule.nsf/a09133bddc7f4fbb8525646000609712/e0abfc0008a29be7862568af004d7327!OpenDocument,,9cb2c4ad-054d-4731-80a0-bf0dab7a3aac,,待获取
Final Rule,Docket 21571,1984-01-31,1,http://rgl.faa.gov/Regulatory_and_Guidance_Library/rgFinalRule.nsf/a09133bddc7f4fbb8525646000609712/ff05904a31e9650086256895005bc71f!OpenDocument,,4d00b074-e27b-48d2-95f6-1a2c71d18fb0,,待获取
Final Rule,Docket 23516,1987-01-08,64,http://rgl.faa.gov/Regulatory_and_Guidance_Library/rgFinalRule.nsf/a09133bddc7f4fbb8525646000609712/4a8e700207a7234b86256819005e7b0a!OpenDocument,,8721f4a3-12be-4ab9-b77d-1ee89c7cc168,,待获取
Final Rule,Docket 23746,1993-07-07,3,http://rgl.faa.gov/Regulatory_and_Guidance_Library/rgFinalRule.nsf/a09133bddc7f4fbb8525646000609712/5e74c4d5900b8400862569030060efc4!OpenDocument,,ff45eeb5-74ad-416b-9f92-05d95b6446c8,,待获取
Final Rule,Docket 23815,1985-11-06,2,http://rgl.faa.gov/Regulatory_and_Guidance_Library/rgFinalRule.nsf/a09133bddc7f4fbb8525646000609712/06fd1a75c258817c8625681f006b1f38!OpenDocument,,2fb186bd-1b22-4ef0-8bac-ef3306e96df1,,待获取
Final Rule,Docket 23826,1984-11-02,1,http://rgl.faa.gov/Regulatory_and_Guidance_Library/rgFinalRule.nsf/a09133bddc7f4fbb8525646000609712/4dc9dbe6d75945fa8625699200649d50!OpenDocument,,1eed58e6-c0de-4318-bf3b-7cf821112ab0,,待获取
Final Rule,Docket 24191,1986-07-07,4,http://rgl.faa.gov/Regulatory_and_Guidance_Library/rgFinalRule.nsf/a09133bddc7f4fbb8525646000609712/21845580268427d086256915004d8791!OpenDocument,,2fe1df85-c32d-4cd0-9b95-609e9d6f8b77,,待获取
Final Rule,Docket 25086,1989-09-21,1,http://rgl.faa.gov/Regulatory_and_Guidance_Library/rgFinalRule.nsf/a09133bddc7f4fbb8525646000609712/a93d35351fcc298b8625690300457991!OpenDocument,,5854d0bc-9172-49b7-9f35-8d687c135eff,,待获取
Final Rule,Docket 25147,1988-08-08,12,http://rgl.faa.gov/Regulatory_and_Guidance_Library/rgFinalRule.nsf/a09133bddc7f4fbb8525646000609712/5da5a477ca95bbab862568f9006c597c!OpenDocument,,2892e01c-8dc1-423a-85c0-974ac34d7e2c,,待获取
Final Rule,Docket 25530,1988-06-30,4,http://rgl.faa.gov/Regulatory_and_Guidance_Library/rgFinalRule.nsf/a09133bddc7f4fbb8525646000609712/a8eb82976ea0b7b48625683a006609f8!OpenDocument,,49749914-8410-4d0d-8aef-c1f8e6ad27c0,,待获取
Final Rule,Docket 25613,1990-07-26,1,http://rgl.faa.gov/Regulatory_and_Guidance_Library/rgFinalRule.nsf/a09133bddc7f4fbb8525646000609712/b60d0dfc1cd460f4852567f5005addb5!OpenDocument,,23344dc3-ea53-4b06-a98d-35742e4c2560,,待获取
Final Rule,Docket 25811,1990-12-21,28,http://rgl.faa.gov/Regulatory_and_Guidance_Library/rgFinalRule.nsf/a09133bddc7f4fbb8525646000609712/685fdfaf2a675a2f86256915004e6b47!OpenDocument,,83298c04-74cc-43bc-be85-41587b8140e0,,待获取
Final Rule,Docket 25812,1990-10-22,3,http://rgl.faa.gov/Regulatory_and_Guidance_Library/rgFinalRule.nsf/a09133bddc7f4fbb8525646000609712/5c0d23f4e14baf21862569f5005afc6a!OpenDocument,,d59a92a5-68ee-4a4f-965d-851d068e0af9,,待获取
Final Rule,Docket 26269,1993-07-28,82,http://rgl.faa.gov/Regulatory_and_Guidance_Library/rgFinalRule.nsf/a09133bddc7f4fbb8525646000609712/d9b03117bc05edd9862569030062b2b0!OpenDocument,,a3b3e22d-0ead-4a40-b992-58f9166bc6cb,,待获取
Final Rule,Docket 26324,1994-05-11,9,http://rgl.faa.gov/Regulatory_and_Guidance_Library/rgFinalRule.nsf/a09133bddc7f4fbb8525646000609712/ccf474b23bb52ba186256915004ec070!OpenDocument,,1d488d69-dc82-4181-9237-96857e36471c,,待获取
Final Rule,Docket 26344,1993-03-29,83,http://rgl.faa.gov/Regulatory_and_Guidance_Library/rgFinalRule.nsf/861ae0b1f7efc3ee85256453007b0e8a/1145918187cd6ef486256d63004cb03c!OpenDocument,,e1677d0b-fff9-4385-9650-daf31a2e9bad,,待获取
Final Rule,Docket 27804,1996-01-29,36,http://rgl.faa.gov/Regulatory_and_Guidance_Library/rgFinalRule.nsf/a09133bddc7f4fbb8525646000609712/ab9b3989399b0160862568170061dd86!OpenDocument,,33fdf41b-26f2-410e-89d3-2cc5aa479a55,https://www.govinfo.gov/content/pkg/FR-1996-02-09/pdf/96-2084.pdf,已下载PDF
Final Rule,Docket 27805,1996-01-29,40,http://rgl.faa.gov/Regulatory_and_Guidance_Library/rgFinalRule.nsf/a09133bddc7f4fbb8525646000609712/2edd55c059c6c99986256827005adabb!OpenDocument,,474dfe0d-85b6-473a-839f-f4068c9299a6,https://www.govinfo.gov/content/pkg/FR-1996-02-09/pdf/96-2081.pdf,已下载PDF
Final Rule,Docket 27806,1996-01-29,44,http://rgl.faa.gov/Regulatory_and_Guidance_Library/rgFinalRule.nsf/a09133bddc7f4fbb8525646000609712/be57557e4ace740586256827005c872b!OpenDocument,,e4821950-881a-453b-b266-b2def9e05047,https://www.govinfo.gov/content/pkg/FR-1996-02-28/pdf/96-4559.pdf,已下载PDF
Final Rule,Docket 27807,1996-01-29,55,http://rgl.faa.gov/Regulatory_and_Guidance_Library/rgFinalRule.nsf/a09133bddc7f4fbb8525646000609712/4956903f7d72a64786256817004d748a!OpenDocument,,f172f519-455c-46b1-9fe0-a98642fb9d29,,待获取
Final Rule,Docket 28011,1996-03-21,1,http://rgl.faa.gov/Regulatory_and_Guidance_Library/rgFinalRule.nsf/a09133bddc7f4fbb8525646000609712/a3cc7791b54951af8625682700595775!OpenDocument,,f8284213-b838-44c1-9260-958387db1ad0,https://www.govinfo.gov/content/pkg/FR-1996-03-27/pdf/96-7429.pdf,已下载PDF
Final Rule,Docket 28417,1995-12-20,1,http://rgl.faa.gov/Regulatory_and_Guidance_Library/rgFinalRule.nsf/a09133bddc7f4fbb8525646000609712/c7910c3bf2fe9799852567a9005b9bfa!OpenDocument,,17b6505b-d927-491d-8e81-30060fbc8896,https://www.govinfo.gov/content/pkg/FR-1995-12-28/pdf/95-31291.pdf,已下载PDF
Final Rule,Docket 28652,1998-03-20,2,http://rgl.faa.gov/Regulatory_and_Guidance_Library/rgFinalRule.nsf/a09133bddc7f4fbb8525646000609712/eafcbb06e539a70b8625683a0052a912!OpenDocument,,d742e5d7-ff17-4b1b-bac6-d71d1ec09ee7,https://www.govinfo.gov/content/pkg/FR-1998-03-26/pdf/98-7902.pdf,已下载PDF
Final Rule,Docket 4080,1964-09-28,288,http://rgl.faa.gov/Regulatory_and_Guidance_Library/rgFinalRule.nsf/a09133bddc7f4fbb8525646000609712/1918f11d69d6c14d86256bbc0053cc3d!OpenDocument,,5d6140f9-f34b-4760-a774-2b88646c529b,,待获取
Final Rule,Docket 7012,1965-11-04,4,http://rgl.faa.gov/Regulatory_and_Guidance_Library/rgFinalRule.nsf/a09133bddc7f4fbb8525646000609712/f4fbc5f56eaecf63862568a100735640!OpenDocument,,88748be4-94f9-491a-80ab-58df0ffaeb1d,,待获取
Final Rule,Docket 7095,1967-04-28,3,http://rgl.faa.gov/Regulatory_and_Guidance_Library/rgFinalRule.nsf/a09133bddc7f4fbb8525646000609712/530d8eb56d6ce5638625681700638035!OpenDocument,,149e8103-0cb5-4433-bc33-d37d16400c26,,待获取
Final Rule,Docket 7831,1967-05-16,1,http://rgl.faa.gov/Regulatory_and_Guidance_Library/rgFinalRule.nsf/a09133bddc7f4fbb8525646000609712/ec8cef74610f2cc88625686600705424!OpenDocument,,f166583f-595a-46f7-8617-0447d93c92eb,,待获取
Final Rule,Docket 8083,1969-08-01,117,http://rgl.faa.gov/Regulatory_and_Guidance_Library/rgFinalRule.nsf/a09133bddc7f4fbb8525646000609712/cab86e9320632559862568cd00640e7b!OpenDocument,,9bec9d96-cf02-495c-a8c3-fcffb046264b,,待获取
Final Rule,Docket 8092,1967-04-07,1,http://rgl.faa.gov/Regulatory_and_Guidance_Library/rgFinalRule.nsf/a09133bddc7f4fbb8525646000609712/68c0acdf982ac647862569e40046e88a!OpenDocument,,dc4299e3-2998-44b6-9bd3-cf1c9ca7118c,,待获取
Final Rule,Docket 8281,1970-04-13,4,http://rgl.faa.gov/Regulatory_and_Guidance_Library/rgFinalRule.nsf/a09133bddc7f4fbb8525646000609712/045e0c52837397c2862568940054ebf8!OpenDocument,,aef2264d-1d11-4eb2-a7ee-e2c25df32f43,,待获取
Final Rule,Docket 9485,1969-12-31,1,http://rgl.faa.gov/Regulatory_and_Guidance_Library/rgFinalRule.nsf/a09133bddc7f4fbb8525646000609712/aad2b2bddad2e5d686256895006eb841!OpenDocument,,2155edcf-a3c3-4e7e-9082-5252be09a111,,待获取
Final Rule,Docket 9826,1972-09-19,8,http://rgl.faa.gov/Regulatory_and_Guidance_Library/rgFinalRule.nsf/a09133bddc7f4fbb8525646000609712/3ca9c29ab66ba06e862568180067a141!OpenDocument,,9f9019a2-f559-4c40-9943-8fb41af971b6,,待获取
Final Rule,FAA-2013-0485,,1,,,,,无链接
Final Rule,FR 29 FR 17955,,1,,,3559a96a-311f-4af6-b74d-00e674b68338,,无链接
Final Rule,FR 34 FR 13089,,1,,,3559a96a-311f-4af6-b74d-00e674b68338,,无链接
Final Rule,FR 58 FR 42160,,1,,,3559a96a-311f-4af6-b74d-00e674b68338,,无链接
Final Rule,FR 58 FR 42165,,1,,,,,无链接
Final Rule,FR 61 FR 5145,,1,,,3559a96a-311f-4af6-b74d-00e674b68338,,无链接
Final Rule,FR 71 FR 537,,1,,,ec50ba0d-a3dd-4c2f-8300-0e7a565d2c42,,无链接
Final Rule,FR 81 FR 90169,,1,,,ec50ba0d-a3dd-4c2f-8300-0e7a565d2c42,,无链接
NPRM,Notice 10-05,,1,http://rgl.faa.gov/Regulatory_and_Guidance_Library/rgNPRM.nsf/2ed8a85bb3dd48e68525644900598dfb/e38835900cccd4ef862576f90068be14!OpenDocument,,bc0e0037-c56d-4048-a942-44020a4fe37c,https://www.govinfo.gov/content/pkg/FR-2010-04-02/pdf/2010-7525.pdf,已下载PDF
NPRM,Notice 63-41,1963-10-21,2,http://rgl.faa.gov/Regulatory_and_Guidance_Library/rgNPRM.nsf/2ed8a85bb3dd48e68525644900598dfb/26a1c43269b57522862568a1006b4151!OpenDocument,,7dc9658e-3129-43b2-86eb-8fbb6bc0be17,,待获取
NPRM,Notice 64-14,1964-03-03,1,http://rgl.faa.gov/Regulatory_and_Guidance_Library/rgNPRM.nsf/2ed8a85bb3dd48e68525644900598dfb/5a94802d8268fca58625681c004ca888!OpenDocument,,2ac023ad-5117-474c-84ee-3ac32139e140,,待获取
NPRM,Notice 64-17,1964-03-25,288,http://rgl.faa.gov/Regulatory_and_Guidance_Library/rgNPRM.nsf/2ed8a85bb3dd48e68525644900598dfb/5a316e2362b20f9486256bbc005353c0!OpenDocument,,5d6140f9-f34b-4760-a774-2b88646c529b,,待获取
NPRM,Notice 65-43,1965-12-28,3,http://rgl.faa.gov/Regulatory_and_Guidance_Library/rgNPRM.nsf/2ed8a85bb3dd48e68525644900598dfb/674e12c3bf2df5b4852567fb006a685d!OpenDocument,,149e8103-0cb5-4433-bc33-d37d16400c26,,待获取
NPRM,Notice 66-44,1966-12-22,1,http://rgl.faa.gov/Regulatory_and_Guidance_Library/rgNPRM.nsf/2ed8a85bb3dd48e68525644900598dfb/4e31cb3413bc3c3d86256866006f2ceb!OpenDocument,,f166583f-595a-46f7-8617-0447d93c92eb,,待获取
NPRM,Notice 67-14,1967-04-05,117,http://rgl.faa.gov/Regulatory_and_Guidance_Library/rgNPRM.nsf/2ed8a85bb3dd48e68525644900598dfb/c202519ed9abb786862568af004ec552!OpenDocument,,9bec9d96-cf02-495c-a8c3-fcffb046264b,,待获取
NPRM,Notice 67-30,1967-07-11,4,http://rgl.faa.gov/Regulatory_and_Guidance_Library/rgNPRM.nsf/2ed8a85bb3dd48e68525644900598dfb/95c77ee867f2baea86256895006a9ae8!OpenDocument,,aef2264d-1d11-4eb2-a7ee-e2c25df32f43,,待获取
NPRM,Notice 69-10,1969-03-14,1,http://rgl.faa.gov/Regulatory_and_Guidance_Library/rgNPRM.nsf/2ed8a85bb3dd48e68525644900598dfb/f063fb112376997486256895006f300c!OpenDocument,,2155edcf-a3c3-4e7e-9082-5252be09a111,,待获取
NPRM,Notice 70-21,1970-05-28,2,http://rgl.faa.gov/Regulatory_and_Guidance_Library/rgNPRM.nsf/2ed8a85bb3dd48e68525644900598dfb/07879316b7ae0832852567fc0050173e!OpenDocument,,79f95707-6acc-4528-8f9f-aca57427f9b0,,待获取
NPRM,Notice 70-25,1970-06-30,4,http://rgl.faa.gov/Regulatory_and_Guidance_Library/rgNPRM.nsf/2ed8a85bb3dd48e68525644900598dfb/55b267135ceb174586256895006e7ff5!OpenDocument,,534a1799-eeb0-4cb8-a7c9-aa1c0680ed0b,,待获取
NPRM,Notice 70-47,1970-11-18,8,http://rgl.faa.gov/Regulatory_and_Guidance_Library/rgNPRM.nsf/2ed8a85bb3dd48e68525644900598dfb/466038b2f7a4fe5886256818006a985c!OpenDocument,,9f9019a2-f559-4c40-9943-8fb41af971b6,,待获取
NPRM,Notice 71-12,1971-04-26,8,http://rgl.faa.gov/Regulatory_and_Guidance_Library/rgNPRM.nsf/2ed8a85bb3dd48e68525644900598dfb/f2270e9d828e0c3586256890004ad065!OpenDocument,,44b6258b-00bc-4493-b078-47da08c5ceb3,,待获取
NPRM,Notice 71-13,1971-04-27,47,http://rgl.faa.gov/Regulatory_and_Guidance_Library/rgNPRM.nsf/2ed8a85bb3dd48e68525644900598dfb/fed035ec25c67972862568af004c9ba2!OpenDocument,,5fecb3ab-ad18-4aa4-8fd1-0a11766a79b1,,待获取
NPRM,Notice 73-1,1973-01-18,2,http://rgl.faa.gov/Regulatory_and_Guidance_Library/rgNPRM.nsf/2ed8a85bb3dd48e68525644900598dfb/ff61c9d6f0bd7c308625690300601d8a!OpenDocument,,f88fa8fa-1d56-4909-b25e-bef66a10a0f4,,待获取
NPRM,Notice 74-33,1974-10-03,49,http://rgl.faa.gov/Regulatory_and_Guidance_Library/rgNPRM.nsf/2ed8a85bb3dd48e68525644900598dfb/9bdf57f1923db1798525679e005fb748!OpenDocument,,26d5724e-75ab-491d-bac2-c540dc8bd8ba,,待获取
NPRM,Notice 74-5,1974-02-14,46,,,,,无链接
NPRM,Notice 74-5A,1974-05-22,46,http://rgl.faa.gov/Regulatory_and_Guidance_Library/rgNPRM.nsf/2ed8a85bb3dd48e68525644900598dfb/fd6d71394a238c378525679e005f770b!OpenDocument,,26d5724e-75ab-491d-bac2-c540dc8bd8ba,,待获取
NPRM,Notice 74-5B,1974-10-03,46,http://rgl.faa.gov/Regulatory_and_Guidance_Library/rgNPRM.nsf/2ed8a85bb3dd48e68525644900598dfb/58fe41858cbd5a258525678a0042348f!OpenDocument,,26d5724e-75ab-491d-bac2-c540dc8bd8ba,,待获取
NPRM,Notice 74-5C,1974-11-25,46,http://rgl.faa.gov/Regulatory_and_Guidance_Library/rgNPRM.nsf/2ed8a85bb3dd48e68525644900598dfb/1af40a290f803ae48525679e00608bb5!OpenDocument,,26d5724e-75ab-491d-bac2-c540dc8bd8ba,,待获取
NPRM,Notice 74-5D,1975-02-04,46,http://rgl.faa.gov/Regulatory_and_Guidance_Library/rgNPRM.nsf/2ed8a85bb3dd48e68525644900598dfb/af3a80ab4dfc97578525679e0060725c!OpenDocument,,26d5724e-75ab-491d-bac2-c540dc8bd8ba,,待获取
NPRM,Notice 75-10,1975-02-27,126,http://rgl.faa.gov/Regulatory_and_Guidance_Library/rgNPRM.nsf/2ed8a85bb3dd48e68525644900598dfb/f2d74ab90baf8bde85256789006b8a22!OpenDocument,,56c68851-f38d-4d58-ba75-0e0f6e67e09c,,待获取
NPRM,Notice 75-19,1975-05-13,80,http://rgl.faa.gov/Regulatory_and_Guidance_Library/rgNPRM.nsf/2ed8a85bb3dd48e68525644900598dfb/047411ca0783a8768525678a00439fa8!OpenDocument,,26d5724e-75ab-491d-bac2-c540dc8bd8ba,,待获取
NPRM,Notice 75-20,1975-05-13,32,,,,,无链接
NPRM,Notice 75-23,1975-05-19,65,,,,,无链接
NPRM,Notice 75-25,1975-05-29,61,http://rgl.faa.gov/Regulatory_and_Guidance_Library/rgNPRM.nsf/2ed8a85bb3dd48e68525644900598dfb/759fc8554d8c6b8b852568b60068edfd!OpenDocument,,56c68851-f38d-4d58-ba75-0e0f6e67e09c,,待获取
NPRM,Notice 75-26,1975-06-09,63,,,,,无链接
NPRM,Notice 75-31,1975-06-30,64,,,,,无链接
NPRM,Notice 77-20,1977-08-24,1,http://rgl.faa.gov/Regulatory_and_Guidance_Library/rgNPRM.nsf/2ed8a85bb3dd48e68525644900598dfb/5787707f497b03118625683a005a2352!OpenDocument,,70622bb1-2b10-42fe-b8cf-490efbb87483,,待获取
NPRM,Notice 78-16,1978-11-29,1,http://rgl.faa.gov/Regulatory_and_Guidance_Library/rgNPRM.nsf/2ed8a85bb3dd48e68525644900598dfb/376cdf4ca6332fe086256905006be3cc!OpenDocument,,d3c75aeb-b3dd-4323-94b1-6b2d12447cb3,,待获取
NPRM,Notice 79-2,1979-01-11,1,http://rgl.faa.gov/Regulatory_and_Guidance_Library/rgNPRM.nsf/2ed8a85bb3dd48e68525644900598dfb/802830d05d1c0301852567a8005d2e08!OpenDocument,,c3d550e8-2ede-42e4-9ebe-49e6b578a750,,待获取
NPRM,Notice 79-2A,1981-07-27,1,http://rgl.faa.gov/Regulatory_and_Guidance_Library/rgNPRM.nsf/2ed8a85bb3dd48e68525644900598dfb/c0cfe7620a140e7b852567a8005e42a3!OpenDocument,,c3d550e8-2ede-42e4-9ebe-49e6b578a750,,待获取
NPRM,Notice 79-2B,1981-12-07,1,http://rgl.faa.gov/Regulatory_and_Guidance_Library/rgNPRM.nsf/2ed8a85bb3dd48e68525644900598dfb/2de932fd424fc35d852567a8005ea02c!OpenDocument,,c3d550e8-2ede-42e4-9ebe-49e6b578a750,,待获取
NPRM,Notice 79-2C,1984-12-13,1,http://rgl.faa.gov/Regulatory_and_Guidance_Library/rgNPRM.nsf/2ed8a85bb3dd48e68525644900598dfb/a0fdefb4512dad35852567a8005f57c2!OpenDocument,,c3d550e8-2ede-42e4-9ebe-49e6b578a750,,待获取
NPRM,Notice 80-21,1980-11-10,14,http://rgl.faa.gov/Regulatory_and_Guidance_Library/rgNPRM.nsf/2ed8a85bb3dd48e68525644900598dfb/8fd67ecbf1d3675a852567f400640add!OpenDocument,,080fe69a-d1f3-433e-9e44-84fa59f1380d,,待获取
NPRM,Notice 80-23,1980-11-28,6,http://rgl.faa.gov/Regulatory_and_Guidance_Library/rgNPRM.nsf/2ed8a85bb3dd48e68525644900598dfb/fbdaa6c02ea80ff386256824004d931e!OpenDocument,,9cb2c4ad-054d-4731-80a0-bf0dab7a3aac,,待获取
NPRM,Notice 80-3,1980-02-21,1,http://rgl.faa.gov/Regulatory_and_Guidance_Library/rgNPRM.nsf/2ed8a85bb3dd48e68525644900598dfb/a1aa2007db458721862569a800664014!OpenDocument,,db2a4124-62ce-4dea-a148-0f107ac862d7,,待获取
NPRM,Notice 82-16,1982-09-30,1,http://rgl.faa.gov/Regulatory_and_Guidance_Library/rgNPRM.nsf/2ed8a85bb3dd48e68525644900598dfb/f0f7f450abfd419a8625689b00696ba7!OpenDocument,,4d00b074-e27b-48d2-95f6-1a2c71d18fb0,,待获取
NPRM,Notice 83-17,1983-09-23,64,http://rgl.faa.gov/Regulatory_and_Guidance_Library/rgNPRM.nsf/2ed8a85bb3dd48e68525644900598dfb/b230390f3ec327ad862568240050bc82!OpenDocument,,8721f4a3-12be-4ab9-b77d-1ee89c7cc168,,待获取
NPRM,Notice 84-12,1984-05-11,4,http://rgl.faa.gov/Regulatory_and_Guidance_Library/rgNPRM.nsf/2ed8a85bb3dd48e68525644900598dfb/ddcc150a2daed7da8625694400754b03!OpenDocument,,2fe1df85-c32d-4cd0-9b95-609e9d6f8b77,,待获取
NPRM,Notice 84-2,1983-11-18,1,http://rgl.faa.gov/Regulatory_and_Guidance_Library/rgNPRM.nsf/2ed8a85bb3dd48e68525644900598dfb/a29d0269c276475b86256935006f5954!OpenDocument,,1eed58e6-c0de-4318-bf3b-7cf821112ab0,,待获取
NPRM,Notice 85-11,1985-04-28,2,http://rgl.faa.gov/Regulatory_and_Guidance_Library/rgNPRM.nsf/2ed8a85bb3dd48e68525644900598dfb/6846a8f06fd1fea986256824004fd400!OpenDocument,,2fb186bd-1b22-4ef0-8bac-ef3306e96df1,,待获取
NPRM,Notice 86-14,1986-09-11,1,http://rgl.faa.gov/Regulatory_and_Guidance_Library/rgNPRM.nsf/2ed8a85bb3dd48e68525644900598dfb/cbdba41b95f174c786256936005172f6!OpenDocument,,5854d0bc-9172-49b7-9f35-8d687c135eff,,待获取
NPRM,Notice 86-19,1986-11-28,12,http://rgl.faa.gov/Regulatory_and_Guidance_Library/rgNPRM.nsf/2ed8a85bb3dd48e68525644900598dfb/785298952a9df914862568fc00506d08!OpenDocument,,2892e01c-8dc1-423a-85c0-974ac34d7e2c,,待获取
NPRM,Notice 88-1,1988-02-09,4,http://rgl.faa.gov/Regulatory_and_Guidance_Library/rgNPRM.nsf/2ed8a85bb3dd48e68525644900598dfb/07d8979cc454b70c8625689400572859!OpenDocument,,49749914-8410-4d0d-8aef-c1f8e6ad27c0,,待获取
NPRM,Notice 88-9,1988-05-16,2,http://rgl.faa.gov/Regulatory_and_Guidance_Library/rgNPRM.nsf/2ed8a85bb3dd48e68525644900598dfb/40244e92985ac02b8625682400587151!OpenDocument,,fca7b684-24b0-44cc-8968-13595ad9f12a,,待获取
NPRM,Notice 89-5,1989-02-23,28,http://rgl.faa.gov/Regulatory_and_Guidance_Library/rgNPRM.nsf/2ed8a85bb3dd48e68525644900598dfb/f93372a93f53318c862569a80065f55c!OpenDocument,,83298c04-74cc-43bc-be85-41587b8140e0,,待获取
NPRM,Notice 89-6,1989-02-23,3,http://rgl.faa.gov/Regulatory_and_Guidance_Library/rgNPRM.nsf/2ed8a85bb3dd48e68525644900598dfb/489e2d8e93c279988525692300633b3d!OpenDocument,,d59a92a5-68ee-4a4f-965d-851d068e0af9,,待获取
NPRM,Notice 90-18,1990-06-15,82,http://rgl.faa.gov/Regulatory_and_Guidance_Library/rgNPRM.nsf/2ed8a85bb3dd48e68525644900598dfb/646bfd6587baf0ad852569230061a774!OpenDocument,,a3b3e22d-0ead-4a40-b992-58f9166bc6cb,,待获取
NPRM,Notice 90-20,1990-08-23,9,http://rgl.faa.gov/Regulatory_and_Guidance_Library/rgNPRM.nsf/2ed8a85bb3dd48e68525644900598dfb/48828e2d4e85d88986256903004798cd!OpenDocument,,1d488d69-dc82-4181-9237-96857e36471c,,待获取
NPRM,Notice 90-23,1990-09-17,83,http://rgl.faa.gov/Regulatory_and_Guidance_Library/rgNPRM.nsf/2ed8a85bb3dd48e68525644900598dfb/d5ba83fed7884bd386256d63004fd56d!OpenDocument,,e1677d0b-fff9-4385-9650-daf31a2e9bad,,待获取
NPRM,Notice 91-12,1990-04-02,3,http://rgl.faa.gov/Regulatory_and_Guidance_Library/rgNPRM.nsf/2ed8a85bb3dd48e68525644900598dfb/994985f761e55176862568f9006ca0a4!OpenDocument,,ff45eeb5-74ad-416b-9f92-05d95b6446c8,,待获取
NPRM,Notice 94-19,1994-06-22,36,http://rgl.faa.gov/Regulatory_and_Guidance_Library/rgNPRM.nsf/2ed8a85bb3dd48e68525644900598dfb/7ef99bb258df955a86256935006fe4c8!OpenDocument,,33fdf41b-26f2-410e-89d3-2cc5aa479a55,,待获取
NPRM,Notice 94-20,1994-07-05,40,http://rgl.faa.gov/Regulatory_and_Guidance_Library/rgNPRM.nsf/2ed8a85bb3dd48e68525644900598dfb/d9697b34cbf28ac586256991005a3b92!OpenDocument,,474dfe0d-85b6-473a-839f-f4068c9299a6,,待获取
NPRM,Notice 94-21,1994-07-14,44,http://rgl.faa.gov/Regulatory_and_Guidance_Library/rgNPRM.nsf/2ed8a85bb3dd48e68525644900598dfb/3c834a8ca641b1ca8525692300602fdd!OpenDocument,,e4821950-881a-453b-b266-b2def9e05047,,待获取
NPRM,Notice 94-22,1994-07-19,55,http://rgl.faa.gov/Regulatory_and_Guidance_Library/rgNPRM.nsf/2ed8a85bb3dd48e68525644900598dfb/22349357a136f9b585256923005eeb23!OpenDocument,,f172f519-455c-46b1-9fe0-a98642fb9d29,,待获取
NPRM,Notice 94-37,1994-12-21,1,http://rgl.faa.gov/Regulatory_and_Guidance_Library/rgNPRM.nsf/2ed8a85bb3dd48e68525644900598dfb/9333347042f7f720862568f9006d7ce1!OpenDocument,,f8284213-b838-44c1-9260-958387db1ad0,,待获取
NPRM,Notice 96-12,1996-08-02,2,http://rgl.faa.gov/Regulatory_and_Guidance_Library/rgNPRM.nsf/2ed8a85bb3dd48e68525644900598dfb/4fc87ae63811cda486256827005bc1cc!OpenDocument,,d742e5d7-ff17-4b1b-bac6-d71d1ec09ee7,https://www.govinfo.gov/content/pkg/FR-1996-08-09/pdf/96-20265.pdf,已下载PDF
NPRM,Notice 98-19,1999-11-09,1,http://rgl.faa.gov/Regulatory_and_Guidance_Library/rgNPRM.nsf/2ed8a85bb3dd48e68525644900598dfb/467be466144c1d968625686b0066de76!OpenDocument,,6d07aa05-6bbe-4395-8b29-c1e7eefa23b3,,待获取
