kind,unid,docUniqueId,drsId,mimeType,multiFile,status,docket,notice,amendment,issueDate,effectiveDate,citation,subject
FinalRule,F91411917BF0D9B38625683A006F0E6F,F91411917BF0D9B38625683A006F0E6F.0001,81f16434-f3a9-46d8-bb81-396b9dfcf1d5,application/pdf,True,Current,11010,,,09/20/1974,10/31/1974,,
FinalRule,6E42470BEDA38BD08625680400660E8C,6E42470BEDA38BD08625680400660E8C.0001,6333c862-49c5-4e8e-b856-2be61f5fc0e7,text/html,False,Current,"14606, 14324",,,03/10/1977,05/02/1977,,
FinalRule,A95AF4C6BE88807E862568240073CDCD,A95AF4C6BE88807E862568240073CDCD.0001,5c29468f-d563-44c7-87e6-41b853c540e7,application/pdf,True,Current,"14684, 14324",,,01/09/1978,03/01/1978,,
FinalRule,58A9C9E6F1D23036862572A5005775E5,58A9C9E6F1D23036862572A5005775E5.0001,76e75a90-0c6b-4240-91ef-b645129356cd,application/pdf,True,Current,18334,,,08/07/1989,,,
FinalRule,685FDFAF2A675A2F86256915004E6B47,685FDFAF2A675A2F86256915004E6B47.0001,dc357667-1a8b-4d47-9eb3-5e7014dc1a15,application/pdf,True,Current,25811,,,12/21/1990,02/04/1991,,
FinalRule,C7910C3BF2FE9799852567A9005B9BFA,C7910C3BF2FE9799852567A9005B9BFA.0001,522c54f5-bcb3-492a-9d8f-878a6ca2aae7,text/html,False,Current,28417,,,12/20/1995,12/28/1995,,
FinalRule,CE88E7A907B49F038625720C0071F80F,CE88E7A907B49F038625720C0071F80F.0001,e7fe6fa0-ded4-4733-b98c-851853ca0dce,application/pdf,True,Current,27807,,,01/29/1996,,,
FinalRule,31EC424D58A9F2FE862580A400771618,31EC424D58A9F2FE862580A400771618.0001,f50b80f9-eab7-4575-b2dd-38915455fa61,text/html,False,Current,FAA-2013-0485,,,11/07/2016,03/13/2018,,
FinalRule,40244E92985AC02B8625682400587151,40244E92985AC02B8625682400587151.0001,a5a4c881-0ff6-4cd3-bf2c-fc5fcfe67c93,application/pdf,True,Current,25613,,,07/26/1990,09/10/1990,,
FinalRule,1A4AE1C99369064286256B84005DF0B0,1A4AE1C99369064286256B84005DF0B0.0001,fcda24af-61e3-4fab-b6d2-82730e4b661d,text/html,False,Current,FAA-2002-11670,,,02/22/2002,03/01/2002,,
FinalRule,4C87BDD425AB1022862568240071E92B,4C87BDD425AB1022862568240071E92B.0001,902ba73b-21c4-4d6c-8967-a996941e2624,application/pdf,True,Current,14052,,,12/31/1974,02/14/1975,,
FinalRule,89C6A67BC5E1D8E98525679E0061EBCF,89C6A67BC5E1D8E98525679E0061EBCF.0001,df0b7e74-4e03-4b8f-be49-6ca5f5310d39,application/pdf,True,Current,14324,,,12/13/1976,02/01/1977,,
FinalRule,670434A8535ED50F852567F2005AF4B5,670434A8535ED50F852567F2005AF4B5.0001,a0287f1f-6bdd-4d6f-a476-1944e7448946,text/html,False,Current,"14779, 14324",,,08/27/1980,10/14/1980,,
FinalRule,06FD1A75C258817C8625681F006B1F38,06FD1A75C258817C8625681F006B1F38.0001,7a4c0726-d76a-4247-80b3-9a6367b75d8d,application/pdf,True,Current,23815,,,11/06/1985,12/12/1985,,
FinalRule,7CFF8EDF810B8C1C862571320052B21D,7CFF8EDF810B8C1C862571320052B21D.0001,12b7e0d2-9702-4f95-addf-262cf76b1d55,text/html,False,Current,23516,,,01/08/1987,02/17/1987,,
FinalRule,076603823FB5CB2D8625809900643654,076603823FB5CB2D8625809900643654.0001,291db130-1f39-4dd5-b1f5-6125c025c630,text/html,False,Current,FAA-2015-1621,,,12/12/2016,08/30/2017,,
FinalRule,1918F11D69D6C14D86256BBC0053CC3D,1918F11D69D6C14D86256BBC0053CC3D.0001,8038d7a6-1d24-4491-8781-2cdf2aaa9dab,application/pdf,True,Current,4080,,,09/28/1964,02/01/1965,,
FinalRule,846D96E4B55E964886256819006DC2D1,846D96E4B55E964886256819006DC2D1.0001,9bfa5e32-ff84-4ec5-8df0-d94c2b236247,application/pdf,True,Current,1186,,,06/21/1965,07/29/1965,,
FinalRule,7BDB6DE34C79FBC286256866006E0EB8,7BDB6DE34C79FBC286256866006E0EB8.0001,b97ed077-00fb-4f84-9c7f-4a7a85ef6210,application/pdf,True,Current,2029,,,06/24/1965,08/01/1965,,
FinalRule,F4FBC5F56EAECF63862568A100735640,F4FBC5F56EAECF63862568A100735640.0001,61ab96e1-38ae-4469-8e8f-1d8a6b0ca734,application/pdf,True,Current,7012,,,11/04/1965,11/11/1965,,
FinalRule,68C0ACDF982AC647862569E40046E88A,68C0ACDF982AC647862569E40046E88A.0001,025236c3-ebd8-4bb7-bbe1-e453124938e8,text/html,False,Current,8092,,,04/07/1967,04/14/1967,,
FinalRule,530D8EB56D6CE5638625681700638035,530D8EB56D6CE5638625681700638035.0001,25c95cb2-ec5c-4f2a-a6ad-226bd85920ac,application/pdf,True,Current,7095,,,04/28/1967,06/04/1967,,
FinalRule,EC8CEF74610F2CC88625686600705424,EC8CEF74610F2CC88625686600705424.0001,0f8e473c-9779-474e-9cbb-7a249e6ec243,application/pdf,True,Current,7831,,,05/16/1967,08/01/1967,,
FinalRule,CAB86E9320632559862568CD00640E7B,CAB86E9320632559862568CD00640E7B.0001,25bc37b8-710f-4194-8584-1195491525be,application/pdf,True,Current,8083,,,08/01/1969,09/14/1969,,
FinalRule,B5560A38A25EF7B48625725D006C7CB3,B5560A38A25EF7B48625725D006C7CB3.0001,dfecff4d-e805-440d-b18c-3510ba32c5b9,text/html,False,Current,9485,,,12/31/1969,02/05/1970,,
FinalRule,045E0C52837397C2862568940054EBF8,045E0C52837397C2862568940054EBF8.0001,467cead1-a1ea-4073-98f4-a7d89f95f06f,application/pdf,True,Current,8281,,,04/13/1970,06/17/1970,,
FinalRule,0278F44D4C3757D78625731C00736A5B,0278F44D4C3757D78625731C00736A5B.0001,44815f9d-f4ea-4973-9e48-0615940fe554,application/pdf,True,Current,10405,,,02/05/1971,,,
FinalRule,BFF46F005784B3E886256895005D1DBF,BFF46F005784B3E886256895005D1DBF.0001,8e9d66eb-4325-44a2-a07c-4fbbe9727bde,text/html,False,Current,10405,,,02/05/1971,03/13/1971,,
FinalRule,E76199BEB6066338852567FB006231A7,E76199BEB6066338852567FB006231A7.0001,00b0c7f1-efaf-49fb-9cff-01cba75bbf0b,application/pdf,True,Current,10129,,,07/01/1971,08/11/1971,,
FinalRule,8AF0911BB075E50A8625681600554C6F,8AF0911BB075E50A8625681600554C6F.0001,fb78b532-423f-4c25-8dfc-4c5e2f31bb6b,application/pdf,True,Current,11479,,,10/28/1971,11/05/1971,,
FinalRule,3CA9C29AB66BA06E862568180067A141,3CA9C29AB66BA06E862568180067A141.0001,09c0fe58-e378-4200-a4ba-f050a17e2b2b,application/pdf,True,Current,9826,,,09/19/1972,10/23/1972,,
FinalRule,4F1496F8ABDFF2A78625689B006A38D6,4F1496F8ABDFF2A78625689B006A38D6.0001,d46b106d-097d-45e0-858b-4c383a2c95b5,application/pdf,True,Current,11011,,,11/07/1973,12/20/1973,,
FinalRule,5876FCD35C483DD48625690300468BFD,5876FCD35C483DD48625690300468BFD.0001,7c8f0a28-969f-4b5d-b5f9-0d9ac0b3f0ed,application/pdf,True,Current,10162,,,06/09/1977,07/18/1977,,
FinalRule,81861487D2E1C3AC8625681700729983,81861487D2E1C3AC8625681700729983.0001,7def2f97-3c10-436f-b761-cc7231e19b07,application/pdf,True,Current,14625,,,07/11/1977,09/01/1977,,
FinalRule,20628997126D856C86256818006747DE,20628997126D856C86256818006747DE.0001,8c2c48de-131e-4249-bb1c-53bc9b4ebee9,application/pdf,True,Current,17154,,,09/28/1978,12/04/1978,,
FinalRule,044BEAA9AF0F8CB4862568550056B781,044BEAA9AF0F8CB4862568550056B781.0001,4e9d6d71-2794-4e6b-bac2-62712e2e68a0,application/pdf,True,Current,"14324, 14606, 14625, 14685, 14779",,,10/20/1978,12/01/1978,,
FinalRule,1116D41B19BD7D73862568B3006FE96C,1116D41B19BD7D73862568B3006FE96C.0001,4b542aea-72f7-44fc-9d49-8e846d3aa753,application/pdf,True,Current,18564,,,11/21/1979,12/31/1979,,
FinalRule,D074ACB87DC02C4F86256804006A9186,D074ACB87DC02C4F86256804006A9186.0001,0c1be1ef-924a-4ea6-978a-6673fc8aa424,application/pdf,True,Current,"14779, 14324",,,01/29/1980,03/06/1980,,
FinalRule,12DCC877E2DB08DB862569030046D470,12DCC877E2DB08DB862569030046D470.0001,03b8ea9c-0023-4fc0-a0b8-5b3343f8c932,application/pdf,True,Current,20052,,,10/10/1980,11/19/1980,,
FinalRule,E0ABFC0008A29BE7862568AF004D7327,E0ABFC0008A29BE7862568AF004D7327.0001,adcf681f-5427-409c-9d4d-2c3cef9785a3,text/html,False,Current,21129,,,02/26/1982,04/28/1982,,
FinalRule,0EABDA6429963E0C862568040066C728,0EABDA6429963E0C862568040066C728.0001,71dc8f36-934e-4d98-be27-875f3edac4db,text/html,False,Current,16919,,,12/16/1983,03/26/1984,,
FinalRule,404C8C88754D790E862572410076AE6D,404C8C88754D790E862572410076AE6D.0001,664a7164-2752-4ad7-8643-dbd78fcbae97,application/pdf,True,Current,16919,,,12/16/1984,,,
FinalRule,FF05904A31E9650086256895005BC71F,FF05904A31E9650086256895005BC71F.0001,9545cf88-69f3-4a24-b9dc-789b9cc09ac8,application/pdf,True,Current,21571,,,01/31/1984,03/29/1984,,
FinalRule,4DC9DBE6D75945FA8625699200649D50,4DC9DBE6D75945FA8625699200649D50.0001,413fa77b-2c96-44f0-9654-90b29f14f6a5,text/html,False,Current,23826,,,11/02/1984,12/28/1984,,
FinalRule,21845580268427D086256915004D8791,21845580268427D086256915004D8791.0001,432b4472-cb81-4598-a163-3f8391889821,application/pdf,True,Current,24191,,,07/07/1986,08/11/1986,,
FinalRule,22141D4A872E634286256D6A006F1437,22141D4A872E634286256D6A006F1437.0001,95ad8f1e-d6f8-489d-9383-b7288cce815b,application/pdf,True,Current,25530,,,06/30/1988,10/11/1988,,
FinalRule,5DA5A477CA95BBAB862568F9006C597C,5DA5A477CA95BBAB862568F9006C597C.0001,d4cddb24-cdb4-4cf3-b8e6-71bbb2aad857,application/pdf,True,Current,25147,,,08/08/1988,09/14/1988,,
FinalRule,A93D35351FCC298B8625690300457991,A93D35351FCC298B8625690300457991.0001,0d721af6-093e-4518-89a2-ac07c05db03b,application/pdf,True,Current,25086,,,09/21/1989,10/26/1989,,
FinalRule,92BE987DFDB11ACB862568FC004636DF,92BE987DFDB11ACB862568FC004636DF.0001,59737dd8-dc4f-4f18-a0e8-c48ea064ef14,application/pdf,True,Current,23516,,,04/26/1990,05/02/1990,,
FinalRule,5C0D23F4E14BAF21862569F5005AFC6A,5C0D23F4E14BAF21862569F5005AFC6A.0001,27e1ead3-7bf9-4af8-8b25-2d2ca54bd64c,application/pdf,True,Current,25812,,,10/22/1990,11/26/1990,,
FinalRule,1145918187CD6EF486256D63004CB03C,1145918187CD6EF486256D63004CB03C.0001,ef4bca67-016d-4d68-a8c3-b46d38e48107,application/pdf,True,Current,26344,,,03/29/1993,05/10/1993,,
FinalRule,5E74C4D5900B8400862569030060EFC4,5E74C4D5900B8400862569030060EFC4.0001,c79cb5ed-2f19-4d4d-89af-890fd20b9d12,application/pdf,True,Current,23746,,,07/07/1993,08/18/1993,,
FinalRule,D9B03117BC05EDD9862569030062B2B0,D9B03117BC05EDD9862569030062B2B0.0001,4be1ae5a-bc28-4a32-a449-0514977339a8,application/pdf,True,Current,26269,,,07/28/1993,09/07/1993,,
FinalRule,CCF474B23BB52BA186256915004EC070,CCF474B23BB52BA186256915004EC070.0001,8bc6a1ba-ad18-47e1-b650-c1dcdde34b05,application/pdf,True,Current,26324,,,05/11/1994,06/16/1994,,
FinalRule,66F2CDD52A75F3348625742E0061BB5E,66F2CDD52A75F3348625742E0061BB5E.0001,ba2b5125-11f0-4bd4-b39a-6d458adaf221,text/html,False,Current,27805,,,04/07/2008,04/11/2008,,
FinalRule,2EDD55C059C6C99986256827005ADABB,2EDD55C059C6C99986256827005ADABB.0001,759678dc-41dc-4734-b72a-d31b5782a1f5,application/pdf,True,Current,27805,,,01/29/1996,03/11/1996,,
FinalRule,BE57557E4ACE740586256827005C872B,BE57557E4ACE740586256827005C872B.0001,3c8304e7-15a6-43b1-971c-4f099d9370be,text/html,False,Current,27806,,,01/29/1996,03/11/1996,,
FinalRule,4956903F7D72A64786256817004D748A,4956903F7D72A64786256817004D748A.0001,2d680310-47f0-4727-9e0f-5e1af7773a7d,text/html,False,Current,27807,,,01/29/1996,03/11/1996,,
FinalRule,AB9B3989399B0160862568170061DD86,AB9B3989399B0160862568170061DD86.0001,321c486a-8b96-4398-8766-c1545d8426a2,text/html,False,Current,27804,,,01/29/1996,03/11/1996,,
FinalRule,A3CC7791B54951AF8625682700595775,A3CC7791B54951AF8625682700595775.0001,5b64135c-ec7d-420b-99a4-afd7b2979fd4,application/pdf,True,Current,28011,,,03/21/1996,07/25/1996,,
FinalRule,EAFCBB06E539A70B8625683A0052A912,EAFCBB06E539A70B8625683A0052A912.0001,15a664b6-be56-4d52-815c-66df81985d28,text/html,False,Current,28652,,,03/20/1998,04/30/1998,,
FinalRule,97BA0ED6B1D5D189862569680047F07E,97BA0ED6B1D5D189862569680047F07E.0001,089d8836-5a8e-4cb4-965e-d24384e5dcd9,text/html,False,Current,FAA-1998-4815,,,09/05/2000,12/13/2000,,
FinalRule,8B2719DF77B457DF86256E14004D6528,8B2719DF77B457DF86256E14004D6528.0001,47646cd0-327f-4cdc-84db-399e29a1fbce,text/html,False,Current,FAA-1998-4815,,,12/18/2003,01/01/2004,,
FinalRule,991A04B1C61619AF8625735C006FBB16,991A04B1C61619AF8625735C006FBB16.0001,0f8ec558-306b-4888-ad44-6e2af50d1506,text/html,False,Current,FAA-2006-23657,,,07/30/2007,09/05/2007,,
FinalRule,F9D914173DE12B7F8625740800701A7D,F9D914173DE12B7F8625740800701A7D.0001,ecd63cc0-e14e-4f81-b454-f129d114c52a,text/html,False,Current,FAA-2005-20245,,,02/19/2008,04/07/2008,,
FinalRule,200E58C0E129F20B862575F30063D303,200E58C0E129F20B862575F30063D303.0001,8026ae01-a817-4e32-9728-6bb599355983,text/html,False,Current,FAA-2005-20245,,,07/02/2009,07/09/2009,,
FinalRule,D4890D3135EB44A2862574F9006FEDD9,D4890D3135EB44A2862574F9006FEDD9.0001,c46a9a8a-d5bc-4bb7-b198-3f410c9fa3d7,text/html,False,Current,2007-27310,,,10/12/2008,12/23/2008,,
FinalRule,076F4272DDAACE77862578A9004A3D9D,076F4272DDAACE77862578A9004A3D9D.0001,9f9952de-0973-44f7-87ef-d7b09f4fc2db,text/html,False,Current,FAA-2010-0224,,,05/20/2011,08/08/2011,,
FinalRule,F1CC2B18AD194C6A862579810053337C,F1CC2B18AD194C6A862579810053337C.0001,93d58385-6005-4208-bea2-c5a8335c91f1,text/html,False,Current,FAA-2009-0738,,,11/16/2011,01/31/2012,,
FinalRule,306D29636930DC2D852567F2005B26D3,306D29636930DC2D852567F2005B26D3.0001,a7b42dc4-852e-47e2-afa4-1aa729fb24b7,text/html,False,Current,"3096, 5085",,,10/14/1964,02/01/1965,,
FinalRule,156BD2C74357B3B086257249007831B6,156BD2C74357B3B086257249007831B6.0001,7f3b2551-b747-4838-bb82-221820b90d35,application/pdf,True,Current,18315,,,09/07/1979,,,
FinalRule,E6572A0F4653CE95862572A6005A34DA,E6572A0F4653CE95862572A6005A34DA.0001,e7517a1e-64e4-4739-a99c-49bfd9013d7e,application/pdf,True,Current,18315,,,04/07/1980,,,
FinalRule,D93F93A72C92EEAF8625721100486C3F,D93F93A72C92EEAF8625721100486C3F.0001,fc4865d0-7326-41ff-b146-26935c0dd960,application/pdf,True,Current,27806,,,03/06/1996,,,
FinalRule,FR-CFRFRSFAR-2022-23327-00000000,FR-CFRFRSFAR-2022-23327-00000000.0001,b909bf40-866c-42b8-837c-1304347170ff,text/html,False,Current,Docket No. FAA-2022-1355,,,10/21/2022,12/09/2022,,
FinalRule,FR-CFRFRSFAR-2023-00139-00000000,FR-CFRFRSFAR-2023-00139-00000000.0001,4faf5f32-a226-4f8d-adfb-b40d79ee9ffb,text/html,False,Current,Docket No. FAA-2022-1355,,,01/03/2023,01/18/2023,,
NPRM,FR-NPRM-2022-04845-0000000000000,FR-NPRM-2022-04845-0000000000000.0001,1719bfb6-ee5a-4d5d-86d8-a4e5916c6fb2,text/html,False,Current,Docket No. FAA-2022-0217,,,03/02/2022,,,
NPRM,DFC05A0A69B7422186257F76004EA815,DFC05A0A69B7422186257F76004EA815.0001,38bb598b-cb3b-44ff-89d0-d496e9948b75,text/html,False,Current,FAA-2015-1621,,,03/07/2016,,,
NPRM,D1F3378F1EB8250886257B870047DC9C,D1F3378F1EB8250886257B870047DC9C.0001,8a5d761b-6fbf-4af7-81cc-1a7c333043d2,text/html,False,Current,FAA-2013-0485,,,05/30/2013,,,
NPRM,E38835900CCCD4EF862576F90068BE14,E38835900CCCD4EF862576F90068BE14.0001,1b111c2c-6171-430c-95cd-ce2cda89d611,text/html,False,Current,FAA-2010-0224,,,03/29/2010,,,
NPRM,2F84A29B7224E9D986257670005E4942,2F84A29B7224E9D986257670005E4942.0001,4d1c5ccb-4ca2-4f63-a139-cf59b45420f2,text/html,False,Current,FAA-2009-0738,,,11/10/2009,,,
NPRM,0AE4869D591CB84186257A090052A25E,0AE4869D591CB84186257A090052A25E.0001,fc505252-48bf-4e86-b258-201ab5ebde2d,application/pdf,True,Current,FAA-2009-0738,,,08/06/2009,,,
NPRM,507FB7FB8DD42F6D8625742400671016,507FB7FB8DD42F6D8625742400671016.0001,fab4d3d0-d48e-4fb6-8f35-929a8e94e9a7,text/html,False,Current,FAA-2007-27310,,,06/14/2007,,,
NPRM,871A124A09F7BA44862572BA005A98D5,871A124A09F7BA44862572BA005A98D5.0001,57911fb6-2042-4b7e-959c-dbced29bd667,text/html,False,Current,2007-27310,,,03/26/2007,,,
NPRM,7C16B9F74D084B5A862571090076F5F3,7C16B9F74D084B5A862571090076F5F3.0001,6474d362-f039-4899-9169-b4659d085b8b,text/html,False,Current,FAA-2006-23657,,,01/25/2006,,,
NPRM,4B57C4DD46BDEE0486256FF0005C0C1B,4B57C4DD46BDEE0486256FF0005C0C1B.0001,55e72428-3182-4277-a2c1-ebaf76cc0c85,text/html,False,Current,FAA-2005-20245,,,04/21/2005,,,
NPRM,A4E82736777CC49E86256FB70070F45A,A4E82736777CC49E86256FB70070F45A.0001,600a1dbf-c830-4efa-a8fd-57aa1f692596,text/html,False,Current,FAA-2005-20245,,,02/22/2005,,,
NPRM,28B205C039A6BB3B8625687A00497B60,28B205C039A6BB3B8625687A00497B60.0001,51a74695-4756-4289-8e68-42d676d4f0f2,text/html,False,Current,24494,,,12/21/1999,,,
NPRM,467BE466144C1D968625686B0066DE76,467BE466144C1D968625686B0066DE76.0001,834053a7-f30f-472d-87ce-11fbb54d93c8,text/html,False,Current,FAA-1998-4815,,,12/02/1998,,,
NPRM,5E2AB216914DEC3B8625683A0057C7E1,5E2AB216914DEC3B8625683A0057C7E1.0001,a3d82269-7884-4494-9cfa-14c7a0854d49,text/html,False,Current,6-30-1998,,,06/22/1998,,,
NPRM,4FC87AE63811CDA486256827005BC1CC,4FC87AE63811CDA486256827005BC1CC.0001,9db0bd70-2c31-43fb-800f-c6c7343081a3,text/html,False,Current,28652,,,08/02/1996,,,
NPRM,66451A9752A9F0F286256816006C8BAB,66451A9752A9F0F286256816006C8BAB.0001,a7cd7a0a-ea6c-4b16-aa44-068cb9cfe210,text/html,False,Current,27316,,,10/25/1995,,,
NPRM,9333347042F7F720862568F9006D7CE1,9333347042F7F720862568F9006D7CE1.0001,e14a0aa0-8c0d-4e15-baa0-3782d482508f,text/html,False,Current,28011,,,12/21/1994,,,
NPRM,22349357A136F9B585256923005EEB23,22349357A136F9B585256923005EEB23.0001,b04eca5b-beff-4080-b742-fd368d5a1c0e,text/html,False,Current,27807,,,07/19/1994,,,
NPRM,3C834A8CA641B1CA8525692300602FDD,3C834A8CA641B1CA8525692300602FDD.0001,ca7adc6b-107a-42be-ae28-7c16fb8c0b42,text/html,False,Current,27806,,,07/14/1994,,,
NPRM,D9697B34CBF28AC586256991005A3B92,D9697B34CBF28AC586256991005A3B92.0001,1241ee15-3791-4e08-9df4-bd9b4079218a,text/html,False,Current,27805,,,07/05/1994,,,
NPRM,7EF99BB258DF955A86256935006FE4C8,7EF99BB258DF955A86256935006FE4C8.0001,70ceff6c-9b20-49f9-8a1b-829c5e33d994,text/html,False,Current,27804,,,06/22/1994,,,
NPRM,994985F761E55176862568F9006CA0A4,994985F761E55176862568F9006CA0A4.0001,9965a846-d6f5-4390-94fb-9cfd0cad1342,text/html,False,Current,23746,,,05/01/1991,,,
NPRM,D5BA83FED7884BD386256D63004FD56D,D5BA83FED7884BD386256D63004FD56D.0001,d661ef6d-c361-4b70-a434-5585dbb84243,text/html,False,Current,26344,,,09/17/1990,,,
NPRM,48828E2D4E85D88986256903004798CD,48828E2D4E85D88986256903004798CD.0001,d502eb66-b55a-47a5-8508-f3ae7bc08799,text/html,False,Current,26324,,,08/23/1990,,,
NPRM,646BFD6587BAF0AD852569230061A774,646BFD6587BAF0AD852569230061A774.0001,d4c86618-e38d-407b-a351-f526e37ed228,text/html,False,Current,26269,,,06/15/1990,,,
NPRM,F93372A93F53318C862569A80065F55C,F93372A93F53318C862569A80065F55C.0001,cd50f950-4661-4961-8fdb-fe67c49c9626,text/html,False,Current,25811,,,02/23/1989,,,
NPRM,489E2D8E93C279988525692300633B3D,489E2D8E93C279988525692300633B3D.0001,dbe915ea-e820-4e3b-a71b-f06c3da6ab7f,text/html,False,Current,25812,,,02/23/1989,,,
NPRM,40244E92985AC02B8625682400587151,40244E92985AC02B8625682400587151.0001,81c21e22-5617-4fa1-b2bb-867dd6f508be,text/html,False,Current,25613,,,05/16/1988,,,
NPRM,785298952A9DF914862568FC00506D08,785298952A9DF914862568FC00506D08.0001,fef8f622-8a3d-4a54-98b9-bd4488cfe86f,text/html,False,Current,25147,,,11/28/1986,,,
NPRM,CBDBA41B95F174C786256936005172F6,CBDBA41B95F174C786256936005172F6.0001,7574dc95-4042-4cbc-ae17-15d47db76a76,text/html,False,Current,25086,,,09/11/1986,,,
NPRM,6846A8F06FD1FEA986256824004FD400,6846A8F06FD1FEA986256824004FD400.0001,268ad3dc-43ab-40f4-b726-14e467310779,text/html,False,Current,23815,,,04/28/1985,,,
NPRM,A0FDEFB4512DAD35852567A8005F57C2,A0FDEFB4512DAD35852567A8005F57C2.0001,d5184472-1e31-495b-850e-ef79bf44c299,text/html,False,Current,18334,,,12/13/1984,,,
NPRM,DDCC150A2DAED7DA8625694400754B03,DDCC150A2DAED7DA8625694400754B03.0001,1712bfbe-907c-481c-9384-1aaaf1512d68,text/html,False,Current,24191,,,05/11/1984,,,
NPRM,A29D0269C276475B86256935006F5954,A29D0269C276475B86256935006F5954.0001,e0f0bcf1-9d31-4fcd-ac88-b792b4503781,text/html,False,Current,23826,,,11/18/1983,,,
NPRM,B230390F3EC327AD862568240050BC82,B230390F3EC327AD862568240050BC82.0001,0f794d99-03f1-447a-a496-212f10cc4af1,text/html,False,Current,23516,,,09/23/1983,,,
NPRM,F0F7F450ABFD419A8625689B00696BA7,F0F7F450ABFD419A8625689B00696BA7.0001,ebd257b9-3752-4f55-8f21-0cfafa35e7fa,text/html,False,Current,21571,,,09/30/1982,,,
NPRM,2DE932FD424FC35D852567A8005EA02C,2DE932FD424FC35D852567A8005EA02C.0001,23e2d307-f01a-4aa5-a809-f554f9451169,text/html,False,Current,18334,,,12/07/1981,,,
NPRM,C0CFE7620A140E7B852567A8005E42A3,C0CFE7620A140E7B852567A8005E42A3.0001,a861f98c-7579-4264-b873-ee756c786e73,text/html,False,Current,18334,,,07/27/1981,,,
NPRM,FBDAA6C02EA80FF386256824004D931E,FBDAA6C02EA80FF386256824004D931E.0001,562ec64e-94ed-44f0-894b-4e2f58fc6da7,text/html,False,Current,21129,,,11/28/1980,,,
NPRM,8FD67ECBF1D3675A852567F400640ADD,8FD67ECBF1D3675A852567F400640ADD.0001,857ef4b8-a6d3-424b-b3f2-ac375b0965b1,text/html,False,Current,16919,,,11/10/1980,,,
NPRM,A1AA2007DB458721862569A800664014,A1AA2007DB458721862569A800664014.0001,9ba6c516-ddab-4007-96f1-2bbf88a5a85b,text/html,False,Current,20052,,,02/21/1980,,,
NPRM,802830D05D1C0301852567A8005D2E08,802830D05D1C0301852567A8005D2E08.0001,f403379b-dbab-4fb2-8666-88e664d746fc,text/html,False,Current,18334,,,01/11/1979,,,
NPRM,376CDF4CA6332FE086256905006BE3CC,376CDF4CA6332FE086256905006BE3CC.0001,71b34d17-9a21-4724-8e58-a056fef7c076,text/html,False,Current,18564,,,11/29/1978,,,
NPRM,333C487ADEB7032A8625802C004FBBB0,333C487ADEB7032A8625802C004FBBB0.0001,d24c9276-13e6-42d7-a205-0d50f4f400b4,application/pdf,True,Current,18315,,,09/26/1978,,,
NPRM,5787707F497B03118625683A005A2352,5787707F497B03118625683A005A2352.0001,ba05bae4-acfd-49ba-bf82-d0b6be65feb4,text/html,False,Current,17154,,,08/24/1977,,,
NPRM,4FF74F81695BDB948625689400567807,4FF74F81695BDB948625689400567807.0001,9931ead3-246f-4a25-bb00-99581cd2bed6,text/html,False,Current,16919,,,06/03/1977,,,
NPRM,5FA7CCA73CFA97BC8525678A00456312,5FA7CCA73CFA97BC8525678A00456312.0001,eaf1e8f4-22ab-4118-ad23-fbde2ce17066,text/html,False,Current,14779,,,06/30/1975,,,
NPRM,F58A07969D834C928525678A0044293D,F58A07969D834C928525678A0044293D.0001,3f8c4063-d196-48ac-a172-cb707d4b8a51,text/html,False,Current,14685,,,06/09/1975,,,
NPRM,759FC8554D8C6B8B852568B60068EDFD,759FC8554D8C6B8B852568B60068EDFD.0001,d299cc66-8fc3-4643-869f-ecf2fcd9a2b5,text/html,False,Current,14684,,,05/29/1975,,,
NPRM,A84710E8CB9B18128525679E0060128E,A84710E8CB9B18128525679E0060128E.0001,44abc972-194a-4f2b-9861-6e8adc04d423,text/html,False,Current,14625,,,05/19/1975,,,
NPRM,3FCEA9BA1AED061F8525679E005FCF77,3FCEA9BA1AED061F8525679E005FCF77.0001,39c7abef-131e-4bd1-ac81-a5cac0600c86,text/html,False,Current,14607,,,05/13/1975,,,
NPRM,047411CA0783A8768525678A00439FA8,047411CA0783A8768525678A00439FA8.0001,af969429-4aba-4d4c-aaa0-aac1c6dd2917,text/html,False,Current,14606,,,05/13/1975,,,
NPRM,F2D74AB90BAF8BDE85256789006B8A22,F2D74AB90BAF8BDE85256789006B8A22.0001,5e19b62f-e3ac-4120-9a97-32187b0bdce0,text/html,False,Current,14324,,,02/27/1975,,,
NPRM,1AF40A290F803AE48525679E00608BB5,1AF40A290F803AE48525679E00608BB5.0001,dc16b1d6-a452-46ce-bdbb-6857f146f718,text/html,False,Current,13542,,,11/25/1974,,,
NPRM,58FE41858CBD5A258525678A0042348F,58FE41858CBD5A258525678A0042348F.0001,18bd1ad9-bbcd-46d8-8e21-f7be246113e4,text/html,False,Current,13542,,,10/03/1974,,,
NPRM,9BDF57F1923DB1798525679E005FB748,9BDF57F1923DB1798525679E005FB748.0001,47a2481f-e070-4ca1-8328-9072b9179cf3,text/html,False,Current,14052,,,10/03/1974,,,
NPRM,FD6D71394A238C378525679E005F770B,FD6D71394A238C378525679E005F770B.0001,f150c697-637b-402a-87f1-28a18a2cb16c,text/html,False,Current,13542,,,05/22/1974,,,
NPRM,1CC1AD925F964E6486256804004F7BD0,1CC1AD925F964E6486256804004F7BD0.0001,3c149cd3-62ed-4221-a53a-aee9772d8447,text/html,False,Current,13542,,,02/12/1974,,,
NPRM,FF61C9D6F0BD7C308625690300601D8A,FF61C9D6F0BD7C308625690300601D8A.0001,89fd5abc-c4b8-4729-ad1a-5d33b38ce81e,text/html,False,Current,10162,,,01/18/1973,,,
NPRM,FED035EC25C67972862568AF004C9BA2,FED035EC25C67972862568AF004C9BA2.0001,ee61acb5-bd04-4c6b-93da-972a0dab9d75,text/html,False,Current,11011,,,04/27/1971,,,
NPRM,F2270E9D828E0C3586256890004AD065,F2270E9D828E0C3586256890004AD065.0001,8db6252b-83f4-4c61-bbbc-74ee287f48cc,text/html,False,Current,11010,,,04/26/1971,,,
NPRM,466038B2F7A4FE5886256818006A985C,466038B2F7A4FE5886256818006A985C.0001,def4e49a-e4f8-430c-a765-96ea5bb28948,text/html,False,Current,9826,,,11/18/1970,,,
NPRM,55B267135CEB174586256895006E7FF5,55B267135CEB174586256895006E7FF5.0001,4eb6e6b1-8d9c-4b7c-aaec-6f2c33d10d57,text/html,False,Current,10405,,,06/30/1970,,,
NPRM,07879316B7AE0832852567FC0050173E,07879316B7AE0832852567FC0050173E.0001,70b8f13d-1d01-4225-b4af-40c815a6f515,text/html,False,Current,10129,,,05/28/1970,,,
NPRM,F063FB112376997486256895006F300C,F063FB112376997486256895006F300C.0001,aa1f7b5b-bae1-4543-a18b-3ddace5f3f9e,text/html,False,Current,9485,,,03/14/1969,,,
NPRM,95C77EE867F2BAEA86256895006A9AE8,95C77EE867F2BAEA86256895006A9AE8.0001,1c12bfe3-112b-48e5-a8ae-ae942e810fc1,text/html,False,Current,8281,,,07/11/1967,,,
NPRM,C202519ED9ABB786862568AF004EC552,C202519ED9ABB786862568AF004EC552.0001,f5fb22a6-8db5-4449-aae4-a7e2a60ed37f,text/html,False,Current,8083,,,04/05/1967,,,
NPRM,4E31CB3413BC3C3D86256866006F2CEB,4E31CB3413BC3C3D86256866006F2CEB.0001,b8ac813f-ccd2-4891-8e90-09e3c4e42990,text/html,False,Current,7831,,,12/22/1966,,,
NPRM,674E12C3BF2DF5B4852567FB006A685D,674E12C3BF2DF5B4852567FB006A685D.0001,67f72729-11ee-47c7-ad2b-6ac26a88c638,text/html,False,Current,7095,,,12/28/1965,,,
NPRM,A74DAD064D40A8AE8525677F005C0073,A74DAD064D40A8AE8525677F005C0073.0001,572f7b23-6235-4317-ad9e-6c8b0f46d636,text/html,False,Current,5085,,,05/20/1964,,,
NPRM,5A316E2362B20F9486256BBC005353C0,5A316E2362B20F9486256BBC005353C0.0001,91ee158d-385d-4892-8b17-43538a3f311a,text/html,False,Current,4080,,,03/25/1964,,,
NPRM,5A94802D8268FCA58625681C004CA888,5A94802D8268FCA58625681C004CA888.0001,4cba7c99-625d-4a15-ba1d-e968326fe909,text/html,False,Current,1186,,,03/03/1964,,,
NPRM,26A1C43269B57522862568A1006B4151,26A1C43269B57522862568A1006B4151.0001,c4938fb5-d0c1-4972-ad34-3d917828ee11,text/html,False,Current,2029,,,10/21/1963,,,
NPRM,D627433E0DB21ACD862568A10073D1A2,D627433E0DB21ACD862568A10073D1A2.0001,7b684acb-6113-421f-a0d5-7aba88fa38e7,text/html,False,Current,1186,,,04/27/1962,,,
NPRM,26A4FB0813BF1DF48525677F004D3F2A,26A4FB0813BF1DF48525677F004D3F2A.0001,07a14000-e755-4cff-8eed-049080626af9,text/html,False,Current,"3096, 5085",,,11/08/1961,,,
