文件名,类型,编号,Amendment,FR卷,FR页,FR出版日,附件序号,格式,大小MB
FinalRule_Docket 10129_Amdt23-11_25-27_27-6_29-_36FR12970_1971-07-10.pdf,FinalRule,Docket 10129_Amdt23-11_25-27_27-6_29-,,36,12970,1971-07-10,,pdf,0.27
FinalRule_Docket 10129_Amdt23-11_25-27_27-6_29-_36FR12970_1971-07-10_0002.html,FinalRule,Docket 10129_Amdt23-11_25-27_27-6_29-,,36,12970,1971-07-10,0002,html,0.06
FinalRule_Docket 10129_Amdt23-11_25-27_27-6_29-_36FR12970_1971-07-10_0002.txt,FinalRule,Docket 10129_Amdt23-11_25-27_27-6_29-,,36,12970,1971-07-10,0002,txt,0.01
FinalRule_Docket 10162_Amdt23-19_91-139_42FR30601_1977-06-16.pdf,FinalRule,Docket 10162_Amdt23-19_91-139,,42,30601,1977-06-16,,pdf,0.3
FinalRule_Docket 10162_Amdt23-19_91-139_42FR30601_1977-06-16_0002.html,FinalRule,Docket 10162_Amdt23-19_91-139,,42,30601,1977-06-16,0002,html,0.07
FinalRule_Docket 10162_Amdt23-19_91-139_42FR30601_1977-06-16_0002.txt,FinalRule,Docket 10162_Amdt23-19_91-139,,42,30601,1977-06-16,0002,txt,0.02
FinalRule_Docket 10405_Amdt23-10_36FR2862_1971-02-11.html,FinalRule,Docket 10405,23-10,36,2862,1971-02-11,,html,0.06
FinalRule_Docket 10405_Amdt23-10_36FR2862_1971-02-11.pdf,FinalRule,Docket 10405,23-10,36,2862,1971-02-11,,pdf,0.28
FinalRule_Docket 10405_Amdt23-10_36FR2862_1971-02-11.txt,FinalRule,Docket 10405,23-10,36,2862,1971-02-11,,txt,0.01
FinalRule_Docket 10405_Amdt23-10_36FR2862_1971-02-11_0002.html,FinalRule,Docket 10405,23-10,36,2862,1971-02-11,0002,html,0.02
FinalRule_Docket 10405_Amdt23-10_36FR2862_1971-02-11_0002.txt,FinalRule,Docket 10405,23-10,36,2862,1971-02-11,0002,txt,0.0
FinalRule_Docket 11010_Amdt1-23_21-40_23-15_25-_1974-10-01.pdf,FinalRule,Docket 11010_Amdt1-23_21-40_23-15_25-,,,,1974-10-01,,pdf,2.74
FinalRule_Docket 11010_Amdt1-23_21-40_23-15_25-_1974-10-01_0002.html,FinalRule,Docket 11010_Amdt1-23_21-40_23-15_25-,,,,1974-10-01,0002,html,0.46
FinalRule_Docket 11010_Amdt1-23_21-40_23-15_25-_1974-10-01_0002.txt,FinalRule,Docket 11010_Amdt1-23_21-40_23-15_25-,,,,1974-10-01,0002,txt,0.14
FinalRule_Docket 11011_Amdt23-14_38FR31816_1973-11-19.pdf,FinalRule,Docket 11011,23-14,38,31816,1973-11-19,,pdf,1.02
FinalRule_Docket 11011_Amdt23-14_38FR31816_1973-11-19_0002.html,FinalRule,Docket 11011,23-14,38,31816,1973-11-19,0002,html,0.21
FinalRule_Docket 11011_Amdt23-14_38FR31816_1973-11-19_0002.txt,FinalRule,Docket 11011,23-14,38,31816,1973-11-19,0002,txt,0.06
FinalRule_Docket 11479_Amdt23-12_25-30_27-7_29-_36FR21278_1971-11-05.pdf,FinalRule,Docket 11479_Amdt23-12_25-30_27-7_29-,,36,21278,1971-11-05,,pdf,0.14
FinalRule_Docket 11479_Amdt23-12_25-30_27-7_29-_36FR21278_1971-11-05_0002.html,FinalRule,Docket 11479_Amdt23-12_25-30_27-7_29-,,36,21278,1971-11-05,0002,html,0.04
FinalRule_Docket 11479_Amdt23-12_25-30_27-7_29-_36FR21278_1971-11-05_0002.txt,FinalRule,Docket 11479_Amdt23-12_25-30_27-7_29-,,36,21278,1971-11-05,0002,txt,0.01
FinalRule_Docket 1186_Amdt23-1_25-5_43-2_91-20_1965-06-29.pdf,FinalRule,Docket 1186_Amdt23-1_25-5_43-2_91-20,,,,1965-06-29,,pdf,0.45
FinalRule_Docket 1186_Amdt23-1_25-5_43-2_91-20_1965-06-29_0002.html,FinalRule,Docket 1186_Amdt23-1_25-5_43-2_91-20,,,,1965-06-29,0002,html,0.11
FinalRule_Docket 1186_Amdt23-1_25-5_43-2_91-20_1965-06-29_0002.txt,FinalRule,Docket 1186_Amdt23-1_25-5_43-2_91-20,,,,1965-06-29,0002,txt,0.03
FinalRule_Docket 14052_Amdt21-43_23-16_25-37_40FR2576_1975-01-14.pdf,FinalRule,Docket 14052_Amdt21-43_23-16_25-37,,40,2576,1975-01-14,,pdf,0.06
FinalRule_Docket 14052_Amdt21-43_23-16_25-37_40FR2576_1975-01-14_0002.html,FinalRule,Docket 14052_Amdt21-43_23-16_25-37,,40,2576,1975-01-14,0002,html,0.03
FinalRule_Docket 14052_Amdt21-43_23-16_25-37_40FR2576_1975-01-14_0002.txt,FinalRule,Docket 14052_Amdt21-43_23-16_25-37,,40,2576,1975-01-14,0002,txt,0.0
FinalRule_Docket 14324_ 14606_ 14625_ 14685_ 14779_Amdt23-23_25-46_27-16_29_43FR50578_1978-10-30.pdf,FinalRule,Docket 14324_ 14606_ 14625_ 14685_ 14779_Amdt23-23_25-46_27-16_29,,43,50578,1978-10-30,,pdf,3.51
FinalRule_Docket 14324_ 14606_ 14625_ 14685_ 14779_Amdt23-23_25-46_27-16_29_43FR50578_1978-10-30_0002.pdf,FinalRule,Docket 14324_ 14606_ 14625_ 14685_ 14779_Amdt23-23_25-46_27-16_29,,43,50578,1978-10-30,0002,pdf,0.05
FinalRule_Docket 14324_ 14606_ 14625_ 14685_ 14779_Amdt23-23_25-46_27-16_29_43FR50578_1978-10-30_0003.html,FinalRule,Docket 14324_ 14606_ 14625_ 14685_ 14779_Amdt23-23_25-46_27-16_29,,43,50578,1978-10-30,0003,html,0.56
FinalRule_Docket 14324_ 14606_ 14625_ 14685_ 14779_Amdt23-23_25-46_27-16_29_43FR50578_1978-10-30_0003.txt,FinalRule,Docket 14324_ 14606_ 14625_ 14685_ 14779_Amdt23-23_25-46_27-16_29,,43,50578,1978-10-30,0003,txt,0.18
FinalRule_Docket 14324_Amdt21-44_23-17_25-38_27_41FR55454_1976-12-20.pdf,FinalRule,Docket 14324_Amdt21-44_23-17_25-38_27,,41,55454,1976-12-20,,pdf,2.96
FinalRule_Docket 14324_Amdt21-44_23-17_25-38_27_41FR55454_1976-12-20_0002.html,FinalRule,Docket 14324_Amdt21-44_23-17_25-38_27,,41,55454,1976-12-20,0002,html,0.56
FinalRule_Docket 14324_Amdt21-44_23-17_25-38_27_41FR55454_1976-12-20_0002.txt,FinalRule,Docket 14324_Amdt21-44_23-17_25-38_27,,41,55454,1976-12-20,0002,txt,0.17
FinalRule_Docket 14606_Docket14606_ 14324_Amdt1-26_23-18_25-40_27-_42FR15034_1977-03-17.html,FinalRule,Docket 14606_Docket14606_ 14324_Amdt1-26_23-18_25-40_27-,,42,15034,1977-03-17,,html,0.35
FinalRule_Docket 14606_Docket14606_ 14324_Amdt1-26_23-18_25-40_27-_42FR15034_1977-03-17.txt,FinalRule,Docket 14606_Docket14606_ 14324_Amdt1-26_23-18_25-40_27-,,42,15034,1977-03-17,,txt,0.11
FinalRule_Docket 14625_Amdt23-20_25-41_27-13_29_42FR36960_1977-07-18.pdf,FinalRule,Docket 14625_Amdt23-20_25-41_27-13_29,,42,36960,1977-07-18,,pdf,2.0
FinalRule_Docket 14625_Amdt23-20_25-41_27-13_29_42FR36960_1977-07-18_0002.html,FinalRule,Docket 14625_Amdt23-20_25-41_27-13_29,,42,36960,1977-07-18,0002,html,0.37
FinalRule_Docket 14625_Amdt23-20_25-41_27-13_29_42FR36960_1977-07-18_0002.txt,FinalRule,Docket 14625_Amdt23-20_25-41_27-13_29,,42,36960,1977-07-18,0002,txt,0.11
FinalRule_Docket 14684_Docket14684_ 14324_Amdt1-29_21-46_23-21_25-_43FR2302_1978-01-16.pdf,FinalRule,Docket 14684_Docket14684_ 14324_Amdt1-29_21-46_23-21_25-,,43,2302,1978-01-16,,pdf,3.97
FinalRule_Docket 14684_Docket14684_ 14324_Amdt1-29_21-46_23-21_25-_43FR2302_1978-01-16_0002.html,FinalRule,Docket 14684_Docket14684_ 14324_Amdt1-29_21-46_23-21_25-,,43,2302,1978-01-16,0002,html,0.67
FinalRule_Docket 14684_Docket14684_ 14324_Amdt1-29_21-46_23-21_25-_43FR2302_1978-01-16_0002.txt,FinalRule,Docket 14684_Docket14684_ 14324_Amdt1-29_21-46_23-21_25-,,43,2302,1978-01-16,0002,txt,0.21
FinalRule_Docket 14779_ 14324_Amdt23-25_25-51_27-17_29_45FR7750_1980-02-04.pdf,FinalRule,Docket 14779_ 14324_Amdt23-25_25-51_27-17_29,,45,7750,1980-02-04,,pdf,0.95
FinalRule_Docket 14779_ 14324_Amdt23-25_25-51_27-17_29_45FR7750_1980-02-04_0002.html,FinalRule,Docket 14779_ 14324_Amdt23-25_25-51_27-17_29,,45,7750,1980-02-04,0002,html,0.17
FinalRule_Docket 14779_ 14324_Amdt23-25_25-51_27-17_29_45FR7750_1980-02-04_0002.txt,FinalRule,Docket 14779_ 14324_Amdt23-25_25-51_27-17_29,,45,7750,1980-02-04,0002,txt,0.05
FinalRule_Docket 14779_Docket14779_ 14324_Amdt21-51_23-26_25-54_27_45FR60154_1980-09-11.html,FinalRule,Docket 14779_Docket14779_ 14324_Amdt21-51_23-26_25-54_27,,45,60154,1980-09-11,,html,0.63
FinalRule_Docket 14779_Docket14779_ 14324_Amdt21-51_23-26_25-54_27_45FR60154_1980-09-11.txt,FinalRule,Docket 14779_Docket14779_ 14324_Amdt21-51_23-26_25-54_27,,45,60154,1980-09-11,,txt,0.19
FinalRule_Docket 16919_Amdt23-29_25-57_27-20_29_1984-02-23.pdf,FinalRule,Docket 16919_Amdt23-29_25-57_27-20_29,,,,1984-02-23,,pdf,3.92
FinalRule_Docket 16919_Amdt23-29_25-57_27-20_29_1984-02-23_0002.html,FinalRule,Docket 16919_Amdt23-29_25-57_27-20_29,,,,1984-02-23,0002,html,0.02
FinalRule_Docket 16919_Amdt23-29_25-57_27-20_29_1984-02-23_0002.txt,FinalRule,Docket 16919_Amdt23-29_25-57_27-20_29,,,,1984-02-23,0002,txt,0.0
FinalRule_Docket 16919_Amdt23-29_25-57_27-20_29_49FR6832_1984-02-23.html,FinalRule,Docket 16919_Amdt23-29_25-57_27-20_29,,49,6832,1984-02-23,,html,0.5
FinalRule_Docket 16919_Amdt23-29_25-57_27-20_29_49FR6832_1984-02-23.txt,FinalRule,Docket 16919_Amdt23-29_25-57_27-20_29,,49,6832,1984-02-23,,txt,0.15
FinalRule_Docket 17154_Amdt23-22_25-44_27-15_29_43FR46230_1978-10-05.pdf,FinalRule,Docket 17154_Amdt23-22_25-44_27-15_29,,43,46230,1978-10-05,,pdf,0.79
FinalRule_Docket 17154_Amdt23-22_25-44_27-15_29_43FR46230_1978-10-05_0002.html,FinalRule,Docket 17154_Amdt23-22_25-44_27-15_29,,43,46230,1978-10-05,0002,html,0.13
FinalRule_Docket 17154_Amdt23-22_25-44_27-15_29_43FR46230_1978-10-05_0002.txt,FinalRule,Docket 17154_Amdt23-22_25-44_27-15_29,,43,46230,1978-10-05,0002,txt,0.04
FinalRule_Docket 18315_Amdt91-159A_135-2A_1980-04-14.pdf,FinalRule,Docket 18315_Amdt91-159A_135-2A,,,,1980-04-14,,pdf,0.07
FinalRule_Docket 18315_Amdt91-159A_135-2A_1980-04-14_0002.html,FinalRule,Docket 18315_Amdt91-159A_135-2A,,,,1980-04-14,0002,html,0.02
FinalRule_Docket 18315_Amdt91-159A_135-2A_1980-04-14_0002.txt,FinalRule,Docket 18315_Amdt91-159A_135-2A,,,,1980-04-14,0002,txt,0.0
FinalRule_Docket 18315_Amdt91-159_135-2_1979-09-17.pdf,FinalRule,Docket 18315_Amdt91-159_135-2,,,,1979-09-17,,pdf,1.07
FinalRule_Docket 18315_Amdt91-159_135-2_1979-09-17_0002.html,FinalRule,Docket 18315_Amdt91-159_135-2,,,,1979-09-17,0002,html,0.02
FinalRule_Docket 18315_Amdt91-159_135-2_1979-09-17_0002.txt,FinalRule,Docket 18315_Amdt91-159_135-2,,,,1979-09-17,0002,txt,0.0
FinalRule_Docket 18334_Amdt1-36_21-66_23-37_25-_1989-08-18.pdf,FinalRule,Docket 18334_Amdt1-36_21-66_23-37_25-,,,,1989-08-18,,pdf,6.35
FinalRule_Docket 18334_Amdt1-36_21-66_23-37_25-_1989-08-18_0002.pdf,FinalRule,Docket 18334_Amdt1-36_21-66_23-37_25-,,,,1989-08-18,0002,pdf,0.06
FinalRule_Docket 18334_Amdt1-36_21-66_23-37_25-_1989-08-18_0003.pdf,FinalRule,Docket 18334_Amdt1-36_21-66_23-37_25-,,,,1989-08-18,0003,pdf,0.1
FinalRule_Docket 18334_Amdt1-36_21-66_23-37_25-_1989-08-18_0004.html,FinalRule,Docket 18334_Amdt1-36_21-66_23-37_25-,,,,1989-08-18,0004,html,0.02
FinalRule_Docket 18334_Amdt1-36_21-66_23-37_25-_1989-08-18_0004.txt,FinalRule,Docket 18334_Amdt1-36_21-66_23-37_25-,,,,1989-08-18,0004,txt,0.0
FinalRule_Docket 18564_Amdt23-24_25-48_37-45_44FR68738_1979-11-29.pdf,FinalRule,Docket 18564_Amdt23-24_25-48_37-45,,44,68738,1979-11-29,,pdf,1.31
FinalRule_Docket 18564_Amdt23-24_25-48_37-45_44FR68738_1979-11-29_0002.html,FinalRule,Docket 18564_Amdt23-24_25-48_37-45,,44,68738,1979-11-29,0002,html,0.19
FinalRule_Docket 18564_Amdt23-24_25-48_37-45_44FR68738_1979-11-29_0002.txt,FinalRule,Docket 18564_Amdt23-24_25-48_37-45,,44,68738,1979-11-29,0002,txt,0.06
FinalRule_Docket 20052_Amdt23-27_45FR70386_1980-10-23.pdf,FinalRule,Docket 20052,23-27,45,70386,1980-10-23,,pdf,0.47
FinalRule_Docket 20052_Amdt23-27_45FR70386_1980-10-23_0002.html,FinalRule,Docket 20052,23-27,45,70386,1980-10-23,0002,html,0.07
FinalRule_Docket 20052_Amdt23-27_45FR70386_1980-10-23_0002.txt,FinalRule,Docket 20052,23-27,45,70386,1980-10-23,0002,txt,0.02
FinalRule_Docket 2005_DocketFAA-2005-20245_Amdt23-58_25-124_27-43_2_2008-03-07.html,FinalRule,Docket 2005_DocketFAA-2005-20245_Amdt23-58_25-124_27-43_2,,,,2008-03-07,,html,0.55
FinalRule_Docket 2005_DocketFAA-2005-20245_Amdt23-58_25-124_27-43_2_2008-03-07.txt,FinalRule,Docket 2005_DocketFAA-2005-20245_Amdt23-58_25-124_27-43_2,,,,2008-03-07,,txt,0.17
FinalRule_Docket 2006_DocketFAA-2006-23657_Amdt23-57_25-122_27-42_72FR44015_2007-08-06.html,FinalRule,Docket 2006_DocketFAA-2006-23657_Amdt23-57_25-122_27-42,,72,44015,2007-08-06,,html,0.26
FinalRule_Docket 2006_DocketFAA-2006-23657_Amdt23-57_25-122_27-42_72FR44015_2007-08-06.txt,FinalRule,Docket 2006_DocketFAA-2006-23657_Amdt23-57_25-122_27-42,,72,44015,2007-08-06,,txt,0.08
FinalRule_Docket 2007_Docket2007-27310_Amdt23-59_25-126_33-28_3_2008-10-24.html,FinalRule,Docket 2007_Docket2007-27310_Amdt23-59_25-126_33-28_3,,,,2008-10-24,,html,0.23
FinalRule_Docket 2007_Docket2007-27310_Amdt23-59_25-126_33-28_3_2008-10-24.txt,FinalRule,Docket 2007_Docket2007-27310_Amdt23-59_25-126_33-28_3,,,,2008-10-24,,txt,0.07
FinalRule_Docket 2029_Amdt23-2_25-6_1965-07-02.pdf,FinalRule,Docket 2029_Amdt23-2_25-6,,,,1965-07-02,,pdf,0.4
FinalRule_Docket 2029_Amdt23-2_25-6_1965-07-02_0002.html,FinalRule,Docket 2029_Amdt23-2_25-6,,,,1965-07-02,0002,html,0.08
FinalRule_Docket 2029_Amdt23-2_25-6_1965-07-02_0002.txt,FinalRule,Docket 2029_Amdt23-2_25-6,,,,1965-07-02,0002,txt,0.02
FinalRule_Docket 21129_Amdt23-28_25-55_47FR13312_1982-03-29.html,FinalRule,Docket 21129_Amdt23-28_25-55,,47,13312,1982-03-29,,html,0.12
FinalRule_Docket 21129_Amdt23-28_25-55_47FR13312_1982-03-29.txt,FinalRule,Docket 21129_Amdt23-28_25-55,,47,13312,1982-03-29,,txt,0.04
FinalRule_Docket 21571_Amdt23-30_49FR7338_1984-02-28.pdf,FinalRule,Docket 21571,23-30,49,7338,1984-02-28,,pdf,0.46
FinalRule_Docket 21571_Amdt23-30_49FR7338_1984-02-28_0002.html,FinalRule,Docket 21571,23-30,49,7338,1984-02-28,0002,html,0.07
FinalRule_Docket 21571_Amdt23-30_49FR7338_1984-02-28_0002.txt,FinalRule,Docket 21571,23-30,49,7338,1984-02-28,0002,txt,0.02
FinalRule_Docket 23516_Amdt21-59_23-34_36-13_52FR_1987-01-15.html,FinalRule,Docket 23516_Amdt21-59_23-34_36-13_52FR,,,,1987-01-15,,html,0.66
FinalRule_Docket 23516_Amdt21-59_23-34_36-13_52FR_1987-01-15.txt,FinalRule,Docket 23516_Amdt21-59_23-34_36-13_52FR,,,,1987-01-15,,txt,0.21
FinalRule_Docket 23516_Amdt23-39_55FR18570_1990-05-02.pdf,FinalRule,Docket 23516,23-39,55,18570,1990-05-02,,pdf,1.0
FinalRule_Docket 23516_Amdt23-39_55FR18570_1990-05-02_0002.html,FinalRule,Docket 23516,23-39,55,18570,1990-05-02,0002,html,0.12
FinalRule_Docket 23516_Amdt23-39_55FR18570_1990-05-02_0002.txt,FinalRule,Docket 23516,23-39,55,18570,1990-05-02,0002,txt,0.04
FinalRule_Docket 23746_Amdt23-44_58FR38634_1993-07-19.pdf,FinalRule,Docket 23746,23-44,58,38634,1993-07-19,,pdf,1.09
FinalRule_Docket 23746_Amdt23-44_58FR38634_1993-07-19_0002.html,FinalRule,Docket 23746,23-44,58,38634,1993-07-19,0002,html,0.14
FinalRule_Docket 23746_Amdt23-44_58FR38634_1993-07-19_0002.txt,FinalRule,Docket 23746,23-44,58,38634,1993-07-19,0002,txt,0.04
FinalRule_Docket 23815_Amdt21-58_23-32_91-191_50FR46872_1985-11-13.pdf,FinalRule,Docket 23815_Amdt21-58_23-32_91-191,,50,46872,1985-11-13,,pdf,0.82
FinalRule_Docket 23815_Amdt21-58_23-32_91-191_50FR46872_1985-11-13_0002.html,FinalRule,Docket 23815_Amdt21-58_23-32_91-191,,50,46872,1985-11-13,0002,html,0.14
FinalRule_Docket 23815_Amdt21-58_23-32_91-191_50FR46872_1985-11-13_0002.txt,FinalRule,Docket 23815_Amdt21-58_23-32_91-191,,50,46872,1985-11-13,0002,txt,0.04
FinalRule_Docket 23826_Amdt23-31_49FR46866_1984-11-28.html,FinalRule,Docket 23826,23-31,49,46866,1984-11-28,,html,0.04
FinalRule_Docket 23826_Amdt23-31_49FR46866_1984-11-28.txt,FinalRule,Docket 23826,23-31,49,46866,1984-11-28,,txt,0.01
FinalRule_Docket 24191_Amdt23-33_51FR26654_1986-07-24.pdf,FinalRule,Docket 24191,23-33,51,26654,1986-07-24,,pdf,0.6
FinalRule_Docket 24191_Amdt23-33_51FR26654_1986-07-24_0002.html,FinalRule,Docket 24191,23-33,51,26654,1986-07-24,0002,html,0.08
FinalRule_Docket 24191_Amdt23-33_51FR26654_1986-07-24_0002.txt,FinalRule,Docket 24191,23-33,51,26654,1986-07-24,0002,txt,0.02
FinalRule_Docket 25086_Amdt23-38_1989-09-26.pdf,FinalRule,Docket 25086,23-38,,,1989-09-26,,pdf,0.67
FinalRule_Docket 25086_Amdt23-38_1989-09-26_0002.html,FinalRule,Docket 25086,23-38,,,1989-09-26,0002,html,0.09
FinalRule_Docket 25086_Amdt23-38_1989-09-26_0002.txt,FinalRule,Docket 25086,23-38,,,1989-09-26,0002,txt,0.02
FinalRule_Docket 25147_Amdt23-36_53FR30802_1988-08-15.pdf,FinalRule,Docket 25147,23-36,53,30802,1988-08-15,,pdf,2.41
FinalRule_Docket 25147_Amdt23-36_53FR30802_1988-08-15_0002.html,FinalRule,Docket 25147,23-36,53,30802,1988-08-15,0002,html,0.3
FinalRule_Docket 25147_Amdt23-36_53FR30802_1988-08-15_0002.txt,FinalRule,Docket 25147,23-36,53,30802,1988-08-15,0002,txt,0.09
FinalRule_Docket 25530_Amdt23-35_25-65_27-22_29_53FR26134_1988-07-11.pdf,FinalRule,Docket 25530_Amdt23-35_25-65_27-22_29,,53,26134,1988-07-11,,pdf,2.57
FinalRule_Docket 25530_Amdt23-35_25-65_27-22_29_53FR26134_1988-07-11_0002.html,FinalRule,Docket 25530_Amdt23-35_25-65_27-22_29,,53,26134,1988-07-11,0002,html,0.52
FinalRule_Docket 25530_Amdt23-35_25-65_27-22_29_53FR26134_1988-07-11_0002.txt,FinalRule,Docket 25530_Amdt23-35_25-65_27-22_29,,53,26134,1988-07-11,0002,txt,0.12
FinalRule_Docket 25613_Amdt11-34_21-68_23-40_25_55FR32856_1990-08-10.pdf,FinalRule,Docket 25613_Amdt11-34_21-68_23-40_25,,55,32856,1990-08-10,,pdf,1.51
FinalRule_Docket 25613_Amdt11-34_21-68_23-40_25_55FR32856_1990-08-10_0002.html,FinalRule,Docket 25613_Amdt11-34_21-68_23-40_25,,55,32856,1990-08-10,0002,html,0.24
FinalRule_Docket 25613_Amdt11-34_21-68_23-40_25_55FR32856_1990-08-10_0002.txt,FinalRule,Docket 25613_Amdt11-34_21-68_23-40_25,,55,32856,1990-08-10,0002,txt,0.07
FinalRule_Docket 25811_Amdt1-37_23-42_56FR344_1991-01-03.pdf,FinalRule,Docket 25811_Amdt1-37_23-42,,56,344,1991-01-03,,pdf,1.41
FinalRule_Docket 25811_Amdt1-37_23-42_56FR344_1991-01-03_0002.html,FinalRule,Docket 25811_Amdt1-37_23-42,,56,344,1991-01-03,0002,html,0.23
FinalRule_Docket 25811_Amdt1-37_23-42_56FR344_1991-01-03_0002.txt,FinalRule,Docket 25811_Amdt1-37_23-42,,56,344,1991-01-03,0002,txt,0.07
FinalRule_Docket 25812_Amdt23-41_91-205_135-38_55FR43306_1990-10-26.pdf,FinalRule,Docket 25812_Amdt23-41_91-205_135-38,,55,43306,1990-10-26,,pdf,1.0
FinalRule_Docket 25812_Amdt23-41_91-205_135-38_55FR43306_1990-10-26_0002.html,FinalRule,Docket 25812_Amdt23-41_91-205_135-38,,55,43306,1990-10-26,0002,html,0.12
FinalRule_Docket 25812_Amdt23-41_91-205_135-38_55FR43306_1990-10-26_0002.txt,FinalRule,Docket 25812_Amdt23-41_91-205_135-38,,55,43306,1990-10-26,0002,txt,0.03
FinalRule_Docket 26269_Amdt23-45_58FR42136_1993-08-06.pdf,FinalRule,Docket 26269,23-45,58,42136,1993-08-06,,pdf,5.74
FinalRule_Docket 26269_Amdt23-45_58FR42136_1993-08-06_0002.pdf,FinalRule,Docket 26269,23-45,58,42136,1993-08-06,0002,pdf,0.18
FinalRule_Docket 26269_Amdt23-45_58FR42136_1993-08-06_0003.html,FinalRule,Docket 26269,23-45,58,42136,1993-08-06,0003,html,0.67
FinalRule_Docket 26269_Amdt23-45_58FR42136_1993-08-06_0003.txt,FinalRule,Docket 26269,23-45,58,42136,1993-08-06,0003,txt,0.21
FinalRule_Docket 26324_Amdt23-46_59FR25766_1994-05-17.pdf,FinalRule,Docket 26324,23-46,59,25766,1994-05-17,,pdf,1.31
FinalRule_Docket 26324_Amdt23-46_59FR25766_1994-05-17_0002.html,FinalRule,Docket 26324,23-46,59,25766,1994-05-17,0002,html,0.2
FinalRule_Docket 26324_Amdt23-46_59FR25766_1994-05-17_0002.txt,FinalRule,Docket 26324,23-46,59,25766,1994-05-17,0002,txt,0.06
FinalRule_Docket 26344_Amdt23-43_58FR18958_1993-04-09.pdf,FinalRule,Docket 26344,23-43,58,18958,1993-04-09,,pdf,4.21
FinalRule_Docket 26344_Amdt23-43_58FR18958_1993-04-09_0002.html,FinalRule,Docket 26344,23-43,58,18958,1993-04-09,0002,html,0.47
FinalRule_Docket 26344_Amdt23-43_58FR18958_1993-04-09_0002.txt,FinalRule,Docket 26344,23-43,58,18958,1993-04-09,0002,txt,0.14
FinalRule_Docket 27804_Amdt23-51_61FR5129_1996-02-09.html,FinalRule,Docket 27804,23-51,61,5129,1996-02-09,,html,0.18
FinalRule_Docket 27804_Amdt23-51_61FR5129_1996-02-09.txt,FinalRule,Docket 27804,23-51,61,5129,1996-02-09,,txt,0.05
FinalRule_Docket 27805_Amdt23-48_2008-04-11.html,FinalRule,Docket 27805,23-48,,,2008-04-11,,html,0.02
FinalRule_Docket 27805_Amdt23-48_2008-04-11.txt,FinalRule,Docket 27805,23-48,,,2008-04-11,,txt,0.0
FinalRule_Docket 27805_Amdt23-48_61FR5138_1996-02-09.pdf,FinalRule,Docket 27805,23-48,61,5138,1996-02-09,,pdf,1.26
FinalRule_Docket 27805_Amdt23-48_61FR5138_1996-02-09_0002.html,FinalRule,Docket 27805,23-48,61,5138,1996-02-09,0002,html,0.21
FinalRule_Docket 27805_Amdt23-48_61FR5138_1996-02-09_0002.txt,FinalRule,Docket 27805,23-48,61,5138,1996-02-09,0002,txt,0.06
FinalRule_Docket 27806_Amdt23-49_61FR5151_1996-02-09.html,FinalRule,Docket 27806,23-49,61,5151,1996-02-09,,html,0.42
FinalRule_Docket 27806_Amdt23-49_61FR5151_1996-02-09.txt,FinalRule,Docket 27806,23-49,61,5151,1996-02-09,,txt,0.13
FinalRule_Docket 27806_Amdt91-248_61FR_1996-02-28.pdf,FinalRule,Docket 27806_Amdt91-248_61FR,,,,1996-02-28,,pdf,0.06
FinalRule_Docket 27806_Amdt91-248_61FR_1996-02-28_0002.html,FinalRule,Docket 27806_Amdt91-248_61FR,,,,1996-02-28,0002,html,0.02
FinalRule_Docket 27806_Amdt91-248_61FR_1996-02-28_0002.txt,FinalRule,Docket 27806_Amdt91-248_61FR,,,,1996-02-28,0002,txt,0.0
FinalRule_Docket 27807_Amdt1-43_23-50_61FR_1996-02-09.pdf,FinalRule,Docket 27807_Amdt1-43_23-50_61FR,,,,1996-02-09,,pdf,2.95
FinalRule_Docket 27807_Amdt1-43_23-50_61FR_1996-02-09_0002.html,FinalRule,Docket 27807_Amdt1-43_23-50_61FR,,,,1996-02-09,0002,html,0.02
FinalRule_Docket 27807_Amdt1-43_23-50_61FR_1996-02-09_0002.txt,FinalRule,Docket 27807_Amdt1-43_23-50_61FR,,,,1996-02-09,0002,txt,0.0
FinalRule_Docket 27807_Amdt23-50_61FR5171_1996-02-09.html,FinalRule,Docket 27807,23-50,61,5171,1996-02-09,,html,0.51
FinalRule_Docket 27807_Amdt23-50_61FR5171_1996-02-09.txt,FinalRule,Docket 27807,23-50,61,5171,1996-02-09,,txt,0.16
FinalRule_Docket 28011_Amdt23-52_61FR13641_1996-03-27.pdf,FinalRule,Docket 28011,23-52,61,13641,1996-03-27,,pdf,0.36
FinalRule_Docket 28011_Amdt23-52_61FR13641_1996-03-27_0002.html,FinalRule,Docket 28011,23-52,61,13641,1996-03-27,0002,html,0.07
FinalRule_Docket 28011_Amdt23-52_61FR13641_1996-03-27_0002.txt,FinalRule,Docket 28011,23-52,61,13641,1996-03-27,0002,txt,0.02
FinalRule_Docket 28417_Amdt1-41_11-39_13-25_14-_60FR67254_1995-12-28.html,FinalRule,Docket 28417_Amdt1-41_11-39_13-25_14-,,60,67254,1995-12-28,,html,0.07
FinalRule_Docket 28417_Amdt1-41_11-39_13-25_14-_60FR67254_1995-12-28.txt,FinalRule,Docket 28417_Amdt1-41_11-39_13-25_14-,,60,67254,1995-12-28,,txt,0.02
FinalRule_Docket 28652_Amdt23-53_25-95_33-19_63FR14793_1998-03-26.html,FinalRule,Docket 28652_Amdt23-53_25-95_33-19,,63,14793,1998-03-26,,html,0.14
FinalRule_Docket 28652_Amdt23-53_25-95_33-19_63FR14793_1998-03-26.txt,FinalRule,Docket 28652_Amdt23-53_25-95_33-19,,63,14793,1998-03-26,,txt,0.04
FinalRule_Docket 3096_ 5085_Amdt31-1_21-0_1964-10-24.html,FinalRule,Docket 3096_ 5085_Amdt31-1_21-0,,,,1964-10-24,,html,0.39
FinalRule_Docket 3096_ 5085_Amdt31-1_21-0_1964-10-24.txt,FinalRule,Docket 3096_ 5085_Amdt31-1_21-0,,,,1964-10-24,,txt,0.11
FinalRule_Docket 4080_Amdt23-0_1964-12-18.pdf,FinalRule,Docket 4080,23-0,,,1964-12-18,,pdf,5.27
FinalRule_Docket 4080_Amdt23-0_1964-12-18_0002.html,FinalRule,Docket 4080,23-0,,,1964-12-18,0002,html,0.98
FinalRule_Docket 4080_Amdt23-0_1964-12-18_0002.txt,FinalRule,Docket 4080,23-0,,,1964-12-18,0002,txt,0.26
FinalRule_Docket 7012_Amdt23-3_30FR14239_1965-11-13.pdf,FinalRule,Docket 7012,23-3,30,14239,1965-11-13,,pdf,0.18
FinalRule_Docket 7012_Amdt23-3_30FR14239_1965-11-13_0002.html,FinalRule,Docket 7012,23-3,30,14239,1965-11-13,0002,html,0.04
FinalRule_Docket 7012_Amdt23-3_30FR14239_1965-11-13_0002.txt,FinalRule,Docket 7012,23-3,30,14239,1965-11-13,0002,txt,0.01
FinalRule_Docket 7095_Amdt23-5_25-11_27-1_29-2_32FR6908_1967-05-05.pdf,FinalRule,Docket 7095_Amdt23-5_25-11_27-1_29-2,,32,6908,1967-05-05,,pdf,0.91
FinalRule_Docket 7095_Amdt23-5_25-11_27-1_29-2_32FR6908_1967-05-05_0002.html,FinalRule,Docket 7095_Amdt23-5_25-11_27-1_29-2,,32,6908,1967-05-05,0002,html,0.17
FinalRule_Docket 7095_Amdt23-5_25-11_27-1_29-2_32FR6908_1967-05-05_0002.txt,FinalRule,Docket 7095_Amdt23-5_25-11_27-1_29-2,,32,6908,1967-05-05,0002,txt,0.05
FinalRule_Docket 7831_Amdt23-6_25-12_43-7_91-4_32FR7585_1967-05-24.pdf,FinalRule,Docket 7831_Amdt23-6_25-12_43-7_91-4,,32,7585,1967-05-24,,pdf,0.35
FinalRule_Docket 7831_Amdt23-6_25-12_43-7_91-4_32FR7585_1967-05-24_0002.html,FinalRule,Docket 7831_Amdt23-6_25-12_43-7_91-4,,32,7585,1967-05-24,0002,html,0.07
FinalRule_Docket 7831_Amdt23-6_25-12_43-7_91-4_32FR7585_1967-05-24_0002.txt,FinalRule,Docket 7831_Amdt23-6_25-12_43-7_91-4,,32,7585,1967-05-24,0002,txt,0.02
FinalRule_Docket 8083_Amdt23-7_34FR13078_1969-08-13.pdf,FinalRule,Docket 8083,23-7,34,13078,1969-08-13,,pdf,2.58
FinalRule_Docket 8083_Amdt23-7_34FR13078_1969-08-13_0002.html,FinalRule,Docket 8083,23-7,34,13078,1969-08-13,0002,html,0.51
FinalRule_Docket 8083_Amdt23-7_34FR13078_1969-08-13_0002.txt,FinalRule,Docket 8083,23-7,34,13078,1969-08-13,0002,txt,0.15
FinalRule_Docket 8092_Amdt23-4_32FR5984_1967-04-14.html,FinalRule,Docket 8092,23-4,32,5984,1967-04-14,,html,0.03
FinalRule_Docket 8092_Amdt23-4_32FR5984_1967-04-14.txt,FinalRule,Docket 8092,23-4,32,5984,1967-04-14,,txt,0.0
FinalRule_Docket 8281_Amdt23-9_91-75_35FR6385_1970-04-21.pdf,FinalRule,Docket 8281_Amdt23-9_91-75,,35,6385,1970-04-21,,pdf,0.31
FinalRule_Docket 8281_Amdt23-9_91-75_35FR6385_1970-04-21_0002.html,FinalRule,Docket 8281_Amdt23-9_91-75,,35,6385,1970-04-21,0002,html,0.07
FinalRule_Docket 8281_Amdt23-9_91-75_35FR6385_1970-04-21_0002.txt,FinalRule,Docket 8281_Amdt23-9_91-75,,35,6385,1970-04-21,0002,txt,0.02
FinalRule_Docket 9485_Amdt23-8_25-21_35FR303_1970-01-08.html,FinalRule,Docket 9485_Amdt23-8_25-21,,35,303,1970-01-08,,html,0.04
FinalRule_Docket 9485_Amdt23-8_25-21_35FR303_1970-01-08.txt,FinalRule,Docket 9485_Amdt23-8_25-21,,35,303,1970-01-08,,txt,0.01
FinalRule_Docket 9826_Amdt23-13_27-8_91-108_12_37FR20022_1972-09-23.pdf,FinalRule,Docket 9826_Amdt23-13_27-8_91-108_12,,37,20022,1972-09-23,,pdf,0.28
FinalRule_Docket 9826_Amdt23-13_27-8_91-108_12_37FR20022_1972-09-23_0002.html,FinalRule,Docket 9826_Amdt23-13_27-8_91-108_12,,37,20022,1972-09-23,0002,html,0.06
FinalRule_Docket 9826_Amdt23-13_27-8_91-108_12_37FR20022_1972-09-23_0002.txt,FinalRule,Docket 9826_Amdt23-13_27-8_91-108_12,,37,20022,1972-09-23,0002,txt,0.02
FinalRule_Docket Docket No. FAA-2022-1355_AmdtAmdt. Nos. 21-106_ 2_87FR_2022-12-09.html,FinalRule,Docket Docket No. FAA-2022-1355_AmdtAmdt. Nos. 21-106_ 2_87FR,,,,2022-12-09,,html,0.74
FinalRule_Docket Docket No. FAA-2022-1355_AmdtAmdt. Nos. 21-106_ 2_87FR_2022-12-09.txt,FinalRule,Docket Docket No. FAA-2022-1355_AmdtAmdt. Nos. 21-106_ 2_87FR,,,,2022-12-09,,txt,0.11
FinalRule_Docket Docket No. FAA-2022-1355_AmdtAmdt. Nos. 25-148_ 3_87FR_2022-12-09.html,FinalRule,Docket Docket No. FAA-2022-1355_AmdtAmdt. Nos. 25-148_ 3_87FR,,,,2022-12-09,,html,0.02
FinalRule_Docket Docket No. FAA-2022-1355_AmdtAmdt. Nos. 25-148_ 3_87FR_2022-12-09.txt,FinalRule,Docket Docket No. FAA-2022-1355_AmdtAmdt. Nos. 25-148_ 3_87FR,,,,2022-12-09,,txt,0.0
FinalRule_Docket FAA-1998-4815_Amdt23-54_25-100_33-20_65FR55848_2000-09-14.html,FinalRule,Docket FAA-1998-4815_Amdt23-54_25-100_33-20,,65,55848,2000-09-14,,html,0.2
FinalRule_Docket FAA-1998-4815_Amdt23-54_25-100_33-20_65FR55848_2000-09-14.txt,FinalRule,Docket FAA-1998-4815_Amdt23-54_25-100_33-20,,65,55848,2000-09-14,,txt,0.06
FinalRule_Docket FAA-1998-4815_Amdt23-54_33-20_68FR75390_2003-12-31.html,FinalRule,Docket FAA-1998-4815_Amdt23-54_33-20,,68,75390,2003-12-31,,html,0.03
FinalRule_Docket FAA-1998-4815_Amdt23-54_33-20_68FR75390_2003-12-31.txt,FinalRule,Docket FAA-1998-4815_Amdt23-54_33-20,,68,75390,2003-12-31,,txt,0.01
FinalRule_Docket FAA-2002-11670_Amdt11-47_21-80_23-55_36_67FR9551_2002-03-01.html,FinalRule,Docket FAA-2002-11670_Amdt11-47_21-80_23-55_36,,67,9551,2002-03-01,,html,0.06
FinalRule_Docket FAA-2002-11670_Amdt11-47_21-80_23-55_36_67FR9551_2002-03-01.txt,FinalRule,Docket FAA-2002-11670_Amdt11-47_21-80_23-55_36,,67,9551,2002-03-01,,txt,0.01
FinalRule_Docket FAA-2005-20245_Amdt23-58_25-124_27-43_2_2009-07-09.html,FinalRule,Docket FAA-2005-20245_Amdt23-58_25-124_27-43_2,,,,2009-07-09,,html,0.07
FinalRule_Docket FAA-2005-20245_Amdt23-58_25-124_27-43_2_2009-07-09.txt,FinalRule,Docket FAA-2005-20245_Amdt23-58_25-124_27-43_2,,,,2009-07-09,,txt,0.02
FinalRule_Docket FAA-2009-0738_Amdt23-62_76FR75736_2011-12-02.html,FinalRule,Docket FAA-2009-0738,23-62,76,75736,2011-12-02,,html,0.57
FinalRule_Docket FAA-2009-0738_Amdt23-62_76FR75736_2011-12-02.txt,FinalRule,Docket FAA-2009-0738,23-62,76,75736,2011-12-02,,txt,0.18
FinalRule_Docket FAA-2010-0224_Amdt23-61_25-134_27-46_2_76FR33129_2011-06-08.html,FinalRule,Docket FAA-2010-0224_Amdt23-61_25-134_27-46_2,,76,33129,2011-06-08,,html,0.16
FinalRule_Docket FAA-2010-0224_Amdt23-61_25-134_27-46_2_76FR33129_2011-06-08.txt,FinalRule,Docket FAA-2010-0224_Amdt23-61_25-134_27-46_2,,76,33129,2011-06-08,,txt,0.05
FinalRule_Docket FAA-2013-0485_Amdt1-70_23-63_25-144_27_83FR4420_2018-01-31.html,FinalRule,Docket FAA-2013-0485_Amdt1-70_23-63_25-144_27,,83,4420,2018-01-31,,html,0.02
FinalRule_Docket FAA-2013-0485_Amdt1-70_23-63_25-144_27_83FR4420_2018-01-31.txt,FinalRule,Docket FAA-2013-0485_Amdt1-70_23-63_25-144_27,,83,4420,2018-01-31,,txt,0.0
FinalRule_Docket FAA-2015-1621_Amdt21-100_23-64_35-10_4_81FR96572_2016-12-30.html,FinalRule,Docket FAA-2015-1621_Amdt21-100_23-64_35-10_4,,81,96572,2016-12-30,,html,0.02
FinalRule_Docket FAA-2015-1621_Amdt21-100_23-64_35-10_4_81FR96572_2016-12-30.txt,FinalRule,Docket FAA-2015-1621_Amdt21-100_23-64_35-10_4,,81,96572,2016-12-30,,txt,0.0
FinalRule_Docket2007_2009-09-02_74FR45307.pdf,FinalRule,,,,,,,pdf,0.15
FinalRule_Docket27804_1996-02-09_61FR5130.pdf,FinalRule,,,,,,,pdf,0.16
FinalRule_Docket27805_1996-02-09_61FR5138.pdf,FinalRule,,,,,,,pdf,0.23
FinalRule_Docket27806_1996-02-28_61FR7409.pdf,FinalRule,,,,,,,pdf,0.11
FinalRule_Docket27806_1996-03-13_61FR10269.pdf,FinalRule,,,,,,,pdf,0.11
FinalRule_Docket28011_1996-03-27_61FR13642.pdf,FinalRule,,,,,,,pdf,0.11
FinalRule_Docket28417_1995-12-28_60FR67254.pdf,FinalRule,,,,,,,pdf,0.12
FinalRule_Docket28652_1998-03-26_63FR14794.pdf,FinalRule,,,,,,,pdf,0.17
FinalRule_Docket28652_1998-10-05_63FR53278.pdf,FinalRule,,,,,,,pdf,0.11
NPRM_Docket 2007-27310_72FR18136_2007-04-11.html,NPRM,Docket 2007-27310,,72,18136,2007-04-11,,html,0.27
NPRM_Docket 2007-27310_72FR18136_2007-04-11.txt,NPRM,Docket 2007-27310,,72,18136,2007-04-11,,txt,0.08
NPRM_Docket 24494_64FR73437_1999-12-30.html,NPRM,Docket 24494,,64,73437,1999-12-30,,html,0.03
NPRM_Docket 24494_64FR73437_1999-12-30.txt,NPRM,Docket 24494,,64,73437,1999-12-30,,txt,0.01
NPRM_Docket 27316_60FR55491_1995-11-01.html,NPRM,Docket 27316,,60,55491,1995-11-01,,html,0.02
NPRM_Docket 27316_60FR55491_1995-11-01.txt,NPRM,Docket 27316,,60,55491,1995-11-01,,txt,0.0
NPRM_Docket 3096_ 5085_1961-11-15.html,NPRM,Docket 3096_ 5085,,,,1961-11-15,,html,0.11
NPRM_Docket 3096_ 5085_1961-11-15.txt,NPRM,Docket 3096_ 5085,,,,1961-11-15,,txt,0.02
NPRM_Docket 6-30-1998_63FR35647_1998-06-30.html,NPRM,Docket 6-30-1998,,63,35647,1998-06-30,,html,0.03
NPRM_Docket 6-30-1998_63FR35647_1998-06-30.txt,NPRM,Docket 6-30-1998,,63,35647,1998-06-30,,txt,0.01
NPRM_Docket Docket No. FAA-2022-0217_87FR_2022-03-11.html,NPRM,Docket Docket No. FAA-2022-0217_87FR,,,,2022-03-11,,html,0.11
NPRM_Docket Docket No. FAA-2022-0217_87FR_2022-03-11.txt,NPRM,Docket Docket No. FAA-2022-0217_87FR,,,,2022-03-11,,txt,0.05
NPRM_Docket FAA-2005-20245_70FR21688_2005-04-27.html,NPRM,Docket FAA-2005-20245,,70,21688,2005-04-27,,html,0.39
NPRM_Docket FAA-2005-20245_70FR21688_2005-04-27.txt,NPRM,Docket FAA-2005-20245,,70,21688,2005-04-27,,txt,0.12
NPRM_Docket FAA-2005-20245_70FR9751_2005-02-28.html,NPRM,Docket FAA-2005-20245,,70,9751,2005-02-28,,html,0.39
NPRM_Docket FAA-2005-20245_70FR9751_2005-02-28.txt,NPRM,Docket FAA-2005-20245,,70,9751,2005-02-28,,txt,0.12
NPRM_Docket FAA-2006-23657_71FR5553_2006-02-01.html,NPRM,Docket FAA-2006-23657,,71,5553,2006-02-01,,html,0.33
NPRM_Docket FAA-2006-23657_71FR5553_2006-02-01.txt,NPRM,Docket FAA-2006-23657,,71,5553,2006-02-01,,txt,0.09
NPRM_Docket FAA-2007-27310_72FR33925_2007-06-20.html,NPRM,Docket FAA-2007-27310,,72,33925,2007-06-20,,html,0.04
NPRM_Docket FAA-2007-27310_72FR33925_2007-06-20.txt,NPRM,Docket FAA-2007-27310,,72,33925,2007-06-20,,txt,0.01
NPRM_Docket FAA-2009-0738_2009-11-16.html,NPRM,Docket FAA-2009-0738,,,,2009-11-16,,html,0.03
NPRM_Docket FAA-2009-0738_2009-11-16.txt,NPRM,Docket FAA-2009-0738,,,,2009-11-16,,txt,0.01
NPRM_Docket FAA-2009-0738_74FR41522_2009-08-17.pdf,NPRM,Docket FAA-2009-0738,,74,41522,2009-08-17,,pdf,0.65
NPRM_Docket FAA-2009-0738_74FR41522_2009-08-17_0002.html,NPRM,Docket FAA-2009-0738,,74,41522,2009-08-17,0002,html,0.02
NPRM_Docket FAA-2009-0738_74FR41522_2009-08-17_0002.txt,NPRM,Docket FAA-2009-0738,,74,41522,2009-08-17,0002,txt,0.0
NPRM_Docket FAA-2013-0485_78FR34935_2013-06-11.html,NPRM,Docket FAA-2013-0485,,78,34935,2013-06-11,,html,0.01
NPRM_Docket FAA-2013-0485_78FR34935_2013-06-11.txt,NPRM,Docket FAA-2013-0485,,78,34935,2013-06-11,,txt,0.0
NPRM_Docket FAA-2015-1621_81FR13451_2016-03-14.html,NPRM,Docket FAA-2015-1621,,81,13451,2016-03-14,,html,0.02
NPRM_Docket FAA-2015-1621_81FR13451_2016-03-14.txt,NPRM,Docket FAA-2015-1621,,81,13451,2016-03-14,,txt,0.0
NPRM_Notice 10-05_DocketFAA-2010-0224_75FR16676_2010-04-02.html,NPRM,Notice 10-05_DocketFAA-2010-0224,,75,16676,2010-04-02,,html,0.16
NPRM_Notice 10-05_DocketFAA-2010-0224_75FR16676_2010-04-02.txt,NPRM,Notice 10-05_DocketFAA-2010-0224,,75,16676,2010-04-02,,txt,0.05
NPRM_Notice 62-22_Docket1186_1962-05-05.html,NPRM,Notice 62-22_Docket1186,,,,1962-05-05,,html,0.06
NPRM_Notice 62-22_Docket1186_1962-05-05.txt,NPRM,Notice 62-22_Docket1186,,,,1962-05-05,,txt,0.02
NPRM_Notice 63-41_Docket2029_1963-10-26.html,NPRM,Notice 63-41_Docket2029,,,,1963-10-26,,html,0.04
NPRM_Notice 63-41_Docket2029_1963-10-26.txt,NPRM,Notice 63-41_Docket2029,,,,1963-10-26,,txt,0.01
NPRM_Notice 64-14_Docket1186_1964-03-12.html,NPRM,Notice 64-14_Docket1186,,,,1964-03-12,,html,0.11
NPRM_Notice 64-14_Docket1186_1964-03-12.txt,NPRM,Notice 64-14_Docket1186,,,,1964-03-12,,txt,0.02
NPRM_Notice 64-17_Docket4080_29FR5111_1964-04-14.html,NPRM,Notice 64-17_Docket4080,,29,5111,1964-04-14,,html,1.07
NPRM_Notice 64-17_Docket4080_29FR5111_1964-04-14.txt,NPRM,Notice 64-17_Docket4080,,29,5111,1964-04-14,,txt,0.28
NPRM_Notice 64-31_Docket5085_1964-05-27.html,NPRM,Notice 64-31_Docket5085,,,,1964-05-27,,html,0.36
NPRM_Notice 64-31_Docket5085_1964-05-27.txt,NPRM,Notice 64-31_Docket5085,,,,1964-05-27,,txt,0.1
NPRM_Notice 65-43_Docket7095_31FR93_1966-01-05.html,NPRM,Notice 65-43_Docket7095,,31,93,1966-01-05,,html,0.13
NPRM_Notice 65-43_Docket7095_31FR93_1966-01-05.txt,NPRM,Notice 65-43_Docket7095,,31,93,1966-01-05,,txt,0.04
NPRM_Notice 66-44_Docket7831_31FR16790_1966-12-31.html,NPRM,Notice 66-44_Docket7831,,31,16790,1966-12-31,,html,0.05
NPRM_Notice 66-44_Docket7831_31FR16790_1966-12-31.txt,NPRM,Notice 66-44_Docket7831,,31,16790,1966-12-31,,txt,0.01
NPRM_Notice 67-14_Docket8083_32FR5791_1967-04-11.html,NPRM,Notice 67-14_Docket8083,,32,5791,1967-04-11,,html,0.45
NPRM_Notice 67-14_Docket8083_32FR5791_1967-04-11.txt,NPRM,Notice 67-14_Docket8083,,32,5791,1967-04-11,,txt,0.13
NPRM_Notice 67-30_Docket8281_32FR10602_1967-07-19.html,NPRM,Notice 67-30_Docket8281,,32,10602,1967-07-19,,html,0.04
NPRM_Notice 67-30_Docket8281_32FR10602_1967-07-19.txt,NPRM,Notice 67-30_Docket8281,,32,10602,1967-07-19,,txt,0.01
NPRM_Notice 69-10_Docket9485_34FR5440_1969-03-20.html,NPRM,Notice 69-10_Docket9485,,34,5440,1969-03-20,,html,0.03
NPRM_Notice 69-10_Docket9485_34FR5440_1969-03-20.txt,NPRM,Notice 69-10_Docket9485,,34,5440,1969-03-20,,txt,0.01
NPRM_Notice 70-21_Docket10129_35FR8665_1970-06-04.html,NPRM,Notice 70-21_Docket10129,,35,8665,1970-06-04,,html,0.05
NPRM_Notice 70-21_Docket10129_35FR8665_1970-06-04.txt,NPRM,Notice 70-21_Docket10129,,35,8665,1970-06-04,,txt,0.01
NPRM_Notice 70-25_Docket10405_35FR10911_1970-07-07.html,NPRM,Notice 70-25_Docket10405,,35,10911,1970-07-07,,html,0.03
NPRM_Notice 70-25_Docket10405_35FR10911_1970-07-07.txt,NPRM,Notice 70-25_Docket10405,,35,10911,1970-07-07,,txt,0.01
NPRM_Notice 70-47_Docket9826_35FR18054_1970-11-25.html,NPRM,Notice 70-47_Docket9826,,35,18054,1970-11-25,,html,0.05
NPRM_Notice 70-47_Docket9826_35FR18054_1970-11-25.txt,NPRM,Notice 70-47_Docket9826,,35,18054,1970-11-25,,txt,0.01
NPRM_Notice 71-12_Docket11010_36FR8383_1971-05-05.html,NPRM,Notice 71-12_Docket11010,,36,8383,1971-05-05,,html,0.39
NPRM_Notice 71-12_Docket11010_36FR8383_1971-05-05.txt,NPRM,Notice 71-12_Docket11010,,36,8383,1971-05-05,,txt,0.12
NPRM_Notice 71-13_Docket11011_36FR8398_1971-05-05.html,NPRM,Notice 71-13_Docket11011,,36,8398,1971-05-05,,html,0.19
NPRM_Notice 71-13_Docket11011_36FR8398_1971-05-05.txt,NPRM,Notice 71-13_Docket11011,,36,8398,1971-05-05,,txt,0.05
NPRM_Notice 73-1_Docket10162_38FR2985_1973-01-31.html,NPRM,Notice 73-1_Docket10162,,38,2985,1973-01-31,,html,0.06
NPRM_Notice 73-1_Docket10162_38FR2985_1973-01-31.txt,NPRM,Notice 73-1_Docket10162,,38,2985,1973-01-31,,txt,0.02
NPRM_Notice 74-33_Docket14052_39FR36595_1974-10-11.html,NPRM,Notice 74-33_Docket14052,,39,36595,1974-10-11,,html,0.04
NPRM_Notice 74-33_Docket14052_39FR36595_1974-10-11.txt,NPRM,Notice 74-33_Docket14052,,39,36595,1974-10-11,,txt,0.01
NPRM_Notice 74-5A_Docket13542_39FR18663_1974-05-29.html,NPRM,Notice 74-5A_Docket13542,,39,18663,1974-05-29,,html,0.03
NPRM_Notice 74-5A_Docket13542_39FR18663_1974-05-29.txt,NPRM,Notice 74-5A_Docket13542,,39,18663,1974-05-29,,txt,0.01
NPRM_Notice 74-5B_Docket13542_1974-10-11.html,NPRM,Notice 74-5B_Docket13542,,,,1974-10-11,,html,0.04
NPRM_Notice 74-5B_Docket13542_1974-10-11.txt,NPRM,Notice 74-5B_Docket13542,,,,1974-10-11,,txt,0.01
NPRM_Notice 74-5C_Docket13542_39FR41319_1974-11-26.html,NPRM,Notice 74-5C_Docket13542,,39,41319,1974-11-26,,html,0.04
NPRM_Notice 74-5C_Docket13542_39FR41319_1974-11-26.txt,NPRM,Notice 74-5C_Docket13542,,39,41319,1974-11-26,,txt,0.01
NPRM_Notice 74-5D_Docket13542_40FR5810_1975-02-07.html,NPRM,Notice 74-5D_Docket13542,,40,5810,1975-02-07,,html,0.02
NPRM_Notice 74-5D_Docket13542_40FR5810_1975-02-07.txt,NPRM,Notice 74-5D_Docket13542,,40,5810,1975-02-07,,txt,0.0
NPRM_Notice 74-5_Docket13542_39FR5785_1974-02-15.html,NPRM,Notice 74-5_Docket13542,,39,5785,1974-02-15,,html,0.06
NPRM_Notice 74-5_Docket13542_39FR5785_1974-02-15.txt,NPRM,Notice 74-5_Docket13542,,39,5785,1974-02-15,,txt,0.01
NPRM_Notice 75-10_Docket14324_1975-03-07.html,NPRM,Notice 75-10_Docket14324,,,,1975-03-07,,html,0.56
NPRM_Notice 75-10_Docket14324_1975-03-07.txt,NPRM,Notice 75-10_Docket14324,,,,1975-03-07,,txt,0.17
NPRM_Notice 75-19_Docket14606_1975-05-19.html,NPRM,Notice 75-19_Docket14606,,,,1975-05-19,,html,0.29
NPRM_Notice 75-19_Docket14606_1975-05-19.txt,NPRM,Notice 75-19_Docket14606,,,,1975-05-19,,txt,0.08
NPRM_Notice 75-20_Docket14607_40FR22110_1975-05-20.html,NPRM,Notice 75-20_Docket14607,,40,22110,1975-05-20,,html,0.07
NPRM_Notice 75-20_Docket14607_40FR22110_1975-05-20.txt,NPRM,Notice 75-20_Docket14607,,40,22110,1975-05-20,,txt,0.02
NPRM_Notice 75-23_Docket14625_40FR23048_1975-05-27.html,NPRM,Notice 75-23_Docket14625,,40,23048,1975-05-27,,html,0.34
NPRM_Notice 75-23_Docket14625_40FR23048_1975-05-27.txt,NPRM,Notice 75-23_Docket14625,,40,23048,1975-05-27,,txt,0.1
NPRM_Notice 75-25_Docket14684_40FR24664_1975-06-09.html,NPRM,Notice 75-25_Docket14684,,40,24664,1975-06-09,,html,0.51
NPRM_Notice 75-25_Docket14684_40FR24664_1975-06-09.txt,NPRM,Notice 75-25_Docket14684,,40,24664,1975-06-09,,txt,0.15
NPRM_Notice 75-26_Docket14685_1975-06-10.html,NPRM,Notice 75-26_Docket14685,,,,1975-06-10,,html,0.41
NPRM_Notice 75-26_Docket14685_1975-06-10.txt,NPRM,Notice 75-26_Docket14685,,,,1975-06-10,,txt,0.11
NPRM_Notice 75-31_Docket14779_1975-07-11.html,NPRM,Notice 75-31_Docket14779,,,,1975-07-11,,html,0.63
NPRM_Notice 75-31_Docket14779_1975-07-11.txt,NPRM,Notice 75-31_Docket14779,,,,1975-07-11,,txt,0.18
NPRM_Notice 77-20_Docket17154_42FR44204_1977-09-01.html,NPRM,Notice 77-20_Docket17154,,42,44204,1977-09-01,,html,0.16
NPRM_Notice 77-20_Docket17154_42FR44204_1977-09-01.txt,NPRM,Notice 77-20_Docket17154,,42,44204,1977-09-01,,txt,0.04
NPRM_Notice 77-6_Docket16919_42FR29688_1977-06-09.html,NPRM,Notice 77-6_Docket16919,,42,29688,1977-06-09,,html,0.05
NPRM_Notice 77-6_Docket16919_42FR29688_1977-06-09.txt,NPRM,Notice 77-6_Docket16919,,42,29688,1977-06-09,,txt,0.01
NPRM_Notice 78-14_Docket18315_43FR46734_1978-10-10.pdf,NPRM,Notice 78-14_Docket18315,,43,46734,1978-10-10,,pdf,0.51
NPRM_Notice 78-14_Docket18315_43FR46734_1978-10-10_0002.html,NPRM,Notice 78-14_Docket18315,,43,46734,1978-10-10,0002,html,0.01
NPRM_Notice 78-14_Docket18315_43FR46734_1978-10-10_0002.txt,NPRM,Notice 78-14_Docket18315,,43,46734,1978-10-10,0002,txt,0.0
NPRM_Notice 78-16_Docket18564_43FR57261_1978-12-07.html,NPRM,Notice 78-16_Docket18564,,43,57261,1978-12-07,,html,0.16
NPRM_Notice 78-16_Docket18564_43FR57261_1978-12-07.txt,NPRM,Notice 78-16_Docket18564,,43,57261,1978-12-07,,txt,0.04
NPRM_Notice 79-2A_Docket18334_1981-09-10.html,NPRM,Notice 79-2A_Docket18334,,,,1981-09-10,,html,0.93
NPRM_Notice 79-2A_Docket18334_1981-09-10.txt,NPRM,Notice 79-2A_Docket18334,,,,1981-09-10,,txt,0.27
NPRM_Notice 79-2B_Docket18334_1981-12-10.html,NPRM,Notice 79-2B_Docket18334,,,,1981-12-10,,html,0.03
NPRM_Notice 79-2B_Docket18334_1981-12-10.txt,NPRM,Notice 79-2B_Docket18334,,,,1981-12-10,,txt,0.01
NPRM_Notice 79-2C_Docket18334_1985-03-20.html,NPRM,Notice 79-2C_Docket18334,,,,1985-03-20,,html,1.26
NPRM_Notice 79-2C_Docket18334_1985-03-20.txt,NPRM,Notice 79-2C_Docket18334,,,,1985-03-20,,txt,0.39
NPRM_Notice 79-2_Docket18334_1979-01-22.html,NPRM,Notice 79-2_Docket18334,,,,1979-01-22,,html,0.48
NPRM_Notice 79-2_Docket18334_1979-01-22.txt,NPRM,Notice 79-2_Docket18334,,,,1979-01-22,,txt,0.13
NPRM_Notice 80-21_Docket16919_45FR76872_1980-11-20.html,NPRM,Notice 80-21_Docket16919,,45,76872,1980-11-20,,html,0.43
NPRM_Notice 80-21_Docket16919_45FR76872_1980-11-20.txt,NPRM,Notice 80-21_Docket16919,,45,76872,1980-11-20,,txt,0.13
NPRM_Notice 80-23_Docket21129_45FR80450_1980-12-04.html,NPRM,Notice 80-23_Docket21129,,45,80450,1980-12-04,,html,0.16
NPRM_Notice 80-23_Docket21129_45FR80450_1980-12-04.txt,NPRM,Notice 80-23_Docket21129,,45,80450,1980-12-04,,txt,0.05
NPRM_Notice 80-3_Docket20052_45FR13106_1980-02-28.html,NPRM,Notice 80-3_Docket20052,,45,13106,1980-02-28,,html,0.06
NPRM_Notice 80-3_Docket20052_45FR13106_1980-02-28.txt,NPRM,Notice 80-3_Docket20052,,45,13106,1980-02-28,,txt,0.02
NPRM_Notice 82-16_Docket21571_47FR56456_1982-12-16.html,NPRM,Notice 82-16_Docket21571,,47,56456,1982-12-16,,html,0.04
NPRM_Notice 82-16_Docket21571_47FR56456_1982-12-16.txt,NPRM,Notice 82-16_Docket21571,,47,56456,1982-12-16,,txt,0.01
NPRM_Notice 83-17_Docket23516_48FR52010_1983-11-15.html,NPRM,Notice 83-17_Docket23516,,48,52010,1983-11-15,,html,0.31
NPRM_Notice 83-17_Docket23516_48FR52010_1983-11-15.txt,NPRM,Notice 83-17_Docket23516,,48,52010,1983-11-15,,txt,0.09
NPRM_Notice 84-12_Docket24191_49FR32300_1984-08-13.html,NPRM,Notice 84-12_Docket24191,,49,32300,1984-08-13,,html,0.07
NPRM_Notice 84-12_Docket24191_49FR32300_1984-08-13.txt,NPRM,Notice 84-12_Docket24191,,49,32300,1984-08-13,,txt,0.02
NPRM_Notice 84-2_Docket23826_49FR10622_1984-03-21.html,NPRM,Notice 84-2_Docket23826,,49,10622,1984-03-21,,html,0.05
NPRM_Notice 84-2_Docket23826_49FR10622_1984-03-21.txt,NPRM,Notice 84-2_Docket23826,,49,10622,1984-03-21,,txt,0.01
NPRM_Notice 85-11_Docket23815_50FR19108_1985-05-06.html,NPRM,Notice 85-11_Docket23815,,50,19108,1985-05-06,,html,0.1
NPRM_Notice 85-11_Docket23815_50FR19108_1985-05-06.txt,NPRM,Notice 85-11_Docket23815,,50,19108,1985-05-06,,txt,0.03
NPRM_Notice 86-14_Docket25086_51FR33700_1986-09-22.html,NPRM,Notice 86-14_Docket25086,,51,33700,1986-09-22,,html,0.05
NPRM_Notice 86-14_Docket25086_51FR33700_1986-09-22.txt,NPRM,Notice 86-14_Docket25086,,51,33700,1986-09-22,,txt,0.01
NPRM_Notice 86-19_Docket25147_51FR44878_1986-12-12.html,NPRM,Notice 86-19_Docket25147,,51,44878,1986-12-12,,html,0.23
NPRM_Notice 86-19_Docket25147_51FR44878_1986-12-12.txt,NPRM,Notice 86-19_Docket25147,,51,44878,1986-12-12,,txt,0.07
NPRM_Notice 88-1_Docket25530_53FR4314_1988-02-12.html,NPRM,Notice 88-1_Docket25530,,53,4314,1988-02-12,,html,0.45
NPRM_Notice 88-1_Docket25530_53FR4314_1988-02-12.txt,NPRM,Notice 88-1_Docket25530,,53,4314,1988-02-12,,txt,0.1
NPRM_Notice 89-5_Docket25811_54FR9276_1989-03-06.html,NPRM,Notice 89-5_Docket25811,,54,9276,1989-03-06,,html,0.34
NPRM_Notice 89-5_Docket25811_54FR9276_1989-03-06.txt,NPRM,Notice 89-5_Docket25811,,54,9276,1989-03-06,,txt,0.1
NPRM_Notice 89-6_Docket25812_54FR9338_1989-03-06.html,NPRM,Notice 89-6_Docket25812,,54,9338,1989-03-06,,html,0.21
NPRM_Notice 89-6_Docket25812_54FR9338_1989-03-06.txt,NPRM,Notice 89-6_Docket25812,,54,9338,1989-03-06,,txt,0.06
NPRM_Notice 90-18_Docket26269_55FR26534_1990-06-28.html,NPRM,Notice 90-18_Docket26269,,55,26534,1990-06-28,,html,0.8
NPRM_Notice 90-18_Docket26269_55FR26534_1990-06-28.txt,NPRM,Notice 90-18_Docket26269,,55,26534,1990-06-28,,txt,0.26
NPRM_Notice 90-20_Docket26324_55FR35544_1990-08-30.html,NPRM,Notice 90-20_Docket26324,,55,35544,1990-08-30,,html,0.22
NPRM_Notice 90-20_Docket26324_55FR35544_1990-08-30.txt,NPRM,Notice 90-20_Docket26324,,55,35544,1990-08-30,,txt,0.07
NPRM_Notice 90-23_Docket26344_55FR40598_1990-10-03.html,NPRM,Notice 90-23_Docket26344,,55,40598,1990-10-03,,html,0.82
NPRM_Notice 90-23_Docket26344_55FR40598_1990-10-03.txt,NPRM,Notice 90-23_Docket26344,,55,40598,1990-10-03,,txt,0.27
NPRM_Notice 91-12_Docket23746_56FR22070_1991-05-13.html,NPRM,Notice 91-12_Docket23746,,56,22070,1991-05-13,,html,0.11
NPRM_Notice 91-12_Docket23746_56FR22070_1991-05-13.txt,NPRM,Notice 91-12_Docket23746,,56,22070,1991-05-13,,txt,0.03
NPRM_Notice 94-19_Docket27804_59FR33822_1994-06-30.html,NPRM,Notice 94-19_Docket27804,,59,33822,1994-06-30,,html,0.19
NPRM_Notice 94-19_Docket27804_59FR33822_1994-06-30.txt,NPRM,Notice 94-19_Docket27804,,59,33822,1994-06-30,,txt,0.06
NPRM_Notice 94-20_Docket27805_59FR35196_1994-07-08.html,NPRM,Notice 94-20_Docket27805,,59,35196,1994-07-08,,html,0.24
NPRM_Notice 94-20_Docket27805_59FR35196_1994-07-08.txt,NPRM,Notice 94-20_Docket27805,,59,35196,1994-07-08,,txt,0.07
NPRM_Notice 94-21_Docket27806_59FR37620_1994-07-22.html,NPRM,Notice 94-21_Docket27806,,59,37620,1994-07-22,,html,0.5
NPRM_Notice 94-21_Docket27806_59FR37620_1994-07-22.txt,NPRM,Notice 94-21_Docket27806,,59,37620,1994-07-22,,txt,0.16
NPRM_Notice 94-22_Docket27807_59FR37878_1994-07-25.html,NPRM,Notice 94-22_Docket27807,,59,37878,1994-07-25,,html,0.59
NPRM_Notice 94-22_Docket27807_59FR37878_1994-07-25.txt,NPRM,Notice 94-22_Docket27807,,59,37878,1994-07-25,,txt,0.17
NPRM_Notice 94-37_Docket28011_59FR67114_1994-12-28.html,NPRM,Notice 94-37_Docket28011,,59,67114,1994-12-28,,html,0.07
NPRM_Notice 94-37_Docket28011_59FR67114_1994-12-28.txt,NPRM,Notice 94-37_Docket28011,,59,67114,1994-12-28,,txt,0.02
NPRM_Notice 96-12_Docket28652_61FR41687_1996-08-09.html,NPRM,Notice 96-12_Docket28652,,61,41687,1996-08-09,,html,0.16
NPRM_Notice 96-12_Docket28652_61FR41687_1996-08-09.txt,NPRM,Notice 96-12_Docket28652,,61,41687,1996-08-09,,txt,0.05
NPRM_Notice 98-19_DocketFAA-1998-4815_63FR68635_1998-12-11.html,NPRM,Notice 98-19_DocketFAA-1998-4815,,63,68635,1998-12-11,,html,0.22
NPRM_Notice 98-19_DocketFAA-1998-4815_63FR68635_1998-12-11.txt,NPRM,Notice 98-19_DocketFAA-1998-4815,,63,68635,1998-12-11,,txt,0.07
NPRM_Notice10-05_2010-04-02_NPRM_75FR16676.pdf,NPRM,,,,,,,pdf,0.16
NPRM_Notice96-12_1996-08-09_NPRM_61FR41688.pdf,NPRM,,,,,,,pdf,0.22
