页面,条款,标题,溯源注原文,FR引证数,更正件数,更正月引证,本地文件,URL
/fars/info/part23-1-FAR.shtml,23.1,Applicability,"[Doc. No. 4080, 29 FR 17955, Dec. 18, 1964, as amended by Amdt. 23–34, 52 FR 1825, Jan. 15, 1987]",2,0,,,https://www.risingup.com/fars/info/part23-1-FAR.shtml
/fars/info/part23-1001-FAR.shtml,23.1001,Fuel jettisoning system,"[Amdt. 23–7, 34 FR 13094, Aug. 13, 1969, as amended by Amdt. 23–43, 58 FR 18973, Apr. 9, 1993; Amdt. 23–51, 61 FR 5137, Feb. 9, 1996]",3,0,,,https://www.risingup.com/fars/info/part23-1001-FAR.shtml
/fars/info/part23-1011-FAR.shtml,23.1011,General,"[Doc. No. 4080, 29 FR 17955, Dec. 18, 1964, as amended by Amdt. 23–43, 58 FR 18973, Apr. 9, 1993]",2,0,,,https://www.risingup.com/fars/info/part23-1011-FAR.shtml
/fars/info/part23-1013-FAR.shtml,23.1013,Oil tanks,"[Doc. No. 4080, 29 FR 17955, Dec. 18, 1964, as amended by Amdt. 23–15, 39 FR 35459 Oct. 1, 1974; Amdt. 23–43, 58 FR 18973, Apr. 9, 1993; Amdt. 23–51, 61 FR 5137, Feb. 9, 1996]",3,0,,,https://www.risingup.com/fars/info/part23-1013-FAR.shtml
/fars/info/part23-1015-FAR.shtml,23.1015,Oil tank tests,"[Doc. No. 4080, 29 FR 17955, Dec. 18, 1964, as amended by Amdt. 23–15, 39 FR 35460, Oct. 1, 1974]",2,0,,,https://www.risingup.com/fars/info/part23-1015-FAR.shtml
/fars/info/part23-1017-FAR.shtml,23.1017,Oil lines and fittings,"[Doc. No. 4080, 29 FR 17955, Dec. 18, 1964, as amended by Amdt. 23–7, 34 FR 13094, Aug. 13, 1969; Amdt. 23–14, 38 FR 31823, Nov. 19, 1973]",3,0,,,https://www.risingup.com/fars/info/part23-1017-FAR.shtml
/fars/info/part23-1019-FAR.shtml,23.1019,Oil strainer or filter,"[Amdt. 23–15, 39 FR 35460, Oct. 1, 1974, as amended by Amdt. 23–29, 49 FR 6847, Feb. 23, 1984; Amdt. 23–43, 58 FR 18973, Apr. 9, 1993]",3,0,,,https://www.risingup.com/fars/info/part23-1019-FAR.shtml
/fars/info/part23-1021-FAR.shtml,23.1021,Oil system drains,"[Amdt. 23–29, 49 FR 6847, Feb. 23, 1984, as amended by Amdt. 23–43, 58 FR 18973, Apr. 9, 1993]",2,0,,,https://www.risingup.com/fars/info/part23-1021-FAR.shtml
/fars/info/part23-1023-FAR.shtml,23.1023,Oil radiators,,0,0,,,https://www.risingup.com/fars/info/part23-1023-FAR.shtml
/fars/info/part23-1027-FAR.shtml,23.1027,Propeller feathering system,"[Doc. No. 4080, 29 FR 17955, Dec. 18, 1964, as amended by Amdt. 23–14, 38 FR 31823, Nov. 19, 1973; Amdt. 23–43, 58 FR 18973, Apr. 9, 1993]",3,0,,,https://www.risingup.com/fars/info/part23-1027-FAR.shtml
/fars/info/part23-1041-FAR.shtml,23.1041,General,"[Doc. No. 26344, 58 FR 18973, Apr. 9, 1993, as amended by Amdt. 23–51, 61 FR 5137, Feb. 9, 1996]",2,0,,,https://www.risingup.com/fars/info/part23-1041-FAR.shtml
/fars/info/part23-1043-FAR.shtml,23.1043,Cooling tests,"[Doc. No. 4080, 29 FR 17955, Dec. 18, 1964, as amended by Amdt. 23–7, 34 FR 13094, Aug. 13, 1969; Amdt. 23–21, 43 FR 2319, Jan. 16, 1978; Amdt. 23–51, 61 FR 5137, Feb. 9, 1996]",4,0,,,https://www.risingup.com/fars/info/part23-1043-FAR.shtml
/fars/info/part23-1045-FAR.shtml,23.1045,Cooling test procedures for turbine engine powered airplanes,"[Amdt. 23–7, 34 FR 13094, Aug. 13, 1969, as amended by Amdt. 23–51, 61 FR 5137, Feb. 9, 1996]",2,0,,,https://www.risingup.com/fars/info/part23-1045-FAR.shtml
/fars/info/part23-1047-FAR.shtml,23.1047,Cooling test procedures for reciprocating engine powered airplanes,"[Amdt. 23–51, 61 FR 5137, Feb. 9, 1996]",1,0,,,https://www.risingup.com/fars/info/part23-1047-FAR.shtml
/fars/info/part23-1061-FAR.shtml,23.1061,Installation,"[Doc. No. 4080, 29 FR 17955, Dec. 18, 1964, as amended by Amdt. 23–43, 58 FR 18973, Apr. 9, 1993]",2,0,,,https://www.risingup.com/fars/info/part23-1061-FAR.shtml
/fars/info/part23-1063-FAR.shtml,23.1063,Coolant tank tests,,0,0,,,https://www.risingup.com/fars/info/part23-1063-FAR.shtml
/fars/info/part23-1091-FAR.shtml,23.1091,Air induction system,"[Doc. No. 4080, 29 FR 17955, Dec. 18, 1964, as amended by Amdt. 23–7, 34 FR 13095, Aug. 13, 1969; Amdt. 23–43, 58 FR 18973, Apr. 9, 1993; 58 FR 27060, May 6, 1993; Amdt. 23–51, 61 FR 5137, Feb. 9, 1996]",5,1,58 FR 27060 (1993-05-06),⚠ 未下载,https://www.risingup.com/fars/info/part23-1091-FAR.shtml
/fars/info/part23-1093-FAR.shtml,23.1093,Induction system icing protection,"[Amdt. 23-7, 34 FR 13095, Aug. 13, 1969, as amended by Amdt. 23–15, 39 FR 35460, Oct. 1, 1974; Amdt. 23–17, 41 FR 55465, Dec. 20, 1976; Amdt. 23–18, 42 FR 15041, Mar. 17, 1977; Amdt. 23–29, 49 FR 6847, Feb. 23, 1984; Amdt. 23–43, 58 FR 18973, Apr. 9, 1993; Amdt. 23–51, 61 FR 5137, Feb. 9, 1996]",7,0,,,https://www.risingup.com/fars/info/part23-1093-FAR.shtml
/fars/info/part23-1095-FAR.shtml,23.1095,Carburetor deicing fluid flow rate,,0,0,,,https://www.risingup.com/fars/info/part23-1095-FAR.shtml
/fars/info/part23-1097-FAR.shtml,23.1097,Carburetor deicing fluid system capacity,,0,0,,,https://www.risingup.com/fars/info/part23-1097-FAR.shtml
/fars/info/part23-1099-FAR.shtml,23.1099,Carburetor deicing fluid system detail design,,0,0,,,https://www.risingup.com/fars/info/part23-1099-FAR.shtml
/fars/info/part23-1101-FAR.shtml,23.1101,Induction air preheater design,"[Doc. No. 4080, 29 FR 17955, Dec. 18, 1964, as amended by Amdt. 23–43, 58 FR 18974, Apr. 9, 1993]",2,0,,,https://www.risingup.com/fars/info/part23-1101-FAR.shtml
/fars/info/part23-1103-FAR.shtml,23.1103,Induction system ducts,"[Doc. No. 4080, 29 FR 17955, Dec. 18, 1964, as amended by Amdt. 23–7, 34 FR 13095, Aug. 13, 1969; Amdt. 23–43, 58 FR 18974, Apr. 9, 1993]",3,0,,,https://www.risingup.com/fars/info/part23-1103-FAR.shtml
/fars/info/part23-1105-FAR.shtml,23.1105,Induction system screens,"[Doc. No. 4080, 29 FR 17955, Dec. 18, 1964; 30 FR 258, Jan. 9, 1996, as amended by Amdt. 23–51, 61 FR 5137, Feb. 9, 1996]",3,1,30 FR 258 (1996-01-09),⚠ 未下载,https://www.risingup.com/fars/info/part23-1105-FAR.shtml
/fars/info/part23-1107-FAR.shtml,23.1107,Induction system filters,"[Doc. No. 26344, 58 FR 18974, Apr. 9, 1993, as amended by Amdt. 23–51, 61 FR 5137, Feb. 9, 1996]",2,0,,,https://www.risingup.com/fars/info/part23-1107-FAR.shtml
/fars/info/part23-1109-FAR.shtml,23.1109,Turbocharger bleed air system,"[Amdt. 23–42, 56 FR 354, Jan. 3, 1991]",1,0,,,https://www.risingup.com/fars/info/part23-1109-FAR.shtml
/fars/info/part23-1111-FAR.shtml,23.1111,Turbine engine bleed air system,"[Amdt. 23–7, 34 FR 13095, Aug. 13, 1969, as amended by Amdt. 23–17, 41 FR 55465, Dec. 20, 1976]",2,0,,,https://www.risingup.com/fars/info/part23-1111-FAR.shtml
/fars/info/part23-1121-FAR.shtml,23.1121,General,"[Doc. No. 4080, 29 FR 17955, Dec. 18, 1964, as amended by Amdt. 23–7, 34 FR 13095, Aug. 13, 1969; Amdt. 23–18, 42 FR 15042, Mar. 17, 1977; Amdt. 23–43, 58 FR 18974, Apr. 9, 1993; Amdt. 23–51, 61 FR 5137, Feb. 9, 1996]",5,0,,,https://www.risingup.com/fars/info/part23-1121-FAR.shtml
/fars/info/part23-1123-FAR.shtml,23.1123,Exhaust system,"[Doc. No. 4080, 29 FR 17955, Dec. 18, 1964, as amended by Amdt. 23–43, 58 FR 18974, Apr. 9, 1993]",2,0,,,https://www.risingup.com/fars/info/part23-1123-FAR.shtml
/fars/info/part23-1125-FAR.shtml,23.1125,Exhaust heat exchangers,"[Doc. No. 4080, 29 FR 17955, Dec. 18, 1964, as amended by Amdt. 23–17, 41 FR 55465, Dec. 20, 1976]",2,0,,,https://www.risingup.com/fars/info/part23-1125-FAR.shtml
/fars/info/part23-1141-FAR.shtml,23.1141,Powerplant controls: General,"[Doc. No. 4080, 29 FR 17955, Dec. 18, 1964, as amended by Amdt. 23–7, 34 FR 13095, Aug. 13, 1969; Amdt. 23–14, 38 FR 31823, Nov. 19, 1973; Amdt. 23–18, 42 FR 15042, Mar. 17, 1977; Amdt. 23–51, 61 FR 5137, Feb. 9, 1996]",5,0,,,https://www.risingup.com/fars/info/part23-1141-FAR.shtml
/fars/info/part23-1142-FAR.shtml,23.1142,Auxiliary power unit controls,"[Doc. No. 26344, 58 FR 18974, Apr. 9, 1993]",1,0,,,https://www.risingup.com/fars/info/part23-1142-FAR.shtml
/fars/info/part23-1143-FAR.shtml,23.1143,Engine controls,"[Amdt. 23–7, 34 FR 13095, Aug. 13, 1969, as amended by Amdt. 23–17, 41 FR 55465, Dec. 20, 1976; Amdt. 23–29, 49 FR 6847, Feb. 23, 1984; Amdt. 23–43, 58 FR 18974, Apr. 9, 1993; Amdt. 23–51, 61 FR 5137, Feb. 9, 1996]",5,0,,,https://www.risingup.com/fars/info/part23-1143-FAR.shtml
/fars/info/part23-1145-FAR.shtml,23.1145,Ignition switches,"[Doc. No. 4080, 29 FR 17955, Dec. 18, 1964; 30 FR 258, Jan. 9, 1965, as amended by Amdt. 23–18, 42 FR 15042, Mar. 17, 1977; Amdt. 23–43, 58 FR 18974, Apr. 9, 1993]",4,1,30 FR 258 (1965-01-09),⚠ 未下载,https://www.risingup.com/fars/info/part23-1145-FAR.shtml
/fars/info/part23-1147-FAR.shtml,23.1147,Mixture controls,"[Doc. No. 4080, 29 FR 17955, Dec. 18, 1964, as amended by Amdt. 23–7, 34 FR 13096, Aug. 13, 1969; Amdt. 23–33, 51 FR 26657, July 24, 1986; Amdt. 23–43, 58 FR 18974, Apr. 9, 1993]",4,0,,,https://www.risingup.com/fars/info/part23-1147-FAR.shtml
/fars/info/part23-1149-FAR.shtml,23.1149,Propeller speed and pitch controls,,0,0,,,https://www.risingup.com/fars/info/part23-1149-FAR.shtml
/fars/info/part23-1153-FAR.shtml,23.1153,Propeller feathering controls,"[Doc. No. 27804, 61 FR 5138, Feb. 9, 1996]",1,0,,,https://www.risingup.com/fars/info/part23-1153-FAR.shtml
/fars/info/part23-1155-FAR.shtml,23.1155,Turbine engine reverse thrust and propeller pitch settings below the flight regime,"[Amdt. 23–7, 34 FR 13096, Aug. 13, 1969]",1,0,,,https://www.risingup.com/fars/info/part23-1155-FAR.shtml
/fars/info/part23-1157-FAR.shtml,23.1157,Carburetor air temperature controls,,0,0,,,https://www.risingup.com/fars/info/part23-1157-FAR.shtml
/fars/info/part23-1163-FAR.shtml,23.1163,Powerplant accessories,"[Doc. No. 4080, 29 FR 17955, Dec. 18, 1964, as amended by Amdt. 23–14, 38 FR 31823, Nov. 19, 1973; Amdt. 23–29, 49 FR 6847, Feb. 23, 1984; Amdt. 23–34, 52 FR 1832, Jan. 15, 1987; Amdt. 23–42, 56 FR 354, Jan. 3, 1991]",5,0,,,https://www.risingup.com/fars/info/part23-1163-FAR.shtml
/fars/info/part23-1165-FAR.shtml,23.1165,Engine ignition systems,"[Doc. No. 4080, 29 FR 17955, Dec. 18, 1964, as amended by Amdt. 23–17, 41 FR 55465 Dec. 20, 1976; Amdt. 23–34, 52 FR 1833, Jan. 15, 1987]",2,0,,,https://www.risingup.com/fars/info/part23-1165-FAR.shtml
/fars/info/part23-1181-FAR.shtml,23.1181,Designated fire zones; regions included,"[Doc. No. 26344, 58 FR 18975, Apr. 9, 1993, as amended by Amdt. 23–51, 61 FR 5138, Feb. 9, 1996]",2,0,,,https://www.risingup.com/fars/info/part23-1181-FAR.shtml
/fars/info/part23-1182-FAR.shtml,23.1182,Nacelle areas behind firewalls,"[Amdt. 23–14, 38 FR 31816, Nov. 19, 1973]",1,0,,,https://www.risingup.com/fars/info/part23-1182-FAR.shtml
/fars/info/part23-1183-FAR.shtml,23.1183,"Lines, fittings, and components","[Doc. No. 4080, 29 FR 17955, Dec. 18, 1964, as amended by Amdt. 23–5, 32 FR 6912, May 5, 1967; Amdt. 23–15, 39 FR 35460, Oct. 1, 1974; Amdt. 23–29, 49 FR 6847, Feb. 23, 1984; Amdt. 23–51, 61 FR 5138, Feb. 9, 1996]",5,0,,,https://www.risingup.com/fars/info/part23-1183-FAR.shtml
/fars/info/part23-1189-FAR.shtml,23.1189,Shutoff means,"[Doc. No. 4080, 29 FR 17955, Dec. 18, 1964, as amended by Amdt. 23–7, 34 FR 13096, Aug. 13, 1969; Amdt. 23–14, 38 FR 31823, Nov. 19, 1973; Amdt. 23–29, 49 FR 6847, Feb. 23, 1984; Amdt. 23–43, 58 FR 18975, Apr. 9, 1993]",5,0,,,https://www.risingup.com/fars/info/part23-1189-FAR.shtml
/fars/info/part23-1191-FAR.shtml,23.1191,Firewalls,"[Doc. No. 4080, 29 FR 17955, Dec. 18, 1964, as amended by Amdt. 23–43, 58 FR 18975, Apr. 9, 1993; 58 FR 27060, May 6, 1993; Amdt. 23–51, 61 FR 5138, Feb. 9, 1996]",4,1,58 FR 27060 (1993-05-06),⚠ 未下载,https://www.risingup.com/fars/info/part23-1191-FAR.shtml
/fars/info/part23-1192-FAR.shtml,23.1192,Engine accessory compartment diaphragm,"[Amdt. 23–14, 38 FR 31823, Nov. 19, 1973]",1,0,,,https://www.risingup.com/fars/info/part23-1192-FAR.shtml
/fars/info/part23-1193-FAR.shtml,23.1193,Cowling and nacelle,"[Doc. No. 4080, 29 FR 17955, Dec. 18, 1964; 30 FR 258, Jan. 9, 1965, as amended by Amdt. 23–18, 42 FR 15042, Mar. 17, 1977; Amdt. 23–34, 52 FR 1833, Jan. 15, 1987; 58 FR 18975, Apr. 9, 1993]",5,1,30 FR 258 (1965-01-09),⚠ 未下载,https://www.risingup.com/fars/info/part23-1193-FAR.shtml
/fars/info/part23-1195-FAR.shtml,23.1195,Fire extinguishing systems,"[Amdt. 23–34, 52 FR 1833, Jan. 15, 1987, as amended by Amdt. 23–43, 58 FR 18975, Apr. 9, 1993]",2,0,,,https://www.risingup.com/fars/info/part23-1195-FAR.shtml
/fars/info/part23-1197-FAR.shtml,23.1197,Fire extinguishing agents,"[Amdt. 23–34, 52 FR 1833, Jan. 15, 1987]",1,0,,,https://www.risingup.com/fars/info/part23-1197-FAR.shtml
/fars/info/part23-1199-FAR.shtml,23.1199,Extinguishing agent containers,"[Amdt. 23–34, 52 FR 1833, Jan. 15, 1987; 52 FR 34745, Sept. 14, 1987]",2,1,52 FR 34745 (1987-09-14),⚠ 未下载,https://www.risingup.com/fars/info/part23-1199-FAR.shtml
/fars/info/part23-1201-FAR.shtml,23.1201,Fire extinguishing systems materials,"[Amdt. 23–34, 52 FR 1833, Jan. 15, 1987; 52 FR 7262, Mar. 9, 1987]",2,1,52 FR 7262 (1987-03-09),⚠ 未下载,https://www.risingup.com/fars/info/part23-1201-FAR.shtml
/fars/info/part23-1203-FAR.shtml,23.1203,Fire detector system,"[Amdt. 23–18, 42 FR 15042, Mar. 17, 1977, as amended by Amdt. 23–34, 52 FR 1833, Jan. 15, 1987; Amdt. 23–43, 58 FR 18975, Apr. 9, 1993; Amdt. 23–51, 61 FR 5138, Feb. 9, 1996]",4,0,,,https://www.risingup.com/fars/info/part23-1203-FAR.shtml
/fars/info/part23-1301-FAR.shtml,23.1301,Function and installation,"[Amdt. 23–20, 42 FR 36968, July 18, 1977]",1,0,,,https://www.risingup.com/fars/info/part23-1301-FAR.shtml
/fars/info/part23-1303-FAR.shtml,23.1303,Flight and navigation instruments,"[Doc. No. 4080, 29 FR 17955, Dec. 18, 1964, as amended by Amdt. 23–17, 41 FR 55465, Dec. 20, 1976; Amdt. 23–43, 58 FR 18975, Apr. 9, 1993; Amdt. 23–49, 61 FR 5168, Feb. 9, 1996]",4,0,,,https://www.risingup.com/fars/info/part23-1303-FAR.shtml
/fars/info/part23-1305-FAR.shtml,23.1305,Powerplant instruments,"[Doc. No. 26344, 58 FR 18975, Apr. 9, 1993; 58 FR 27060, May 6, 1993; Amdt. 23–51, 61 FR 5138, Feb. 9, 1996; Amdt. 23–52, 61 FR 13644, Mar. 27, 1996]",4,1,58 FR 27060 (1993-05-06),⚠ 未下载,https://www.risingup.com/fars/info/part23-1305-FAR.shtml
/fars/info/part23-1307-FAR.shtml,23.1307,Miscellaneous equipment,"[Doc. No. 4080, 29 FR 17955, Dec. 18, 1964; 30 FR 258, Jan. 9, 1965, as amended by Amdt. 23–23, 43 FR 50593, Oct. 30, 1978; Amdt. 23–43, 58 FR 18976, Apr. 9, 1993; Amdt. 23–49, 61 FR 5168, Feb. 9, 1996]",5,1,30 FR 258 (1965-01-09),⚠ 未下载,https://www.risingup.com/fars/info/part23-1307-FAR.shtml
/fars/info/part23-1308-FAR.shtml,23.1308,High-intensity Radiated Fields (HIRF) Protection,"[Doc. No. FAA–2006–23657, 72 FR 44024, Aug. 6, 2007]",1,0,,,https://www.risingup.com/fars/info/part23-1308-FAR.shtml
/fars/info/part23-1309-FAR.shtml,23.1309,"Equipment, systems, and installations","[Amdt. 23–41, 55 FR 43309, Oct. 26, 1990; 55 FR 47028, Nov. 8, 1990, as amended by Amdt. 23–49, 61 FR 5168, Feb. 9, 1996]",3,1,55 FR 47028 (1990-11-08),⚠ 未下载,https://www.risingup.com/fars/info/part23-1309-FAR.shtml
/fars/info/part23-1311-FAR.shtml,23.1311,Electronic display instrument systems,"[Doc. No. 27806, 61 FR 5168, Feb. 9, 1996]",1,0,,,https://www.risingup.com/fars/info/part23-1311-FAR.shtml
/fars/info/part23-1321-FAR.shtml,23.1321,Arrangement and visibility,"[Doc. No. 4080, 29 FR 17955, Dec. 18, 1964, as amended by Amdt. 23–14, 38 FR 31824, Nov. 19, 1973; Amdt. 23–20, 42 FR 36968, July 18, 1977; Amdt. 23–41, 55 FR 43310, Oct. 26, 1990; 55 FR 46888, Nov. 7, 1990; Amdt. 23–49, 61 FR 5168, Feb. 9, 1996]",6,1,55 FR 46888 (1990-11-07),⚠ 未下载,https://www.risingup.com/fars/info/part23-1321-FAR.shtml
/fars/info/part23-1322-FAR.shtml,23.1322,"Warning, caution, and advisory lights","[Amdt. 23–17, 41 FR 55465, Dec. 20, 1976, as amended by Amdt. 23–43, 58 FR 18976, Apr. 9, 1993]",2,0,,,https://www.risingup.com/fars/info/part23-1322-FAR.shtml
/fars/info/part23-1323-FAR.shtml,23.1323,Airspeed indicating system,"[Amdt. 23–20, 42 FR 36968, July 18, 1977, as amended by Amdt. 23–34, 52 FR 1834, Jan. 15, 1987; 52 FR 34745, Sept. 14, 1987; Amdt. 23–42, 56 FR 354, Jan. 3, 1991; Amdt. 23–49, 61 FR 5168, Feb. 9, 1996]",5,1,52 FR 34745 (1987-09-14),⚠ 未下载,https://www.risingup.com/fars/info/part23-1323-FAR.shtml
/fars/info/part23-1325-FAR.shtml,23.1325,Static pressure system,"[Amdt. 23–1, 30 FR 8261, June 29, 1965, as amended by Amdt. 23–6, 32 FR 7586, May 24, 1967; 32 FR 13505, Sept. 27, 1967; 32 FR 13714, Sept. 30, 1967; Amdt. 23–20, 42 FR 36968, July 18, 1977; Amdt. 23–34, 52 FR 1834, Jan. 15, 1987; Amdt. 23–42, 56 FR 354, Jan. 3, 1991; Amdt. 23–49, 61 FR 5169, Feb. 9, 1996; Amdt. 23–50, 61 FR 5192, Feb. 9, 1996]",9,2,32 FR 13505 (1967-09-27) ｜ 32 FR 13714 (1967-09-30),⚠ 未下载 ｜ ⚠ 未下载,https://www.risingup.com/fars/info/part23-1325-FAR.shtml
/fars/info/part23-1326-FAR.shtml,23.1326,Pitot heat indication systems,"[Doc. No. 27806, 61 FR 5169, Feb. 9, 1996]",1,0,,,https://www.risingup.com/fars/info/part23-1326-FAR.shtml
/fars/info/part23-1327-FAR.shtml,23.1327,Magnetic direction indicator,"[Amdt. 23–20, 42 FR 36969, July 18, 1977]",1,0,,,https://www.risingup.com/fars/info/part23-1327-FAR.shtml
/fars/info/part23-1329-FAR.shtml,23.1329,Automatic pilot system,"[Doc. No. 4080, 29 FR 17955, Dec. 18, 1964; 30 FR 258, Jan. 9, 1965, as amended by Amdt. 23–23, 43 FR 50593, Oct. 30, 1978; Amdt. 23–43, 58 FR 18976, Apr. 9, 1993; Amdt. 23–49, 61 FR 5169, Feb. 9, 1996]",5,1,30 FR 258 (1965-01-09),⚠ 未下载,https://www.risingup.com/fars/info/part23-1329-FAR.shtml
/fars/info/part23-1331-FAR.shtml,23.1331,Instruments using a power source,"[Doc. No. 26344, 58 FR 18976, Apr. 9, 1993]",1,0,,,https://www.risingup.com/fars/info/part23-1331-FAR.shtml
/fars/info/part23-1335-FAR.shtml,23.1335,Flight director systems,"[Amdt. 23–20, 42 FR 36969, July 18, 1977]",1,0,,,https://www.risingup.com/fars/info/part23-1335-FAR.shtml
/fars/info/part23-1337-FAR.shtml,23.1337,Powerplant instruments installation,"[Doc. No. 4080, 29 FR 17955, Dec. 18, 1964, as amended by Amdt. 23–7, 34 FR 13096, Aug. 13, 1969; Amdt. 23–18, 42 FR 15042, Mar. 17, 1977; Amdt. 23–43, 58 FR 18976, Apr. 9, 1993; Amdt. 23–51, 61 FR 5138, Feb. 9, 1996; Amdt. 23–49, 61 FR 5169, Feb. 9, 1996]",6,0,,,https://www.risingup.com/fars/info/part23-1337-FAR.shtml
/fars/info/part23-1351-FAR.shtml,23.1351,General,"[Doc. No. 4080, 29 FR 17955, Dec. 18, 1964, as amended by Amdt. 23–7, 34 FR 13096, Aug. 13, 1969; Amdt. 23–14, 38 FR 31824, Nov. 19, 1973; Amdt. 23–17, 41 FR 55465, Dec. 20, 1976; Amdt. 23–20, 42 FR 36969, July 18, 1977; Amdt. 23–34, 52 FR 1834, Jan. 15, 1987; 52 FR 34745, Sept. 14, 1987; Amdt. 23–43, 58 FR 18976, Apr. 9, 1993; Amdt. 23–49, 61 FR 5169, Feb. 9, 1996]",9,1,52 FR 34745 (1987-09-14),⚠ 未下载,https://www.risingup.com/fars/info/part23-1351-FAR.shtml
/fars/info/part23-1353-FAR.shtml,23.1353,Storage battery design and installation,"[Doc. No. 4080, 29 FR 17955, Dec. 18, 1964; 30 FR 258, Jan. 9, 1965, as amended by Amdt. 23–20, 42 FR 36969, July 18, 1977; Amdt. 23–21, 43 FR 2319, Jan. 16, 1978; Amdt. 23–49, 61 FR 5169, Feb. 9, 1996]",5,1,30 FR 258 (1965-01-09),⚠ 未下载,https://www.risingup.com/fars/info/part23-1353-FAR.shtml
/fars/info/part23-1357-FAR.shtml,23.1357,Circuit protective devices,"[Doc. No. 4080, 29 FR 17955, Dec. 18, 1964; 30 FR 258, Jan. 9, 1965, as amended by Amdt. 23–20, 42 FR 36969, July 18, 1977]; Amdt. 23–43, 58 FR 18976, Apr. 9, 1993",4,1,30 FR 258 (1965-01-09),⚠ 未下载,https://www.risingup.com/fars/info/part23-1357-FAR.shtml
/fars/info/part23-1359-FAR.shtml,23.1359,Electrical system fire protection,"[Doc. No. 27806, 61 FR 5169, Feb. 9, 1996]",1,0,,,https://www.risingup.com/fars/info/part23-1359-FAR.shtml
/fars/info/part23-1361-FAR.shtml,23.1361,Master switch arrangement,"[Doc. No. 4080, 29 FR 17955, Dec. 18, 1964; 30 FR 258, Jan. 9, 1965, as amended by Amdt. 23–20, 42 FR 36969, July 18, 1977; Amdt. 23–43, 58 FR 18977, Apr. 9, 1993; Amdt. 23–49, 61 FR 5169, Feb. 9, 1996]",5,1,30 FR 258 (1965-01-09),⚠ 未下载,https://www.risingup.com/fars/info/part23-1361-FAR.shtml
/fars/info/part23-1365-FAR.shtml,23.1365,Electric cables and equipment,"[Doc. No. 4080, 29 FR 17955, Dec. 18, 1964, as amended by Amdt. 23–14, 38 FR 31824, Nov. 19, 1973; Amdt. 23–43, 58 FR 18977, Apr. 9, 1993; Amdt. 23–49, 61 FR 5169, Feb. 9, 1996]",4,0,,,https://www.risingup.com/fars/info/part23-1365-FAR.shtml
/fars/info/part23-1367-FAR.shtml,23.1367,Switches,,0,0,,,https://www.risingup.com/fars/info/part23-1367-FAR.shtml
/fars/info/part23-1381-FAR.shtml,23.1381,Instrument lights,,0,0,,,https://www.risingup.com/fars/info/part23-1381-FAR.shtml
/fars/info/part23-1383-FAR.shtml,23.1383,Taxi and landing lights,"[Doc. No. 27806, 61 FR 5169, Feb. 9, 1996]",1,0,,,https://www.risingup.com/fars/info/part23-1383-FAR.shtml
/fars/info/part23-1385-FAR.shtml,23.1385,Position light system installation,"[Doc. No. 4080, 29 FR 17955, Dec. 18, 1964, as amended by Amdt. 23–17, 41 FR 55465, Dec. 20, 1976; Amdt. 23–43, 58 FR 18977, Apr. 9, 1993]",3,0,,,https://www.risingup.com/fars/info/part23-1385-FAR.shtml
/fars/info/part23-1387-FAR.shtml,23.1387,Position light system dihedral angles,"[Doc. No. 4080, 29 FR 17955, Dec. 18, 1964; 30 FR 258, Jan. 9, 1965, as amended by Amdt. 23–12, 36 FR 21278, Nov. 5, 1971; Amdt. 23–43, 58 FR 18977, Apr. 9, 1993]",4,1,30 FR 258 (1965-01-09),⚠ 未下载,https://www.risingup.com/fars/info/part23-1387-FAR.shtml
/fars/info/part23-1389-FAR.shtml,23.1389,Position light distribution and intensities,"[Doc. No. 4080, 29 FR 17955, Dec. 18, 1964, as amended by Amdt. 23–43, 58 FR 18977, Apr. 9, 1993]",2,0,,,https://www.risingup.com/fars/info/part23-1389-FAR.shtml
/fars/info/part23-1391-FAR.shtml,23.1391,Minimum intensities in the horizontal plane of position lights,"[Doc. No. 4080, 29 FR 17955, Dec. 18, 1964, as amended by Amdt. 23–43, 58 FR 18977, Apr. 9, 1993]",2,0,,,https://www.risingup.com/fars/info/part23-1391-FAR.shtml
/fars/info/part23-1393-FAR.shtml,23.1393,Minimum intensities in any vertical plane of position lights,"[Doc. No. 4080, 29 FR 17955, Dec. 18, 1964, as amended by Amdt. 23–43, 58 FR 18977, Apr. 9, 1993]",2,0,,,https://www.risingup.com/fars/info/part23-1393-FAR.shtml
/fars/info/part23-1395-FAR.shtml,23.1395,Maximum intensities in overlapping beams of position lights,"[Doc. No. 4080, 29 FR 17955, Dec. 18, 1964, as amended by Amdt. 23–43, 58 FR 18977, Apr. 9, 1993]",2,0,,,https://www.risingup.com/fars/info/part23-1395-FAR.shtml
/fars/info/part23-1397-FAR.shtml,23.1397,Color specifications,"[Doc. No. 4080, 29 FR 17955, Dec. 18, 1964, amended by Amdt. 23–11, 36 FR 12971, July 10, 1971]",1,0,,,https://www.risingup.com/fars/info/part23-1397-FAR.shtml
/fars/info/part23-1399-FAR.shtml,23.1399,Riding light,,0,0,,,https://www.risingup.com/fars/info/part23-1399-FAR.shtml
/fars/info/part23-1401-FAR.shtml,23.1401,Anticollision light system,"[Doc. No. 4080, 29 FR 17955, Dec. 18, 1964, as amended by Amdt. 23–11, 36 FR 12972, July 10, 1971; Amdt. 23–20, 42 FR 36969, July 18, 1977; Amdt. 23–49, 61 FR 5169, Feb. 9, 1996]",4,0,,,https://www.risingup.com/fars/info/part23-1401-FAR.shtml
/fars/info/part23-141-FAR.shtml,23.141,General,"[Doc. No. 26269, 58 FR 42156, Aug. 6, 1993]",1,0,,,https://www.risingup.com/fars/info/part23-141-FAR.shtml
/fars/info/part23-1411-FAR.shtml,23.1411,General,"[Amdt. 23–17, 41 FR 55465, Dec. 20, 1976, as amended by Amdt. 23–36, 53 FR 30815, Aug. 15, 1988]",2,0,,,https://www.risingup.com/fars/info/part23-1411-FAR.shtml
/fars/info/part23-1415-FAR.shtml,23.1415,Ditching equipment,,0,0,,,https://www.risingup.com/fars/info/part23-1415-FAR.shtml
/fars/info/part23-1416-FAR.shtml,23.1416,Pneumatic de-icer boot system,"[Amdt. 23–23, 43 FR 50593, Oct. 30, 1978]",1,0,,,https://www.risingup.com/fars/info/part23-1416-FAR.shtml
/fars/info/part23-1419-FAR.shtml,23.1419,Ice protection,"[Doc. No. 26344, 58 FR 18977, Apr. 9, 1993]",1,0,,,https://www.risingup.com/fars/info/part23-1419-FAR.shtml
/fars/info/part23-143-FAR.shtml,23.143,General,"[Doc. No, 4080, 29 FR 17955, Dec. 18, 1964, as amended by Amdt. 23–14, 38 FR 31819, Nov. 19, 1973; Amdt. 23–17, 41 FR 55464, Dec. 20, 1976; Amdt. 23–45, 58 FR 42156, Aug. 6, 1993; Amdt. 23–50, 61 FR 5188, Feb. 9, 1996]",5,0,,,https://www.risingup.com/fars/info/part23-143-FAR.shtml
/fars/info/part23-1431-FAR.shtml,23.1431,Electronic equipment,"[Doc. No. 26344, 58 FR 18977, Apr. 9, 1993, as amended by Amdt. 23–49, 61 FR 5169, Feb. 9, 1996]",2,0,,,https://www.risingup.com/fars/info/part23-1431-FAR.shtml
/fars/info/part23-1435-FAR.shtml,23.1435,Hydraulic systems,"[Doc. No. 4080, 29 FR 17955, Dec. 18, 1964, as amended by Amdt. 23–7, 34 FR 13096, Aug. 13, 1969; Amdt. 23–14, 38 FR 31824, Nov. 19, 1973; Amdt. 23–43, 58 FR 18977, Apr. 9, 1993; Amdt. 23–49, 61 FR 5170, Feb. 9, 1996]",5,0,,,https://www.risingup.com/fars/info/part23-1435-FAR.shtml
/fars/info/part23-1437-FAR.shtml,23.1437,Accessories for multiengine airplanes,,0,0,,,https://www.risingup.com/fars/info/part23-1437-FAR.shtml
/fars/info/part23-1438-FAR.shtml,23.1438,Pressurization and pneumatic systems,"[Amdt. 23–20, 42 FR 36969, July 18, 1977]",1,0,,,https://www.risingup.com/fars/info/part23-1438-FAR.shtml
/fars/info/part23-1441-FAR.shtml,23.1441,Oxygen equipment and supply,"[Amdt. 23–9, 35 FR 6386, Apr. 21, 1970, as amended by Amdt. 23–43, 58 FR 18978, Apr. 9, 1993]",2,0,,,https://www.risingup.com/fars/info/part23-1441-FAR.shtml
/fars/info/part23-1443-FAR.shtml,23.1443,Minimum mass flow of supplemental oxygen,"[Doc. No. 26344, 58 FR 18978, Apr. 9, 1993]",1,0,,,https://www.risingup.com/fars/info/part23-1443-FAR.shtml
/fars/info/part23-1445-FAR.shtml,23.1445,Oxygen distribution system,"[Doc. No. 26344, 58 FR 18978, Apr. 9, 1993]",1,0,,,https://www.risingup.com/fars/info/part23-1445-FAR.shtml
/fars/info/part23-1447-FAR.shtml,23.1447,Equipment standards for oxygen dispensing units,"[Amdt. 23–9, 35 FR 6387, Apr. 21, 1970, as amended by Amdt. 23–20, 42 FR 36969, July 18, 1977; Amdt. 23–30, 49 FR 7340, Feb. 28, 1984; Amdt. 23–43, 58 FR 18978, Apr. 9, 1993; Amdt. 23–49, 61 FR 5170, Feb. 9, 1996]",5,0,,,https://www.risingup.com/fars/info/part23-1447-FAR.shtml
/fars/info/part23-1449-FAR.shtml,23.1449,Means for determining use of oxygen,"[Amdt. 23–9, 35 FR 6387, Apr. 21, 1970]",1,0,,,https://www.risingup.com/fars/info/part23-1449-FAR.shtml
/fars/info/part23-145-FAR.shtml,23.145,Longitudinal control,"[Doc. No. 26269, 58 FR 42157, Aug. 6, 1993; Amdt. 23–45, 58 FR 51970, Oct. 5, 1993, as amended by Amdt. 23–50, 61 FR 5188, Feb. 9, 1996]",3,0,,,https://www.risingup.com/fars/info/part23-145-FAR.shtml
/fars/info/part23-1450-FAR.shtml,23.1450,Chemical oxygen generators,"[Amdt. 23–20, 42 FR 36969, July 18, 1977]",1,0,,,https://www.risingup.com/fars/info/part23-1450-FAR.shtml
/fars/info/part23-1451-FAR.shtml,23.1451,Fire protection for oxygen equipment,"[Doc. No. 27806, 61 FR 5170, Feb. 9, 1996]",1,0,,,https://www.risingup.com/fars/info/part23-1451-FAR.shtml
/fars/info/part23-1453-FAR.shtml,23.1453,Protection of oxygen equipment from rupture,"[Doc. No. 27806, 61 FR 5170, Feb. 9, 1996]",1,0,,,https://www.risingup.com/fars/info/part23-1453-FAR.shtml
/fars/info/part23-1457-FAR.shtml,23.1457,Cockpit voice recorders,"[Amdt. 23–35, 53 FR 26142, July 11, 1988, as amended by Amdt. No. 23–58, 73 FR 12562, Mar. 7, 2008; 74 FR 32799, July 9, 2009]",3,1,74 FR 32799 (2009-07-09),⚠ 未下载,https://www.risingup.com/fars/info/part23-1457-FAR.shtml
/fars/info/part23-1459-FAR.shtml,23.1459,Flight data recorders,"[Amdt. 23–35, 53 FR 26143, July 11, 1988, as amended by Amdt. No. 23–58, 73 FR 12562, Mar. 7, 2008; 74 FR 32800, July 9, 2009]",3,1,74 FR 32800 (2009-07-09),⚠ 未下载,https://www.risingup.com/fars/info/part23-1459-FAR.shtml
/fars/info/part23-1461-FAR.shtml,23.1461,Equipment containing high energy rotors,"[Amdt. 23–20, 42 FR 36969, July 18, 1977, as amended by Amdt. 23–49, 61 FR 5170, Feb. 9, 1996]",2,0,,,https://www.risingup.com/fars/info/part23-1461-FAR.shtml
/fars/info/part23-147-FAR.shtml,23.147,Directional and lateral control,"[Doc. No. 27807, 61 FR 5188, Feb. 9, 1996]",1,0,,,https://www.risingup.com/fars/info/part23-147-FAR.shtml
/fars/info/part23-149-FAR.shtml,23.149,Minimum control speed,"[Doc. No. 27807, 61 FR 5189, Feb. 9, 1996]",1,0,,,https://www.risingup.com/fars/info/part23-149-FAR.shtml
/fars/info/part23-1501-FAR.shtml,23.1501,General,"[Amdt. 23–21, 43 FR 2319, Jan. 16, 1978]",1,0,,,https://www.risingup.com/fars/info/part23-1501-FAR.shtml
/fars/info/part23-1505-FAR.shtml,23.1505,Airspeed limitations,"[Doc. No. 4080, 29 FR 17955, Dec. 18, 1964, as amended by Amdt. 23–7, 34 FR 13096, Aug. 13, 1969]",2,0,,,https://www.risingup.com/fars/info/part23-1505-FAR.shtml
/fars/info/part23-1507-FAR.shtml,23.1507,Operating maneuvering speed,"[Doc. No. 26269, 58 FR 42165, Aug. 6, 1993]",1,0,,,https://www.risingup.com/fars/info/part23-1507-FAR.shtml
/fars/info/part23-151-FAR.shtml,23.151,Acrobatic maneuvers,,0,0,,,https://www.risingup.com/fars/info/part23-151-FAR.shtml
/fars/info/part23-1511-FAR.shtml,23.1511,Flap extended speed,"[Doc. No. 4080, 29 FR 17955, Dec. 18, 1964; 30 FR 258, Jan. 9, 1965, as amended by Amdt. 23–50, 61 FR 5192, Feb. 9, 1996]",3,1,30 FR 258 (1965-01-09),⚠ 未下载,https://www.risingup.com/fars/info/part23-1511-FAR.shtml
/fars/info/part23-1513-FAR.shtml,23.1513,Minimum control speed,,0,0,,,https://www.risingup.com/fars/info/part23-1513-FAR.shtml
/fars/info/part23-1519-FAR.shtml,23.1519,Weight and center of gravity,,0,0,,,https://www.risingup.com/fars/info/part23-1519-FAR.shtml
/fars/info/part23-1521-FAR.shtml,23.1521,Powerplant limitations,"[Doc. No. 4080, 29 FR 17955, Dec. 18, 1964; 30 FR 258, Jan. 9, 1965, as amended by Amdt. 23–21, 43 FR 2319, Jan. 16, 1978; Amdt. 23–45, 58 FR 42165, Aug. 6, 1993; Amdt. 23–50, 61 FR 5192, Feb. 9, 1996]",5,1,30 FR 258 (1965-01-09),⚠ 未下载,https://www.risingup.com/fars/info/part23-1521-FAR.shtml
/fars/info/part23-1522-FAR.shtml,23.1522,Auxiliary power unit limitations,"[Doc. No. 26269, 58 FR 42166, Aug. 6, 1993]",1,0,,,https://www.risingup.com/fars/info/part23-1522-FAR.shtml
/fars/info/part23-1523-FAR.shtml,23.1523,Minimum flight crew,"[Amdt. 23–21, 43 FR 2319, Jan. 16, 1978, as amended by Amdt. 23–34, 52 FR 1834, Jan. 15, 1987]",2,0,,,https://www.risingup.com/fars/info/part23-1523-FAR.shtml
/fars/info/part23-1524-FAR.shtml,23.1524,Maximum passenger seating configuration,"[Amdt. 23–10, 36 FR 2864, Feb. 11, 1971]",1,0,,,https://www.risingup.com/fars/info/part23-1524-FAR.shtml
/fars/info/part23-1525-FAR.shtml,23.1525,Kinds of operation,"[Doc. No. 26269, 58 FR 42166, Aug. 6, 1993]",1,0,,,https://www.risingup.com/fars/info/part23-1525-FAR.shtml
/fars/info/part23-1527-FAR.shtml,23.1527,Maximum operating altitude,"[Doc. No. 26269, 58 FR 42166, Aug. 6, 1993]",1,0,,,https://www.risingup.com/fars/info/part23-1527-FAR.shtml
/fars/info/part23-1529-FAR.shtml,23.1529,Instructions for Continued Airworthiness,"[Amdt. 23–26, 45 FR 60171, Sept. 11, 1980]",1,0,,,https://www.risingup.com/fars/info/part23-1529-FAR.shtml
/fars/info/part23-153-FAR.shtml,23.153,Control during landings,"[Doc. No. 27807, 61 FR 5189, Feb. 9, 1996]",1,0,,,https://www.risingup.com/fars/info/part23-153-FAR.shtml
/fars/info/part23-1541-FAR.shtml,23.1541,General,"[Doc. No. 4080, 29 FR 17955, Dec. 18, 1964; 30 FR 258, Jan. 9, 1965, as amended by Amdt. 23–21, 43 FR 2319, Jan. 16, 1978]",3,1,30 FR 258 (1965-01-09),⚠ 未下载,https://www.risingup.com/fars/info/part23-1541-FAR.shtml
/fars/info/part23-1543-FAR.shtml,23.1543,Instrument markings: General,"[Doc. No. 4080, 29 FR 17955, Dec. 18, 1964; 30 FR 258, Jan. 9, 1965, as amended by Amdt. 23–50, 61 FR 5192, Feb. 9, 1996]",3,1,30 FR 258 (1965-01-09),⚠ 未下载,https://www.risingup.com/fars/info/part23-1543-FAR.shtml
/fars/info/part23-1545-FAR.shtml,23.1545,Airspeed indicator,"[Doc. No. 4080, 29 FR 17955, Dec. 18, 1964, as amended by Amdt. 23–3, 30 FR 14240, Nov. 13, 1965; Amdt. 23–7, 34 FR 13097, Aug. 13, 1969; Amdt. 23–23, 43 FR 50593, Oct. 30, 1978; Amdt. 23–50, 61 FR 5193, Feb. 9, 1996]",5,0,,,https://www.risingup.com/fars/info/part23-1545-FAR.shtml
/fars/info/part23-1547-FAR.shtml,23.1547,Magnetic direction indicator,"[Doc. No. 4080, 29 FR 17955, Dec. 18, 1964; 30 FR 258, Jan. 9, 1965, as amended by Amdt. 23–20, 42 FR 36969, July 18, 1977]",3,1,30 FR 258 (1965-01-09),⚠ 未下载,https://www.risingup.com/fars/info/part23-1547-FAR.shtml
/fars/info/part23-1549-FAR.shtml,23.1549,Powerplant and auxiliary power unit instruments,"[Amdt. 23–12, 41 FR 55466, Dec. 20, 1976, as amended by Amdt. 23–28, 47 FR 13315, Mar. 29, 1982; Amdt. 23–45, 58 FR 42166, Aug. 6, 1993]",3,0,,,https://www.risingup.com/fars/info/part23-1549-FAR.shtml
/fars/info/part23-155-FAR.shtml,23.155,Elevator control force in maneuvers,"[Amdt. 23–14, 38 FR 31819, Nov. 19, 1973; 38 FR 32784, Nov. 28, 1973, as amended by Amdt. 23–45, 58 FR 42158, Aug. 6, 1993; Amdt. 23–50, 61 FR 5189 Feb. 9, 1996]",3,1,38 FR 32784 (1973-11-28),⚠ 未下载,https://www.risingup.com/fars/info/part23-155-FAR.shtml
/fars/info/part23-1551-FAR.shtml,23.1551,Oil quantity indicator,,0,0,,,https://www.risingup.com/fars/info/part23-1551-FAR.shtml
/fars/info/part23-1553-FAR.shtml,23.1553,Fuel quantity indicator,"[Doc. No. 27807, 61 FR 5193, Feb. 9, 1996]",1,0,,,https://www.risingup.com/fars/info/part23-1553-FAR.shtml
/fars/info/part23-1555-FAR.shtml,23.1555,Control markings,"[Doc. No. 4080, 29 FR 17955, Dec. 18, 1964; 30 FR 258, Jan. 9, 1965, as amended by Amdt. 23–21, 43 FR 2319, Jan. 16, 1978; Amdt. 23–50, 61 FR 5193, Feb. 9, 1996]",4,1,30 FR 258 (1965-01-09),⚠ 未下载,https://www.risingup.com/fars/info/part23-1555-FAR.shtml
/fars/info/part23-1557-FAR.shtml,23.1557,Miscellaneous markings and placards,"[Doc. No. 4080, 29 FR 17955, Dec. 18, 1964; as amended by Amdt. 23–21, 42 FR 15042, Mar. 17, 1977; Amdt. 23–23, 43 FR 50594, Oct. 30, 1978; Amdt. 23–45, 58 FR 42166, Aug. 6, 1993; 73 FR 35063, June 20, 2008]",5,1,73 FR 35063 (2008-06-20),⚠ 未下载,https://www.risingup.com/fars/info/part23-1557-FAR.shtml
/fars/info/part23-1559-FAR.shtml,23.1559,Operating limitations placard,"[Doc. No. 27807, 61 FR 5193, Feb. 9, 1996]",1,0,,,https://www.risingup.com/fars/info/part23-1559-FAR.shtml
/fars/info/part23-1561-FAR.shtml,23.1561,Safety equipment,,0,0,,,https://www.risingup.com/fars/info/part23-1561-FAR.shtml
/fars/info/part23-1563-FAR.shtml,23.1563,Airspeed placards,"[Amdt. 23–7, 34 FR 13097, Aug. 13, 1969, as amended by Amdt. 23–45, 58 FR 42166, Aug. 6, 1993; Amdt. 23–50, 61 FR 5193, Feb. 9, 1996]",3,0,,,https://www.risingup.com/fars/info/part23-1563-FAR.shtml
/fars/info/part23-1567-FAR.shtml,23.1567,Flight maneuver placard,"[Doc. No. 4080, 29 FR 17955, Dec. 18, 1964; 30 FR 258, Jan. 9, 1965, as amended by Amdt. 23–13, 37 FR 20023, Sept. 23, 1972; Amdt. 23–21, 43 FR 2319, Jan. 16, 1978; Amdt. 23–50, 61 FR 5193, Feb. 9, 1996]",5,1,30 FR 258 (1965-01-09),⚠ 未下载,https://www.risingup.com/fars/info/part23-1567-FAR.shtml
/fars/info/part23-157-FAR.shtml,23.157,Rate of roll,"[Amdt. 23–14, 38 FR 31819, Nov. 19, 1973, as amended by Amdt. 23–45, 58 FR 42158, Aug. 6, 1993; Amdt. 23–50, 61 FR 5189, Feb. 9, 1996]",3,0,,,https://www.risingup.com/fars/info/part23-157-FAR.shtml
/fars/info/part23-1581-FAR.shtml,23.1581,General,"[Amdt. 23–21, 43 FR 2319, Jan. 16, 1978, as amended by Amdt. 23–34, 52 FR 1834, Jan. 15, 1987; Amdt. 23–45, 58 FR 42166, Aug. 6, 1993; Amdt. 23–50, 61 FR 5193, Feb. 9, 1996]",4,0,,,https://www.risingup.com/fars/info/part23-1581-FAR.shtml
/fars/info/part23-1583-FAR.shtml,23.1583,Operating limitations,"[Doc. No. 4080, 29 FR 17955, Dec. 18, 1964, as amended by Amdt. 23–7, 34 FR 13097, Aug. 13, 1969; Amdt. 23–10, 36 FR 2864, Feb. 11, 1971; Amdt. 23–21, 43 FR 2320, Jan. 16, 1978; Amdt. 23–23, 43 FR 50594, Oct. 30, 1978; Amdt. 23–34, 52 FR 1834, Jan. 15, 1987; Amdt. 23–45, 58 FR 42166, Aug. 6, 1993; Amdt. 23–50, 61 FR 5193, Feb. 9, 1996]",8,0,,,https://www.risingup.com/fars/info/part23-1583-FAR.shtml
/fars/info/part23-1585-FAR.shtml,23.1585,Operating procedures,"[Doc. No. 27807, 61 FR 5194, Feb. 9, 1996]",1,0,,,https://www.risingup.com/fars/info/part23-1585-FAR.shtml
/fars/info/part23-1587-FAR.shtml,23.1587,Performance information,"[Doc. No. 27807, 61 FR 5194, Feb. 9, 1996]",1,0,,,https://www.risingup.com/fars/info/part23-1587-FAR.shtml
/fars/info/part23-1589-FAR.shtml,23.1589,Loading information,"[Doc. No. 4080, 29 FR 17955, Dec. 18, 1964, as amended by Amdt. 23–45, 58 FR 42167, Aug. 6, 1993; Amdt. 23–50, 61 FR 5195, Feb. 9, 1996]",3,0,,,https://www.risingup.com/fars/info/part23-1589-FAR.shtml
/fars/info/part23-161-FAR.shtml,23.161,Trim,"[Doc. No. 4080, 29 FR 17955, Dec. 18, 1964, as amended by Amdt. 23–21, 43 FR 2318, Jan. 16, 1978; Amdt. 23–34, 52 FR 1828, Jan. 15, 1987; Amdt. 23–42, 56 FR 351, Jan. 3, 1991; 56 FR 5455, Feb. 11, 1991; Amdt. 23–50, 61 FR 5189, Feb. 9, 1996]",6,1,56 FR 5455 (1991-02-11),⚠ 未下载,https://www.risingup.com/fars/info/part23-161-FAR.shtml
/fars/info/part23-171-FAR.shtml,23.171,General,,0,0,,,https://www.risingup.com/fars/info/part23-171-FAR.shtml
/fars/info/part23-173-FAR.shtml,23.173,Static longitudinal stability,"[Doc. No. 4080, 29 FR 17955, Dec. 18, 1964, as amended by Amdt. 23–14, 38 FR 31820 Nov. 19, 1973; Amdt. 23–34, 52 FR 1828, Jan. 15, 1987]",2,0,,,https://www.risingup.com/fars/info/part23-173-FAR.shtml
/fars/info/part23-175-FAR.shtml,23.175,Demonstration of static longitudinal stability,"[Doc. No. 27807, 61 FR 5190, Feb. 9, 1996]",1,0,,,https://www.risingup.com/fars/info/part23-175-FAR.shtml
/fars/info/part23-177-FAR.shtml,23.177,Static directional and lateral stability,"[Doc. No. 27807, 61 FR 5190, Feb. 9, 1996]",1,0,,,https://www.risingup.com/fars/info/part23-177-FAR.shtml
/fars/info/part23-181-FAR.shtml,23.181,Dynamic stability,"[Amdt. 23–21, 43 FR 2318, Jan. 16, 1978, as amended by Amdt. 23–45, 58 FR 42158, Aug. 6, 1993]",2,0,,,https://www.risingup.com/fars/info/part23-181-FAR.shtml
/fars/info/part23-2-FAR.shtml,23.2,Special retroactive requirements,"[Amdt. 23–36, 53 FR 30812, Aug. 15, 1988]",1,0,,,https://www.risingup.com/fars/info/part23-2-FAR.shtml
/fars/info/part23-201-FAR.shtml,23.201,Wings level stall,"[Doc. No. 27807, 61 FR 5191, Feb. 9, 1996]",1,0,,,https://www.risingup.com/fars/info/part23-201-FAR.shtml
/fars/info/part23-203-FAR.shtml,23.203,Turning flight and accelerated turning stalls,"[Amdt. 23–14, 38 FR 31820, Nov. 19, 1973, as amended by Amdt. 23–45, 58 FR 42159, Aug. 6, 1993; Amdt. 23–50, 61 FR 5191, Feb. 9, 1996]",3,0,,,https://www.risingup.com/fars/info/part23-203-FAR.shtml
/fars/info/part23-207-FAR.shtml,23.207,Stall warning,"[Amdt. 23–7, 34 FR 13087, Aug. 13, 1969, as amended by Amdt. 23–45, 58 FR 42159, Aug. 6, 1993; Amdt. 23–50, 61 FR 5191, Feb. 9, 1996]",3,0,,,https://www.risingup.com/fars/info/part23-207-FAR.shtml
/fars/info/part23-21-FAR.shtml,23.21,Proof of compliance,,0,0,,,https://www.risingup.com/fars/info/part23-21-FAR.shtml
/fars/info/part23-221-FAR.shtml,23.221,Spinning,"[Doc. No. 27807, 61 FR 5191, Feb. 9, 1996]",1,0,,,https://www.risingup.com/fars/info/part23-221-FAR.shtml
/fars/info/part23-23-FAR.shtml,23.23,Load distribution limits,"[Doc. No. 26269, 58 FR 42156, Aug. 6, 1993]",1,0,,,https://www.risingup.com/fars/info/part23-23-FAR.shtml
/fars/info/part23-231-FAR.shtml,23.231,Longitudinal stability and control,,0,0,,,https://www.risingup.com/fars/info/part23-231-FAR.shtml
/fars/info/part23-233-FAR.shtml,23.233,Directional stability and control,"[Doc. No. 4080, 29 FR 17955, Dec. 18, 1964, as amended by Amdt. 23–45, 58 FR 42159, Aug. 6, 1993; Amdt. 23–50, 61 FR 5192, Feb. 9, 1996]",3,0,,,https://www.risingup.com/fars/info/part23-233-FAR.shtml
/fars/info/part23-235-FAR.shtml,23.235,Operation on unpaved surfaces,"[Doc. No. 27807, 61 FR 5192, Feb. 9, 1996]",1,0,,,https://www.risingup.com/fars/info/part23-235-FAR.shtml
/fars/info/part23-237-FAR.shtml,23.237,Operation on water,"[Doc. No. 27807, 61 FR 5192, Feb. 9, 1996]",1,0,,,https://www.risingup.com/fars/info/part23-237-FAR.shtml
/fars/info/part23-239-FAR.shtml,23.239,Spray characteristics,,0,0,,,https://www.risingup.com/fars/info/part23-239-FAR.shtml
/fars/info/part23-25-FAR.shtml,23.25,Weight limits,"[Doc. No. 4080, 29 FR 17955, Dec. 18, 1964, as amended by Amdt. 23–7, 34 FR 13086, Aug. 13, 1969; Amdt. 23–21, 43 FR 2317, Jan. 16, 1978; Amdt. 23–34, 52 FR 1825, Jan. 15, 1987; Amdt. 23–45, 58 FR 42156, Aug. 6, 1993; Amdt. 23–50, 61 FR 5183, Feb. 9, 1996]",6,0,,,https://www.risingup.com/fars/info/part23-25-FAR.shtml
/fars/info/part23-251-FAR.shtml,23.251,Vibration and buffeting,"[Doc. No. 26269, 58 FR 42159, Aug. 6, 1993]",1,0,,,https://www.risingup.com/fars/info/part23-251-FAR.shtml
/fars/info/part23-253-FAR.shtml,23.253,High speed characteristics,"[Amdt. 23–7, 34 FR 13087, Aug. 13, 1969; as amended by Amdt. 23–26, 45 FR 60170, Sept. 11, 1980; Amdt. 23–45, 58 FR 42160, Aug. 6, 1993; Amdt. 23–50, 61 FR 5192, Feb. 9, 1996]",4,0,,,https://www.risingup.com/fars/info/part23-253-FAR.shtml
/fars/info/part23-29-FAR.shtml,23.29,Empty weight and corresponding center of gravity,"[Doc. No. 4080, 29 FR 17955, Dec. 18, 1964; 30 FR 258, Jan. 9, 1965, as amended by Amdt. 23–21, 43 FR 2317, Jan. 16, 1978]",3,1,30 FR 258 (1965-01-09),⚠ 未下载,https://www.risingup.com/fars/info/part23-29-FAR.shtml
/fars/info/part23-3-FAR.shtml,23.3,Airplane categories,"[Doc. No. 4080, 29 FR 17955, Dec. 18, 1964, as amended by Amdt. 23–4, 32 FR 5934, Apr. 14, 1967; Amdt. 23–34, 52 FR 1825, Jan. 15, 1987; 52 FR 34745, Sept. 14, 1987; Amdt. 23–50, 61 FR 5183, Feb. 9, 1996]",5,1,52 FR 34745 (1987-09-14),⚠ 未下载,https://www.risingup.com/fars/info/part23-3-FAR.shtml
/fars/info/part23-301-FAR.shtml,23.301,Loads,"[Doc. No. 4080, 29 FR 17955, Dec. 18, 1964; 30 FR 258, Jan. 9, 1965, as amended by Amdt. 23–28, 47 FR 13315, Mar. 29, 1982; Amdt. 23–42, 56 FR 352, Jan. 3, 1991; Amdt. 23–48, 61 FR 5143, Feb. 9, 1996]",5,1,30 FR 258 (1965-01-09),⚠ 未下载,https://www.risingup.com/fars/info/part23-301-FAR.shtml
/fars/info/part23-302-FAR.shtml,23.302,Canard or tandem wing configurations,"[Amdt. 23–42, 56 FR 352, Jan. 3, 1991]",1,0,,,https://www.risingup.com/fars/info/part23-302-FAR.shtml
/fars/info/part23-303-FAR.shtml,23.303,Factor of safety,,0,0,,,https://www.risingup.com/fars/info/part23-303-FAR.shtml
/fars/info/part23-305-FAR.shtml,23.305,Strength and deformation,"[Doc. No. 4080, 29 FR 17955, Dec. 18, 1964, as amended by Amdt. 23–45, 58 FR 42160, Aug. 6, 1993]",2,0,,,https://www.risingup.com/fars/info/part23-305-FAR.shtml
/fars/info/part23-307-FAR.shtml,23.307,Proof of structure,,0,0,,,https://www.risingup.com/fars/info/part23-307-FAR.shtml
/fars/info/part23-31-FAR.shtml,23.31,Removable ballast,"[Doc. No. 4080, 29 FR 17955, Dec. 18, 1964; 30 FR 258, Jan. 9, 1965, as amended by Amdt. 23–13, 37 FR 20023, Sept. 23, 1972]",3,1,30 FR 258 (1965-01-09),⚠ 未下载,https://www.risingup.com/fars/info/part23-31-FAR.shtml
/fars/info/part23-321-FAR.shtml,23.321,General,"[Doc. No. 4080, 29 FR 17955, Dec. 18, 1964, as amended by Amdt. 23–45, 58 FR 42160, Aug. 6, 1993]",2,0,,,https://www.risingup.com/fars/info/part23-321-FAR.shtml
/fars/info/part23-33-FAR.shtml,23.33,Propeller speed and pitch limits,"[Doc. No. 4080, 29 FR 17955, Dec. 18, 1964, as amended by Amdt. 23–45, 58 FR 42156, Aug. 6, 1993; Amdt. 23–50, 61 FR 5183, Feb. 9, 1996]",3,0,,,https://www.risingup.com/fars/info/part23-33-FAR.shtml
/fars/info/part23-331-FAR.shtml,23.331,Symmetrical flight conditions,"[Doc. No. 4080, 29 FR 17955, Dec. 18, 1964; 30 FR 258, Jan. 9, 1965, as amended by Amdt. 23–42, 56 FR 352, Jan. 3, 1991]",3,1,30 FR 258 (1965-01-09),⚠ 未下载,https://www.risingup.com/fars/info/part23-331-FAR.shtml
/fars/info/part23-333-FAR.shtml,23.333,Flight envelope,"[Doc. No. 4080, 29 FR 17955, Dec. 18, 1964, as amended by Amdt. 23–7, 34 FR 13087, Aug. 13, 1969; Amdt. 23–34, 52 FR 1829, Jan. 15, 1987]",3,0,,,https://www.risingup.com/fars/info/part23-333-FAR.shtml
/fars/info/part23-335-FAR.shtml,23.335,Design airspeeds,"[Doc. No. 4080, 29 FR 17955, Dec. 18, 1964, as amended by Amdt. 23–7, 34 FR 13088, Aug. 13, 1969; Amdt. 23–16, 40 FR 2577, Jan. 14, 1975; Amdt. 23–34, 52 FR 1829, Jan. 15, 1987; Amdt. 23–24, 52 FR 34745, Sept. 14, 1987; Amdt. 23–48, 61 FR 5143, Feb. 9, 1996]",6,0,,,https://www.risingup.com/fars/info/part23-335-FAR.shtml
/fars/info/part23-337-FAR.shtml,23.337,Limit maneuvering load factors,"[Doc. No. 4080, 29 FR 17955, Dec. 18, 1964, as amended by Amdt. 23–7, 34 FR 13088, Aug. 13, 1969; Amdt. 23–34, 52 FR 1829, Jan. 15, 1987; Amdt. 23–48, 61 FR 5144, Feb. 9, 1996]",4,0,,,https://www.risingup.com/fars/info/part23-337-FAR.shtml
/fars/info/part23-341-FAR.shtml,23.341,Gust loads factors,"[Amdt. 23–7, 34 FR 13088, Aug. 13, 1969, as amended by Amdt. 23–42, 56 FR 352, Jan. 3, 1991; Amdt. 23–48, 61 FR 5144, Feb. 9, 1996]",3,0,,,https://www.risingup.com/fars/info/part23-341-FAR.shtml
/fars/info/part23-343-FAR.shtml,23.343,Design fuel loads,"[Doc. No. 27805, 61 FR 5144, Feb. 9, 1996]",1,0,,,https://www.risingup.com/fars/info/part23-343-FAR.shtml
/fars/info/part23-345-FAR.shtml,23.345,High lift devices,"[Doc. No. 27805, 61 FR 5144, Feb. 9, 1996]",1,0,,,https://www.risingup.com/fars/info/part23-345-FAR.shtml
/fars/info/part23-347-FAR.shtml,23.347,Unsymmetrical flight conditions,"[Doc. No. 4080, 29 FR 17955, Dec. 18, 1964, as amended by Amdt. 23–48, 61 FR 5144, Feb. 9, 1996]",2,0,,,https://www.risingup.com/fars/info/part23-347-FAR.shtml
/fars/info/part23-349-FAR.shtml,23.349,Rolling conditions,"[Doc. No. 4080, 29 FR 17955, Dec. 18, 1964, as amended by Amdt. 23–7, 34 FR 13088, Aug. 13, 1969; Amdt. 23–34, 52 FR 1829, Jan. 15, 1987; Amdt. 23–48, 61 FR 5144, Feb. 9, 1996]",4,0,,,https://www.risingup.com/fars/info/part23-349-FAR.shtml
/fars/info/part23-351-FAR.shtml,23.351,Yawing conditions,"[Doc. No. 4080, 29 FR 17955, Dec. 18, 1964; 30 FR 258, Jan. 9, 1965, as amended by Amdt. 23–42, 56 FR 352, Jan. 3, 1991]",3,1,30 FR 258 (1965-01-09),⚠ 未下载,https://www.risingup.com/fars/info/part23-351-FAR.shtml
/fars/info/part23-361-FAR.shtml,23.361,Engine torque,"[Amdt. 23–26, 45 FR 60171, Sept. 11, 1980, as amended by Amdt. 23–45, 58 FR 42160, Aug. 6, 1993]",2,0,,,https://www.risingup.com/fars/info/part23-361-FAR.shtml
/fars/info/part23-363-FAR.shtml,23.363,Side load on engine mount,,0,0,,,https://www.risingup.com/fars/info/part23-363-FAR.shtml
/fars/info/part23-365-FAR.shtml,23.365,Pressurized cabin loads,,0,0,,,https://www.risingup.com/fars/info/part23-365-FAR.shtml
/fars/info/part23-367-FAR.shtml,23.367,Unsymmetrical loads due to engine failure,"[Amdt. 23–7, 34 FR 13089, Aug. 13, 1969]",1,0,,,https://www.risingup.com/fars/info/part23-367-FAR.shtml
/fars/info/part23-369-FAR.shtml,23.369,Rear lift truss,"[Doc. No. 4080, 29 FR 17955, Dec. 18, 1964, as amended by Amdt. 23–7, 34 FR 13089, Aug. 13, 1969; 34 FR 17509, Oct. 30, 1969; Amdt. 23–45, 58 FR 42160, Aug. 6, 1993; Amdt. 23–48, 61 FR 5145, Feb. 9, 1996]",5,1,34 FR 17509 (1969-10-30),⚠ 未下载,https://www.risingup.com/fars/info/part23-369-FAR.shtml
/fars/info/part23-371-FAR.shtml,23.371,Gyroscopic and aerodynamic loads,"[Doc. No. 27805, 61 FR 5145, Feb. 9, 1996]",1,0,,,https://www.risingup.com/fars/info/part23-371-FAR.shtml
/fars/info/part23-373-FAR.shtml,23.373,Speed control devices,"[Amdt. 23–7, 34 FR 13089, Aug. 13, 1969]",1,0,,,https://www.risingup.com/fars/info/part23-373-FAR.shtml
/fars/info/part23-391-FAR.shtml,23.391,Control surface loads,"[Doc. No. 4080, 29 FR 17955, Dec. 18, 1964, as amended by Amdt. 23–48, 61 FR 5145, Feb. 9, 1996]",2,0,,,https://www.risingup.com/fars/info/part23-391-FAR.shtml
/fars/info/part23-393-FAR.shtml,23.393,Loads parallel to hinge line,"[Doc. No. 27805, 61 FR 5145, Feb. 9, 1996]",1,0,,,https://www.risingup.com/fars/info/part23-393-FAR.shtml
/fars/info/part23-395-FAR.shtml,23.395,Control system loads,"[Doc. No. 4080, 29 FR 17955, Dec. 18, 1964, as amended by Amdt. 23–7, 34 FR 13089, Aug. 13, 1969]",2,0,,,https://www.risingup.com/fars/info/part23-395-FAR.shtml
/fars/info/part23-397-FAR.shtml,23.397,Limit control forces and torques,"[Doc. No. 4080, 29 FR 17955, Dec. 18, 1964, as amended by Amdt. 23–7, 34 FR 13089, Aug. 13, 1969; Amdt. 23–17, 41 FR 55464, Dec. 20, 1976; Amdt. 23–34, 52 FR 1829, Jan. 15, 1987; Amdt. 23–45, 58 FR 42160, Aug. 6, 1993]",5,0,,,https://www.risingup.com/fars/info/part23-397-FAR.shtml
/fars/info/part23-399-FAR.shtml,23.399,Dual control system,"[Doc. No. 27805, 61 FR 5145, Feb. 9, 1996]",1,0,,,https://www.risingup.com/fars/info/part23-399-FAR.shtml
/fars/info/part23-405-FAR.shtml,23.405,Secondary control system,,0,0,,,https://www.risingup.com/fars/info/part23-405-FAR.shtml
/fars/info/part23-407-FAR.shtml,23.407,Trim tab effects,,0,0,,,https://www.risingup.com/fars/info/part23-407-FAR.shtml
/fars/info/part23-409-FAR.shtml,23.409,Tabs,,0,0,,,https://www.risingup.com/fars/info/part23-409-FAR.shtml
/fars/info/part23-415-FAR.shtml,23.415,Ground gust conditions,"[Doc. No. 4080, 29 FR 17955, Dec. 18, 1964, as amended by Amdt. 23–7, 34 FR 13089, Aug. 13, 1969; Amdt. 23–45, 58 FR 42160, Aug. 6, 1993; Amdt. 23–48, 61 FR 5145, Feb. 9, 1996]",4,0,,,https://www.risingup.com/fars/info/part23-415-FAR.shtml
/fars/info/part23-421-FAR.shtml,23.421,Balancing loads,"[Doc. No. 4080, 29 FR 17955, Dec. 18, 1964, as amended by Amdt. 23–7, 34 FR 13089, Aug. 13, 1969; Amdt. 23–42, 56 FR 352, Jan. 3, 1991]",3,0,,,https://www.risingup.com/fars/info/part23-421-FAR.shtml
/fars/info/part23-423-FAR.shtml,23.423,Maneuvering loads,"[Amdt. 23–42, 56 FR 353, Jan. 3, 1991; 56 FR 5455, Feb. 11, 1991]",2,1,56 FR 5455 (1991-02-11),⚠ 未下载,https://www.risingup.com/fars/info/part23-423-FAR.shtml
/fars/info/part23-425-FAR.shtml,23.425,Gust loads,"[Doc. No. 4080, 29 FR 17955, Dec. 18, 1964, as amended by Amdt. 23–7, 34 FR 13089 Aug. 13, 1969; Amdt. 23–42, 56 FR 353, Jan. 3, 1991]",2,0,,,https://www.risingup.com/fars/info/part23-425-FAR.shtml
/fars/info/part23-427-FAR.shtml,23.427,Unsymmetrical loads,"[Amdt. 23–14, 38 FR 31820, Nov. 19, 1973, as amended by Amdt. 23–42, 56 FR 353, Jan. 3, 1991]",2,0,,,https://www.risingup.com/fars/info/part23-427-FAR.shtml
/fars/info/part23-441-FAR.shtml,23.441,Maneuvering loads,"[Doc. No. 4080, 29 FR 17955, Dec. 18, 1964, as amended by Amdt. 23–7, 34 FR 13090, Aug. 13, 1969; Amdt. 23–14, 38 FR 31821, Nov. 19, 1973; Amdt. 23–28, 47 FR 13315, Mar. 29, 1982; Amdt. 23–42, 56 FR 353, Jan. 3, 1991; Amdt. 23–48, 61 FR 5145, Feb. 9, 1996]",6,0,,,https://www.risingup.com/fars/info/part23-441-FAR.shtml
/fars/info/part23-443-FAR.shtml,23.443,Gust loads,"[Amdt. 23–7, 34 FR 13090, Aug. 13, 1969, as amended by Amdt. 23–34, 52 FR 1830, Jan. 15, 1987; 52 FR 7262, Mar. 9, 1987; Amdt. 23–24, 52 FR 34745, Sept. 14, 1987; Amdt. 23–42, 56 FR 353, Jan. 3, 1991; Amdt. 23–48, 61 FR 5147, Feb. 9, 1996]",6,1,52 FR 7262 (1987-03-09),⚠ 未下载,https://www.risingup.com/fars/info/part23-443-FAR.shtml
/fars/info/part23-445-FAR.shtml,23.445,Outboard fins or winglets,"[Doc. No. 4080, 29 FR 17955, Dec. 18, 1964, as amended by Amdt. 23–14, 38 FR 31821, Nov. 19, 1973; Amdt. 23–42, 56 FR 353, Jan. 3, 1991]",3,0,,,https://www.risingup.com/fars/info/part23-445-FAR.shtml
/fars/info/part23-45-FAR.shtml,23.45,General,"[Doc. No. 27807, 61 FR 5184, Feb. 9, 1996]",1,0,,,https://www.risingup.com/fars/info/part23-45-FAR.shtml
/fars/info/part23-455-FAR.shtml,23.455,Ailerons,"[Doc. No. 4080, 29 FR 17955, Dec. 18, 1964, as amended by Amdt. 23–7, 34 FR 13090, Aug. 13, 1969; Amdt. 23–42, 56 FR 353, Jan. 3, 1991]",3,0,,,https://www.risingup.com/fars/info/part23-455-FAR.shtml
/fars/info/part23-459-FAR.shtml,23.459,Special devices,,0,0,,,https://www.risingup.com/fars/info/part23-459-FAR.shtml
/fars/info/part23-471-FAR.shtml,23.471,General,,0,0,,,https://www.risingup.com/fars/info/part23-471-FAR.shtml
/fars/info/part23-473-FAR.shtml,23.473,Ground load conditions and assumptions,"[Doc. No. 4080, 29 FR 17955, Dec. 18, 1964, as amended by Amdt. 23–7, 34 FR 13090, Aug. 13, 1969; Amdt. 23–28, 47 FR 13315, Mar. 29, 1982; Amdt. 23–45, 58 FR 42160, Aug. 6, 1993; Amdt. 23–48, 61 FR 5147, Feb. 9, 1996]",5,0,,,https://www.risingup.com/fars/info/part23-473-FAR.shtml
/fars/info/part23-477-FAR.shtml,23.477,Landing gear arrangement,,0,0,,,https://www.risingup.com/fars/info/part23-477-FAR.shtml
/fars/info/part23-479-FAR.shtml,23.479,Level landing conditions,"[Doc. No. 4080, 29 FR 17955, Dec. 18, 1964, as amended by Amdt. 23–17, 41 FR 55464, Dec. 20, 1976; Amdt. 23–45, 58 FR 42160, Aug. 6, 1993]",3,0,,,https://www.risingup.com/fars/info/part23-479-FAR.shtml
/fars/info/part23-481-FAR.shtml,23.481,Tail down landing conditions,,0,0,,,https://www.risingup.com/fars/info/part23-481-FAR.shtml
/fars/info/part23-483-FAR.shtml,23.483,One-wheel landing conditions,,0,0,,,https://www.risingup.com/fars/info/part23-483-FAR.shtml
/fars/info/part23-485-FAR.shtml,23.485,Side load conditions,"[Doc. No. 4080, 29 FR 17955, Dec. 18, 1964, as amended by Amdt. 23–45, 58 FR 42160, Aug. 6, 1993]",2,0,,,https://www.risingup.com/fars/info/part23-485-FAR.shtml
/fars/info/part23-49-FAR.shtml,23.49,Stalling period,"[Doc. No. 27807, 61 FR 5184, Feb. 9, 1996]",1,0,,,https://www.risingup.com/fars/info/part23-49-FAR.shtml
/fars/info/part23-493-FAR.shtml,23.493,Braked roll conditions,,0,0,,,https://www.risingup.com/fars/info/part23-493-FAR.shtml
/fars/info/part23-497-FAR.shtml,23.497,Supplementary conditions for tail wheels,"[Doc. No. 4080, 29 FR 17955, Dec. 18, 1964, as amended by Amdt. 23–48, 61 FR 5147, Feb. 9, 1996]",2,0,,,https://www.risingup.com/fars/info/part23-497-FAR.shtml
/fars/info/part23-499-FAR.shtml,23.499,Supplementary conditions for nose wheels,"[Doc. No. 4080, 29 FR 17955, Dec. 18, 1964, as amended by Amdt. 23–48, 61 FR 5147, Feb. 9, 1996]",2,0,,,https://www.risingup.com/fars/info/part23-499-FAR.shtml
/fars/info/part23-505-FAR.shtml,23.505,Supplementary conditions for skiplanes,"[Amdt. 23–7, 34 FR 13090, Aug. 13, 1969]",1,0,,,https://www.risingup.com/fars/info/part23-505-FAR.shtml
/fars/info/part23-507-FAR.shtml,23.507,Jacking loads,"[Amdt. 23–14, 38 FR 31821, Nov. 19, 1973]",1,0,,,https://www.risingup.com/fars/info/part23-507-FAR.shtml
/fars/info/part23-509-FAR.shtml,23.509,Towing loads,"[Amdt. 23–14, 38 FR 31821, Nov. 19, 1973]",1,0,,,https://www.risingup.com/fars/info/part23-509-FAR.shtml
/fars/info/part23-51-FAR.shtml,23.51,Takeoff speeds,"[Doc. No. 27807, 61 FR 5184, Feb. 9, 1996]",1,0,,,https://www.risingup.com/fars/info/part23-51-FAR.shtml
/fars/info/part23-511-FAR.shtml,23.511,Ground load; unsymmetrical loads on multiple-wheel units,"[Amdt. 23–7, 34 FR 13090, Aug. 13, 1969]",1,0,,,https://www.risingup.com/fars/info/part23-511-FAR.shtml
/fars/info/part23-521-FAR.shtml,23.521,Water load conditions,"[Doc. No. 4080, 29 FR 17955, Dec. 18, 1964, as amended by Amdt. 23–45, 58 FR 42160, Aug. 6, 1993; Amdt. 23–48, 61 FR 5147, Feb. 9, 1996]",3,0,,,https://www.risingup.com/fars/info/part23-521-FAR.shtml
/fars/info/part23-523-FAR.shtml,23.523,Design weights and center of gravity positions,"[Doc. No. 26269, 58 FR 42160, Aug. 6, 1993]",1,0,,,https://www.risingup.com/fars/info/part23-523-FAR.shtml
/fars/info/part23-525-FAR.shtml,23.525,Application of loads,"[Doc. No. 26269, 58 FR 42161, Aug. 6, 1993; 58 FR 51970, Oct. 5, 1993]",2,1,58 FR 51970 (1993-10-05),⚠ 未下载,https://www.risingup.com/fars/info/part23-525-FAR.shtml
/fars/info/part23-527-FAR.shtml,23.527,Hull and main float load factors,"[Doc. No. 26269, 58 FR 42161, Aug. 6, 1993; 58 FR 51970, Oct. 5, 1993]",2,1,58 FR 51970 (1993-10-05),⚠ 未下载,https://www.risingup.com/fars/info/part23-527-FAR.shtml
/fars/info/part23-529-FAR.shtml,23.529,Hull and main float landing conditions,"[Doc. No. 26269, 58 FR 42161, Aug. 6, 1993]",1,0,,,https://www.risingup.com/fars/info/part23-529-FAR.shtml
/fars/info/part23-53-FAR.shtml,23.53,Takeoff performance,"[Doc. No. 27807, 61 FR 5185, Feb. 9, 1996]",1,0,,,https://www.risingup.com/fars/info/part23-53-FAR.shtml
/fars/info/part23-531-FAR.shtml,23.531,Hull and main float takeoff condition,"[Doc. No. 26269, 58 FR 42161, Aug. 6, 1993]",1,0,,,https://www.risingup.com/fars/info/part23-531-FAR.shtml
/fars/info/part23-533-FAR.shtml,23.533,Hull and main float bottom pressures,"[Doc. No. 26269, 58 FR 42161, Aug. 6, 1993; 58 FR 51970, Oct. 5, 1993]",2,1,58 FR 51970 (1993-10-05),⚠ 未下载,https://www.risingup.com/fars/info/part23-533-FAR.shtml
/fars/info/part23-535-FAR.shtml,23.535,Auxiliary float loads,"[Doc. No. 26269, 58 FR 42162, Aug. 6, 1993; 58 FR 51970, Oct. 5, 1993]",2,1,58 FR 51970 (1993-10-05),⚠ 未下载,https://www.risingup.com/fars/info/part23-535-FAR.shtml
/fars/info/part23-537-FAR.shtml,23.537,Seawing loads,"[Doc. No. 26269, 58 FR 42163, Aug. 6, 1993]",1,0,,,https://www.risingup.com/fars/info/part23-537-FAR.shtml
/fars/info/part23-55-FAR.shtml,23.55,Accelerate-stop distance,"[Amdt. 23–34, 52 FR 1826, Jan. 15, 1987, as amended by Amdt. 23–50, 61 FR 5185, Feb. 9, 1996]",2,0,,,https://www.risingup.com/fars/info/part23-55-FAR.shtml
/fars/info/part23-561-FAR.shtml,23.561,General,"[Doc. No. 4080, 29 FR 17955, Dec. 18, 1964, as amended by Amdt. 23–7, 34 FR 13090, Aug. 13, 1969; Amdt. 23–24, 52 FR 34745, Sept. 14, 1987; Amdt. 23–36, 53 FR 30812, Aug. 15, 1988; Amdt. 23–46, 59 FR 25772, May 17, 1994; Amdt. 23–48, 61 FR 5147, Feb. 9, 1996]",6,0,,,https://www.risingup.com/fars/info/part23-561-FAR.shtml
/fars/info/part23-562-FAR.shtml,23.562,Emergency landing dynamic conditions,"[Amdt. 23–36, 53 FR 30812, Aug. 15, 1988, as amended by Amdt. 23–44, 58 FR 38639, July 19, 1993; Amdt. 23–50, 61 FR 5192, Feb. 9, 1996]",3,0,,,https://www.risingup.com/fars/info/part23-562-FAR.shtml
/fars/info/part23-57-FAR.shtml,23.57,Takeoff path,"[Amdt. 23–34, 52 FR 1827, Jan. 15, 1987, as amended by Amdt. 23–50, 61 FR 5185, Feb. 9, 1996]",2,0,,,https://www.risingup.com/fars/info/part23-57-FAR.shtml
/fars/info/part23-571-FAR.shtml,23.571,Metallic pressurized cabin structures,"[Doc. No. 4080, 29 FR 17955, Dec. 18, 1964, as amended by Amdt. 23–14, 38 FR 31821, Nov. 19, 1973; Amdt. 23–45, 58 FR 42163, Aug. 6, 1993; Amdt. 23–48, 61 FR 5147, Feb. 9, 1996]",4,0,,,https://www.risingup.com/fars/info/part23-571-FAR.shtml
/fars/info/part23-572-FAR.shtml,23.572,"Metallic wing, empennage, and associated structures","[Amdt. 23–7, 34 FR 13090, Aug. 13, 1969, as amended by Amdt. 23–14, 38 FR 31821, Nov. 19, 1973; Amdt. 23–34, 52 FR 1830, Jan. 15, 1987; Amdt. 23–38, 54 FR 39511, Sept. 26, 1989; Amdt. 23–45, 58 FR 42163, Aug. 6, 1993; Amdt. 23–48, 61 FR 5147, Feb. 9, 1996]",6,0,,,https://www.risingup.com/fars/info/part23-572-FAR.shtml
/fars/info/part23-573-FAR.shtml,23.573,Damage tolerance and fatigue evaluation of structure,"[Doc. No. 26269, 58 FR 42163, Aug. 6, 1993; 58 FR 51970, Oct. 5, 1993, as amended by Amdt. 23–48, 61 FR 5147, Feb. 9, 1996; 73 FR 19746, Apr. 11, 2008]",4,2,58 FR 51970 (1993-10-05) ｜ 73 FR 19746 (2008-04-11),⚠ 未下载 ｜ ⚠ 未下载,https://www.risingup.com/fars/info/part23-573-FAR.shtml
/fars/info/part23-574-FAR.shtml,23.574,Metallic damage tolerance and fatigue evaluation of commuter category airplanes,"[Doc. No. 27805, 61 FR 5148, Feb. 9, 1996]",1,0,,,https://www.risingup.com/fars/info/part23-574-FAR.shtml
/fars/info/part23-575-FAR.shtml,23.575,Inspections and other procedures,"[Doc. No. 27805, 61 FR 5148, Feb. 9, 1996]",1,0,,,https://www.risingup.com/fars/info/part23-575-FAR.shtml
/fars/info/part23-59-FAR.shtml,23.59,Takeoff distance and takeoff run,"[Amdt. 23–34, 52 FR 1827, Jan. 15, 1987, as amended by Amdt. 23–50, 61 FR 5185, Feb. 9, 1996]",2,0,,,https://www.risingup.com/fars/info/part23-59-FAR.shtml
/fars/info/part23-601-FAR.shtml,23.601,General,,0,0,,,https://www.risingup.com/fars/info/part23-601-FAR.shtml
/fars/info/part23-603-FAR.shtml,23.603,Materials and workmanship,"[Doc. No. 4080, 29 FR 17955, Dec. 18, 1964, as amended by Amdt. 23–17, 41 FR 55464, Dec. 20, 1976; Amdt. 23–23, 43 FR 50592, Oct. 10, 1978]",3,0,,,https://www.risingup.com/fars/info/part23-603-FAR.shtml
/fars/info/part23-605-FAR.shtml,23.605,Fabrication methods,"[Doc. No. 4080, 29 FR 17955, Dec. 18, 1964; 30 FR 258, Jan. 9, 1965, as amended by Amdt. 23–23, 43 FR 50592, Oct. 10, 1978]",3,1,30 FR 258 (1965-01-09),⚠ 未下载,https://www.risingup.com/fars/info/part23-605-FAR.shtml
/fars/info/part23-607-FAR.shtml,23.607,Fasteners,"[Doc. No. 27805, 61 FR 5148, Feb. 9, 1996]",1,0,,,https://www.risingup.com/fars/info/part23-607-FAR.shtml
/fars/info/part23-609-FAR.shtml,23.609,Protection of structure,,0,0,,,https://www.risingup.com/fars/info/part23-609-FAR.shtml
/fars/info/part23-61-FAR.shtml,23.61,Takeoff flight path,"[Amdt. 23–34, 52 FR 1827, Jan. 15, 1987]",1,0,,,https://www.risingup.com/fars/info/part23-61-FAR.shtml
/fars/info/part23-611-FAR.shtml,23.611,Accessibility provisions,"[Doc. No. 27805, 61 FR 5148, Feb. 9, 1996]",1,0,,,https://www.risingup.com/fars/info/part23-611-FAR.shtml
/fars/info/part23-613-FAR.shtml,23.613,Material strength properties and design values,"[Doc. No. 4080, 29 FR 17955, Dec. 18, 1964; 30 FR 258, Jan. 9, 1965, as amended by Amdt. 23–23, 43 FR 50592, Oct. 30, 1978; Amdt. 23–45, 58 FR 42163, Aug. 6, 1993]",4,1,30 FR 258 (1965-01-09),⚠ 未下载,https://www.risingup.com/fars/info/part23-613-FAR.shtml
/fars/info/part23-619-FAR.shtml,23.619,Special factors,"[Amdt. 23–7, 34 FR 13091, Aug. 13, 1969]",1,0,,,https://www.risingup.com/fars/info/part23-619-FAR.shtml
/fars/info/part23-621-FAR.shtml,21.621,Transferability and duration,"[Doc. No. 8070, 34 FR 189, Jan. 7, 1969, as amended by SFAR 23–1, 34 FR 20176, Dec. 24, 1969; 35 FR 1102, Jan. 28, 1970]",3,1,35 FR 1102 (1970-01-28),⚠ 未下载,https://www.risingup.com/fars/info/part23-621-FAR.shtml
/fars/info/part23-623-FAR.shtml,23.623,Bearing factors,"[Amdt. 23–7, 34 FR 13091, Aug. 13, 1969]",1,0,,,https://www.risingup.com/fars/info/part23-623-FAR.shtml
/fars/info/part23-625-FAR.shtml,23.625,Fitting factors,"[Doc. No. 4080, 29 FR 17955, Dec. 18, 1964, as amended by Amdt. 23–7, 34 FR 13091, Aug. 13, 1969]",2,0,,,https://www.risingup.com/fars/info/part23-625-FAR.shtml
/fars/info/part23-627-FAR.shtml,23.627,Fatigue strength,,0,0,,,https://www.risingup.com/fars/info/part23-627-FAR.shtml
/fars/info/part23-629-FAR.shtml,23.629,Flutter,"[Amdt. 23–23, 43 FR 50592, Oct. 30, 1978, as amended by Amdt. 23–31, 49 FR 46867, Nov. 28, 1984; Amdt. 23–45, 58 FR 42164, Aug. 6, 1993; 58 FR 51970, Oct. 5, 1993; Amdt. 23–48, 61 FR 5148, Feb. 9, 1996]",5,1,58 FR 51970 (1993-10-05),⚠ 未下载,https://www.risingup.com/fars/info/part23-629-FAR.shtml
/fars/info/part23-63-FAR.shtml,23.63,Climb: General,"[Doc. No. 27807, 61 FR 5186, Feb. 9, 1996]",1,0,,,https://www.risingup.com/fars/info/part23-63-FAR.shtml
/fars/info/part23-641-FAR.shtml,23.641,Proof of strength,,0,0,,,https://www.risingup.com/fars/info/part23-641-FAR.shtml
/fars/info/part23-65-FAR.shtml,23.65,Climb: All engines operating,"[Doc. No. 27807, 61 FR 5186, Feb. 9, 1996]",1,0,,,https://www.risingup.com/fars/info/part23-65-FAR.shtml
/fars/info/part23-651-FAR.shtml,23.651,Proof of strength,,0,0,,,https://www.risingup.com/fars/info/part23-651-FAR.shtml
/fars/info/part23-655-FAR.shtml,23.655,Installation,"[Doc. No. 4080, 29 FR 17955, Dec. 18, 1964, as amended by Amdt. 23–45, 58 FR 42164, Aug. 6, 1993]",2,0,,,https://www.risingup.com/fars/info/part23-655-FAR.shtml
/fars/info/part23-657-FAR.shtml,23.657,Hinges,"[Doc. No. 4080, 29 FR 17955, Dec. 18, 1964, as amended by Amdt. 23–48, 61 FR 5148, Feb. 9, 1996]",2,0,,,https://www.risingup.com/fars/info/part23-657-FAR.shtml
/fars/info/part23-659-FAR.shtml,23.659,Mass balance,,0,0,,,https://www.risingup.com/fars/info/part23-659-FAR.shtml
/fars/info/part23-66-FAR.shtml,23.66,Takeoff climb: One-engine inoperative,"[Doc. No. 27807, 61 FR 5186, Feb. 9, 1996]",1,0,,,https://www.risingup.com/fars/info/part23-66-FAR.shtml
/fars/info/part23-67-FAR.shtml,23.67,Climb: One engine inoperative,"[Doc. No. 27807, 61 FR 5186, Feb. 9, 1996]",1,0,,,https://www.risingup.com/fars/info/part23-67-FAR.shtml
/fars/info/part23-671-FAR.shtml,23.671,General,,0,0,,,https://www.risingup.com/fars/info/part23-671-FAR.shtml
/fars/info/part23-672-FAR.shtml,23.672,Stability augmentation and automatic and power-operated systems,"[Doc. No. 26269, 58 FR 42164, Aug. 6, 1993]",1,0,,,https://www.risingup.com/fars/info/part23-672-FAR.shtml
/fars/info/part23-673-FAR.shtml,23.673,Primary flight controls,"[Doc. No. 4080, 29 FR 17955, Dec. 18, 1964, as amended by Amdt. 23–48, 61 FR 5148, Feb. 9, 1996]",2,0,,,https://www.risingup.com/fars/info/part23-673-FAR.shtml
/fars/info/part23-675-FAR.shtml,23.675,Stops,"[Amdt. 23–17, 41 FR 55464, Dec. 20, 1976]",1,0,,,https://www.risingup.com/fars/info/part23-675-FAR.shtml
/fars/info/part23-677-FAR.shtml,23.677,Trim systems,"[Doc. No. 4080, 29 FR 17955, Dec. 18, 1964, as amended by Amdt. 23–7, 34 FR 13091, Aug. 13, 1969; Amdt. 23–34, 52 FR 1830, Jan. 15, 1987; Amdt. 23–42, 56 FR 353, Jan. 3, 1991; Amdt. 23–49, 61 FR 5165, Feb. 9, 1996]",5,0,,,https://www.risingup.com/fars/info/part23-677-FAR.shtml
/fars/info/part23-679-FAR.shtml,23.679,Control system locks,"[Doc. No. 26269, 58 FR 42164, Aug. 6, 1993]",1,0,,,https://www.risingup.com/fars/info/part23-679-FAR.shtml
/fars/info/part23-681-FAR.shtml,23.681,Limit load static tests,,0,0,,,https://www.risingup.com/fars/info/part23-681-FAR.shtml
/fars/info/part23-683-FAR.shtml,23.683,Operation tests,"[Doc. No. 4080, 29 FR 17955, Dec. 18, 1964, as amended by Amdt. 23–7, 34 FR 13091, Aug. 13, 1969]",2,0,,,https://www.risingup.com/fars/info/part23-683-FAR.shtml
/fars/info/part23-685-FAR.shtml,23.685,Control system details,"[Doc. No. 4080, 29 FR 17955, Dec. 18, 1964, as amended by Amdt. 23–17, 41 FR 55464, Dec. 20, 1976]",2,0,,,https://www.risingup.com/fars/info/part23-685-FAR.shtml
/fars/info/part23-687-FAR.shtml,23.687,Spring devices,,0,0,,,https://www.risingup.com/fars/info/part23-687-FAR.shtml
/fars/info/part23-689-FAR.shtml,23.689,Cable systems,"[Doc. No. 4080, 29 FR 17955, Dec. 18, 1964, as amended by Amdt. 23–7, 34 FR 13091, Aug. 13, 1969]",2,0,,,https://www.risingup.com/fars/info/part23-689-FAR.shtml
/fars/info/part23-69-FAR.shtml,23.69,Enroute climb/descent,"[Doc. No. 27807, 61 FR 5187, Feb. 9, 1996]",1,0,,,https://www.risingup.com/fars/info/part23-69-FAR.shtml
/fars/info/part23-691-FAR.shtml,23.691,Artificial stall barrier system,"[Doc. No. 27806, 61 FR 5165, Feb. 9, 1996]",1,0,,,https://www.risingup.com/fars/info/part23-691-FAR.shtml
/fars/info/part23-693-FAR.shtml,23.693,Joints,,0,0,,,https://www.risingup.com/fars/info/part23-693-FAR.shtml
/fars/info/part23-697-FAR.shtml,23.697,Wing flap controls,"[Doc. No. 4080, 29 FR 17955, Dec. 18, 1964, as amended by Amdt. 23–49, 61 FR 5165, Feb. 9, 1996]",2,0,,,https://www.risingup.com/fars/info/part23-697-FAR.shtml
/fars/info/part23-699-FAR.shtml,23.699,Wing flap position indicator,,0,0,,,https://www.risingup.com/fars/info/part23-699-FAR.shtml
/fars/info/part23-701-FAR.shtml,23.701,Flap interconnection,"[Doc. No. 4080, 29 FR 17955, Dec. 18, 1964, as amended by Amdt. 23–14, 38 FR 31821, Nov. 19, 1973; Amdt. 23–42, 56 FR 353, Jan. 3, 1991; 56 FR 5455, Feb. 11, 1991; Amdt. 23–49, 61 FR 5165, Feb. 9, 1996]",5,1,56 FR 5455 (1991-02-11),⚠ 未下载,https://www.risingup.com/fars/info/part23-701-FAR.shtml
/fars/info/part23-703-FAR.shtml,23.703,Takeoff warning system,"[Doc. No. 27806, 61 FR 5166, Feb. 9, 1996]",1,0,,,https://www.risingup.com/fars/info/part23-703-FAR.shtml
/fars/info/part23-71-FAR.shtml,23.71,Glide: Single-engine airplanes,"[Doc. No. 27807, 61 FR 5187, Feb. 9, 1996]",1,0,,,https://www.risingup.com/fars/info/part23-71-FAR.shtml
/fars/info/part23-721-FAR.shtml,23.721,General,"[Amdt. 23–34, 52 FR 1830, Jan. 15, 1987]",1,0,,,https://www.risingup.com/fars/info/part23-721-FAR.shtml
/fars/info/part23-723-FAR.shtml,23.723,Shock absorption tests,"[Doc. No. 4080, 29 FR 17955, Dec. 18, 1964; 30 FR 258, Jan. 9, 1965, as amended by Amdt. 23–23, 43 FR 50593, Oct. 30, 1978; Amdt. 23–49, 61 FR 5166, Feb. 9, 1996]",4,1,30 FR 258 (1965-01-09),⚠ 未下载,https://www.risingup.com/fars/info/part23-723-FAR.shtml
/fars/info/part23-725-FAR.shtml,23.725,Limit drop tests,"[Doc. No. 4080, 29 FR 17955, Dec. 18, 1964, as amended by Amdt. 23–7, 34 FR 13091, Aug. 13, 1969; Amdt. 23–48, 61 FR 5148, Feb. 9, 1996]",3,0,,,https://www.risingup.com/fars/info/part23-725-FAR.shtml
/fars/info/part23-726-FAR.shtml,23.726,Ground load dynamic tests,"[Amdt. 23–7, 34 FR 13091, Aug. 13, 1969]",1,0,,,https://www.risingup.com/fars/info/part23-726-FAR.shtml
/fars/info/part23-727-FAR.shtml,23.727,Reserve energy absorption drop test,"[Doc. No. 4080, 29 FR 17955, Dec. 18, 1964, as amended by Amdt. 23–7, 34 FR 13091, Aug. 13, 1969]",2,0,,,https://www.risingup.com/fars/info/part23-727-FAR.shtml
/fars/info/part23-729-FAR.shtml,23.729,Landing gear extension and retraction system,"[Doc. No. 4080, 29 FR 17955, Dec. 18, 1964, as amended by Amdt. 23–7, 34 FR 13091, Aug. 13, 1969; Amdt. 23–21, 43 FR 2318, Jan. 1978; Amdt. 23–26, 45 FR 60171, Sept. 11, 1980; Amdt. 23–45, 58 FR 42164, Aug. 6, 1993; Amdt. 23–49, 61 FR 5166, Feb. 9, 1996]",5,0,,,https://www.risingup.com/fars/info/part23-729-FAR.shtml
/fars/info/part23-73-FAR.shtml,23.73,Reference landing approach speed,"[Doc. No. 27807, 61 FR 5187, Feb. 9, 1996]",1,0,,,https://www.risingup.com/fars/info/part23-73-FAR.shtml
/fars/info/part23-731-FAR.shtml,23.731,Wheels,"[Doc. No. 4080, 29 FR 17955, Dec. 18, 1964, as amended by Amdt. 23–45, 58 FR 42165, Aug. 6, 1993]",2,0,,,https://www.risingup.com/fars/info/part23-731-FAR.shtml
/fars/info/part23-733-FAR.shtml,23.733,Tires,"[Doc. No. 4080, 29 FR 17955, Dec. 18, 1964, as amended by Amdt. 23–7, 34 FR 13092, Aug. 13, 1969; Amdt. 23–17, 41 FR 55464, Dec. 20, 1976; Amdt. 23–45, 58 FR 42165, Aug. 6, 1993]",4,0,,,https://www.risingup.com/fars/info/part23-733-FAR.shtml
/fars/info/part23-735-FAR.shtml,23.735,Brakes,"[Amdt. 23–7, 34 FR 13092, Aug. 13, 1969, as amended by Amdt. 23–24, 44 FR 68742, Nov. 29, 1979; Amdt. 23–42, 56 FR 354, Jan. 3, 1991; Amdt. 23–49, 61 FR 5166, Feb. 9, 1996]",4,0,,,https://www.risingup.com/fars/info/part23-735-FAR.shtml
/fars/info/part23-737-FAR.shtml,23.737,Skis,"[Doc. No. 26269, 58 FR 42165, Aug. 6, 1993]",1,0,,,https://www.risingup.com/fars/info/part23-737-FAR.shtml
/fars/info/part23-745-FAR.shtml,23.745,Nose/tail wheel steering,"[Doc. No. 27806, 61 FR 5166, Feb. 9, 1996]",1,0,,,https://www.risingup.com/fars/info/part23-745-FAR.shtml
/fars/info/part23-75-FAR.shtml,23.75,Landing distance,"[Amdt. 23–21, 43 FR 2318, Jan. 16, 1978, as amended by Amdt. 23–34, 52 FR 1828, Jan. 15, 1987; Amdt. 23–42, 56 FR 351, Jan. 3, 1991; Amdt. 23–50, 61 FR 5187, Feb. 9, 1996]",4,0,,,https://www.risingup.com/fars/info/part23-75-FAR.shtml
/fars/info/part23-751-FAR.shtml,23.751,Main float buoyancy,"[Doc. No. 4080, 29 FR 17955, Dec. 18, 1964, as amended by Amdt. 23–45, 58 FR 42165, Aug. 6, 1993]",2,0,,,https://www.risingup.com/fars/info/part23-751-FAR.shtml
/fars/info/part23-753-FAR.shtml,23.753,Main float design,"[Doc. No. 26269, 58 FR 42165, Aug. 6, 1993]",1,0,,,https://www.risingup.com/fars/info/part23-753-FAR.shtml
/fars/info/part23-755-FAR.shtml,23.755,Hulls,"[Doc. No. 4080, 29 FR 17955, Dec. 18, 1964, as amended by Amdt. 23–45, 58 FR 42165, Aug. 6, 1993; Amdt. 23–48, 61 FR 5148, Feb. 9, 1996]",3,0,,,https://www.risingup.com/fars/info/part23-755-FAR.shtml
/fars/info/part23-757-FAR.shtml,23.757,Auxiliary floats,,0,0,,,https://www.risingup.com/fars/info/part23-757-FAR.shtml
/fars/info/part23-77-FAR.shtml,23.77,Balked landing,"[Doc. No. 27807, 61 FR 5187, Feb. 9, 1996]",1,0,,,https://www.risingup.com/fars/info/part23-77-FAR.shtml
/fars/info/part23-771-FAR.shtml,23.771,Pilot compartment,"[Doc. No. 4080, 29 FR 17955, Dec. 18, 1964, as amended by Amdt. 23–14, 38 FR 31821, Nov. 19, 1973]",2,0,,,https://www.risingup.com/fars/info/part23-771-FAR.shtml
/fars/info/part23-773-FAR.shtml,23.773,Pilot compartment view,"[Doc. No. 26269, 58 FR 42165, Aug. 6, 1993; 71 FR 537, Jan. 5, 2006]",2,1,71 FR 537 (2006-01-05),⚠ 未下载,https://www.risingup.com/fars/info/part23-773-FAR.shtml
/fars/info/part23-775-FAR.shtml,23.775,Windshields and windows,"[Doc. No. 4080, 29 FR 17955, Dec. 18, 1964, as amended by Amdt. 23–7, 34 FR 13092, Aug. 13, 1969; Amdt. 23–45, 58 FR 42165, Aug. 6, 1993; 58 FR 51970, Oct. 5, 1993; Amdt. 23–49, 61 FR 5166, Feb. 9, 1996]",5,1,58 FR 51970 (1993-10-05),⚠ 未下载,https://www.risingup.com/fars/info/part23-775-FAR.shtml
/fars/info/part23-777-FAR.shtml,23.777,Cockpit controls,"[Doc. No. 4080, 29 FR 17955, Dec. 18, 1964, as amended by Amdt. 23–7, 34 FR 13092, Aug. 13, 1969; Amdt. 23–33, 51 FR 26656, July 24, 1986; Amdt. 23–51, 61 FR 5136, Feb. 9, 1996]",4,0,,,https://www.risingup.com/fars/info/part23-777-FAR.shtml
/fars/info/part23-779-FAR.shtml,23.779,Motion and effect of cockpit controls,"[Amdt. 23–33, 51 FR 26656, July 24, 1986, as amended by Amdt. 23–51, 61 FR 5136, Feb. 9, 1996]",2,0,,,https://www.risingup.com/fars/info/part23-779-FAR.shtml
/fars/info/part23-781-FAR.shtml,23.781,Cockpit control knob shape,"[Doc. No. 4080, 29 FR 17955, Dec. 18, 1964; 30 FR 258, Jan. 9, 1965, as amended by Amdt. 23–33, 51 FR 26657, July 24, 1986]",3,1,30 FR 258 (1965-01-09),⚠ 未下载,https://www.risingup.com/fars/info/part23-781-FAR.shtml
/fars/info/part23-783-FAR.shtml,23.783,Doors,"[Doc. No. 4080, 29 FR 17955, Dec. 18, 1964; 30 FR 258, Jan. 9, 1965, as amended by Amdt. 23–36, 53 FR 30813, Aug. 15, 1988; Amdt. 23–46, 59 FR 25772, May 17, 1994; Amdt. 23–49, 61 FR 5166, Feb. 9, 1996]",5,1,30 FR 258 (1965-01-09),⚠ 未下载,https://www.risingup.com/fars/info/part23-783-FAR.shtml
/fars/info/part23-785-FAR.shtml,23.785,"Seats, berths, litters, safety belts, and shoulder harnesses","[Amdt. 23–36, 53 FR 30813, Aug. 15, 1988; Amdt. 23–36, 54 FR 50737, Dec. 11, 1989; Amdt. 23–49, 61 FR 5167, Feb. 9, 1996]",3,0,,,https://www.risingup.com/fars/info/part23-785-FAR.shtml
/fars/info/part23-787-FAR.shtml,23.787,Baggage and cargo compartments,"[Doc. No. 27806, 61 FR 5167, Feb. 9, 1996]",1,0,,,https://www.risingup.com/fars/info/part23-787-FAR.shtml
/fars/info/part23-791-FAR.shtml,23.791,Passenger information signs,"[Doc. No. 27806, 61 FR 5167, Feb. 9, 1996]",1,0,,,https://www.risingup.com/fars/info/part23-791-FAR.shtml
/fars/info/part23-803-FAR.shtml,23.803,Emergency evacuation,"[Amdt. 23–34, 52 FR 1831, Jan. 15, 1987, as amended by Amdt. 23–46, 59 FR 25773, May 17, 1994]",2,0,,,https://www.risingup.com/fars/info/part23-803-FAR.shtml
/fars/info/part23-805-FAR.shtml,23.805,Flightcrew emergency exits,"[Doc. No. 26324, 59 FR 25773, May 17, 1994]",1,0,,,https://www.risingup.com/fars/info/part23-805-FAR.shtml
/fars/info/part23-807-FAR.shtml,23.807,Emergency exits,"[Doc. No. 4080, 29 FR 17955, Dec. 18, 1964, as amended by Amdt. 23–7, 34 FR 13092, Aug. 13, 1969; Amdt. 23–10, 36 FR 2864, Feb. 11, 1971; Amdt. 23–34, 52 FR 1831, Jan. 15, 1987; Amdt. 23–36, 53 FR 30814, Aug. 15, 1988; 53 FR 34194, Sept. 2, 1988; Amdt. 23–46, 59 FR 25773, May 17, 1994; Amdt. 23–49, 61 FR 5167, Feb. 9, 1996]",8,1,53 FR 34194 (1988-09-02),⚠ 未下载,https://www.risingup.com/fars/info/part23-807-FAR.shtml
/fars/info/part23-811-FAR.shtml,23.811,Emergency exit marking,"[Amdt. 23–36, 53 FR 30814, Aug. 15, 1988; 53 FR 34194, Sept. 2, 1988, as amended by Amdt. 23–46, 59 FR 25773, May 17, 1994]",3,1,53 FR 34194 (1988-09-02),⚠ 未下载,https://www.risingup.com/fars/info/part23-811-FAR.shtml
/fars/info/part23-812-FAR.shtml,23.812,Emergency lighting,"[Doc. No. 26324, 59 FR 25774, May 17, 1994]",1,0,,,https://www.risingup.com/fars/info/part23-812-FAR.shtml
/fars/info/part23-813-FAR.shtml,23.813,Emergency exit access,"[Amdt. 23–36, 53 FR 30815, Aug. 15, 1988, as amended by Amdt. 23–46, 59 FR 25774, May 17, 1994]",2,0,,,https://www.risingup.com/fars/info/part23-813-FAR.shtml
/fars/info/part23-815-FAR.shtml,23.815,Width of aisle,"[Amdt. 23–34, 52 FR 1831, Jan. 15, 1987, as amended by Amdt. 23–46, 59 FR 25774, May 17, 1994]",2,0,,,https://www.risingup.com/fars/info/part23-815-FAR.shtml
/fars/info/part23-831-FAR.shtml,23.831,Ventilation,"[Doc. No. 4080, 29 FR 17955, Dec. 18, 1964; 30 FR 258, Jan. 9, 1965, as amended by Amdt. 23–34, 52 FR 1831, Jan. 15, 1987; Amdt. 23–42, 56 FR 354, Jan. 3, 1991]",4,1,30 FR 258 (1965-01-09),⚠ 未下载,https://www.risingup.com/fars/info/part23-831-FAR.shtml
/fars/info/part23-841-FAR.shtml,23.841,Pressurized cabins,"[Amdt. 23–14, 38 FR 31822, Nov. 19, 1973, as amended by Amdt. 23–17, 41 FR 55464, Dec. 20, 1976; Amdt. 23–49, 61 FR 5167, Feb. 9, 1996]",3,0,,,https://www.risingup.com/fars/info/part23-841-FAR.shtml
/fars/info/part23-843-FAR.shtml,23.843,Pressurization tests,,0,0,,,https://www.risingup.com/fars/info/part23-843-FAR.shtml
/fars/info/part23-851-FAR.shtml,23.851,Fire extinguishers,"[Doc. No. 26269, 58 FR 42165, Aug. 6, 1993]",1,0,,,https://www.risingup.com/fars/info/part23-851-FAR.shtml
/fars/info/part23-853-FAR.shtml,23.853,Passenger and crew compartment interiors,"[Amdt. 23–14, 23 FR 31822, Nov. 19, 1973, as amended by Amdt. 23–23, 43 FR 50593, Oct. 30, 1978; Amdt. 23–25, 45 FR 7755, Feb. 4, 1980; Amdt. 23–34, 52 FR 1831, Jan. 15, 1987]",4,0,,,https://www.risingup.com/fars/info/part23-853-FAR.shtml
/fars/info/part23-855-FAR.shtml,23.855,Cargo and baggage compartment fire protection,"[Doc. No. 27806, 61 FR 5167, Feb. 9, 1996]",1,0,,,https://www.risingup.com/fars/info/part23-855-FAR.shtml
/fars/info/part23-859-FAR.shtml,23.859,Combustion heater fire protection,"[Amdt. 23–27, 45 FR 70387, Oct. 23, 1980]",1,0,,,https://www.risingup.com/fars/info/part23-859-FAR.shtml
/fars/info/part23-863-FAR.shtml,23.863,Flammable fluid fire protection,"[Amdt. 23–23, 43 FR 50593, Oct. 30, 1978]",1,0,,,https://www.risingup.com/fars/info/part23-863-FAR.shtml
/fars/info/part23-865-FAR.shtml,23.865,"Fire protection of flight controls, engine mounts, and other flight structure","[Doc. No. 27805, 61 FR 5148, Feb. 9, 1996]",1,0,,,https://www.risingup.com/fars/info/part23-865-FAR.shtml
/fars/info/part23-867-FAR.shtml,23.867,Electrical bonding and protection against lightning and static electricity,"[Amdt. 23–7, 34 FR 13092, Aug. 13, 1969]",1,0,,,https://www.risingup.com/fars/info/part23-867-FAR.shtml
/fars/info/part23-871-FAR.shtml,23.871,Leveling means,"[Amdt. 23–7, 34 FR 13092, Aug. 13, 1969]",1,0,,,https://www.risingup.com/fars/info/part23-871-FAR.shtml
/fars/info/part23-901-FAR.shtml,23.901,Installation,"[Doc. No. 4080, 29 FR 17955, Dec. 18, 1964, as amended by Amdt. 23–7, 34 FR 13092, Aug. 13, 1969; Amdt. 23–18, 42 FR 15041, Mar. 17, 1977; Amdt. 23–29, 49 FR 6846, Feb. 23, 1984; Amdt. 23–34, 52 FR 1832, Jan. 15, 1987; Amdt. 23–34, 52 FR 34745, Sept. 14, 1987; Amdt. 23–43, 58 FR 18970, Apr. 9, 1993; Amdt. 23–51, 61 FR 5136, Feb. 9, 1996; Amdt. 23–53, 63 FR 14797, Mar. 26, 1998]",9,0,,,https://www.risingup.com/fars/info/part23-901-FAR.shtml
/fars/info/part23-903-FAR.shtml,23.903,Engines,"[Amdt. 23–14, 38 FR 31822, Nov. 19, 1973]",1,0,,,https://www.risingup.com/fars/info/part23-903-FAR.shtml
/fars/info/part23-904-FAR.shtml,23.904,Automatic power reserve system,"[Doc. No. 26344, 58 FR 18970, Apr. 9, 1993]",1,0,,,https://www.risingup.com/fars/info/part23-904-FAR.shtml
/fars/info/part23-905-FAR.shtml,23.905,Propellers,"[Doc. No. 4080, 29 FR 17955, Dec. 18, 1964, as amended by Amdt. 23–26, 45 FR 60171, Sept. 11, 1980; Amdt. 23–29, 49 FR 6847, Feb. 23, 1984; Amdt. 23–43, 58 FR 18970, Apr. 9, 1993; Amdt. No. 23–59, 73 FR 63345, Oct. 24, 2008]",5,0,,,https://www.risingup.com/fars/info/part23-905-FAR.shtml
/fars/info/part23-907-FAR.shtml,23.907,Propeller vibration and fatigue,"[Amdt. No. 23–59, 73 FR 63345, Oct. 24, 2008]",1,0,,,https://www.risingup.com/fars/info/part23-907-FAR.shtml
/fars/info/part23-909-FAR.shtml,23.909,Turbocharger systems,"[Amdt. 23–7, 34 FR 13092, Aug. 13, 1969, as amended by Amdt. 23–43, 58 FR 18970, Apr. 9, 1993]",2,0,,,https://www.risingup.com/fars/info/part23-909-FAR.shtml
/fars/info/part23-925-FAR.shtml,23.925,Propeller clearance,"[Doc. No. 4080, 29 FR 17955, Dec. 18, 1964, as amended by Amdt. 23–43, 58 FR 18971, Apr. 9, 1993; Amdt. 23–51, 61 FR 5136, Feb. 9, 1996; Amdt. 23–48, 61 FR 5148, Feb. 9, 1996]",4,0,,,https://www.risingup.com/fars/info/part23-925-FAR.shtml
/fars/info/part23-929-FAR.shtml,23.929,Engine installation ice protection,"[Amdt. 23–14, 33 FR 31822, Nov. 19, 1973, as amended by Amdt. 23–51, 61 FR 5136, Feb. 9, 1996]",2,0,,,https://www.risingup.com/fars/info/part23-929-FAR.shtml
/fars/info/part23-933-FAR.shtml,23.933,Reversing systems,"[Doc. No. 26344, 58 FR 18971, Apr. 9, 1993, as amended by Amdt. 23–51, 61 FR 5136, Feb. 9, 1996]",2,0,,,https://www.risingup.com/fars/info/part23-933-FAR.shtml
/fars/info/part23-934-FAR.shtml,23.934,Turbojet and turbofan engine thrust reverser systems tests,"[Doc. No. 26344, 58 FR 18971, Apr. 9, 1993]",1,0,,,https://www.risingup.com/fars/info/part23-934-FAR.shtml
/fars/info/part23-937-FAR.shtml,23.937,Turbopropeller-drag limiting systems,"[Amdt. 23–7, 34 FR 13093, Aug. 13, 1969, as amended by Amdt. 23–43, 58 FR 18971, Apr. 9, 1993]",2,0,,,https://www.risingup.com/fars/info/part23-937-FAR.shtml
/fars/info/part23-939-FAR.shtml,23.939,Powerplant operating characteristics,"[Amdt. 23–7, 34 FR 13093 Aug. 13, 1969, as amended by Amdt. 23–14, 38 FR 31823, Nov. 19, 1973; Amdt. 23–18, 42 FR 15041, Mar. 17, 1977; Amdt. 23–42, 56 FR 354, Jan. 3, 1991]",3,0,,,https://www.risingup.com/fars/info/part23-939-FAR.shtml
/fars/info/part23-943-FAR.shtml,23.943,Negative acceleration,"[Amdt. 23–18, 42 FR 15041, Mar. 17, 1977, as amended by Amdt. 23–43, 58 FR 18971, Apr. 9, 1993]",2,0,,,https://www.risingup.com/fars/info/part23-943-FAR.shtml
/fars/info/part23-951-FAR.shtml,23.951,General,"[Amdt. 23–15, 39 FR 35459, Oct. 1, 1974, as amended by Amdt. 23–40, 55 FR 32861, Aug. 10, 1990; Amdt. 23–43, 58 FR 18971, Apr. 9, 1993]",3,0,,,https://www.risingup.com/fars/info/part23-951-FAR.shtml
/fars/info/part23-953-FAR.shtml,23.953,Fuel system independence,"[Doc. No. 4080, 29 FR 17955, Dec. 18, 1964, as amended by Amdt. 23–7, 34 FR 13093 Aug. 13, 1969; Amdt. 23–43, 58 FR 18971, Apr. 9, 1993]",2,0,,,https://www.risingup.com/fars/info/part23-953-FAR.shtml
/fars/info/part23-954-FAR.shtml,23.954,Fuel system lightning protection,"[Amdt. 23–7, 34 FR 13093, Aug. 13, 1969]",1,0,,,https://www.risingup.com/fars/info/part23-954-FAR.shtml
/fars/info/part23-955-FAR.shtml,23.955,Fuel flow,"[Doc. No. 4080, 29 FR 17955, Dec. 18, 1964, as amended by Amdt. 23–7, 34 FR 13093, Aug. 13, 1969; Amdt. 23–43, 58 FR 18971, Apr. 9, 1993; Amdt. 23–51, 61 FR 5136, Feb. 9, 1996]",4,0,,,https://www.risingup.com/fars/info/part23-955-FAR.shtml
/fars/info/part23-957-FAR.shtml,23.957,Flow between interconnected tanks,"[Doc. No. 4080, 29 FR 17955, Dec. 18, 1964, as amended by Amdt. 23–43, 58 FR 18972, Apr. 9, 1993]",2,0,,,https://www.risingup.com/fars/info/part23-957-FAR.shtml
/fars/info/part23-959-FAR.shtml,23.959,Unusable fuel supply,"[Amdt. 23–7, 34 FR 13093, Aug. 13, 1969, as amended by Amdt. 23–18, 42 FR 15041, Mar. 17, 1977; Amdt. 23–51, 61 FR 5136, Feb. 9, 1996]",3,0,,,https://www.risingup.com/fars/info/part23-959-FAR.shtml
/fars/info/part23-961-FAR.shtml,23.961,Fuel system hot weather operation,"[Doc. No. 26344, 58 FR 18972, Apr. 9, 1993; 58 FR 27060, May 6, 1993]",2,1,58 FR 27060 (1993-05-06),⚠ 未下载,https://www.risingup.com/fars/info/part23-961-FAR.shtml
/fars/info/part23-963-FAR.shtml,23.963,Fuel tanks: General,"[Doc. No. 4080, 29 FR 17955, Dec. 18, 1964; 30 FR 258, Jan. 9, 1965, as amended by Amdt 23–34, 52 FR 1832, Jan. 15, 1987; Amdt. 23–43, 58 FR 18972, Apr. 9, 1993; Amdt. 23–51, 61 FR 5136, Feb. 9, 1996]",5,1,30 FR 258 (1965-01-09),⚠ 未下载,https://www.risingup.com/fars/info/part23-963-FAR.shtml
/fars/info/part23-965-FAR.shtml,23.965,Fuel tank tests,"[Doc. No. 4080, 29 FR 17955, Dec. 18, 1964, as amended by Amdt. 23–43, 58 FR 18972, Apr. 9, 1993; Amdt. 23–43, 61 FR 253, Jan. 4, 1996; Amdt. 23–51, 61 FR 5136, Feb. 9, 1996]",4,0,,,https://www.risingup.com/fars/info/part23-965-FAR.shtml
/fars/info/part23-967-FAR.shtml,23.967,Fuel tank installation,"[Doc. No. 4080, 29 FR 17955, Dec. 18, 1964, as amended by Amdt. 23–7, 34 FR 13903, Aug. 13, 1969; Amdt. 23–14, 38 FR 31823, Nov. 19, 1973; Amdt. 23–18, 42 FR 15041, Mar. 17, 1977; Amdt. 23–26, 45 FR 60171, Sept. 11, 1980; Amdt. 23–36, 53 FR 30815, Aug. 15, 1988; Amdt. 23–43, 58 FR 18972, Apr. 9, 1993]",7,0,,,https://www.risingup.com/fars/info/part23-967-FAR.shtml
/fars/info/part23-969-FAR.shtml,23.969,Fuel tank expansion space,,0,0,,,https://www.risingup.com/fars/info/part23-969-FAR.shtml
/fars/info/part23-971-FAR.shtml,23.971,Fuel tank sump,"[Doc. No. 26344, 58 FR 18972, Apr. 9, 1993; 58 FR 27060, May 6, 1993]",2,1,58 FR 27060 (1993-05-06),⚠ 未下载,https://www.risingup.com/fars/info/part23-971-FAR.shtml
/fars/info/part23-973-FAR.shtml,23.973,Fuel tank filler connection,"[Doc. No. 4080, 29 FR 17955, Dec. 18, 1964; 30 FR 258, Jan. 9, 1965, as amended by Amdt. 23–18, 42 FR 15041, Mar. 17, 1977; Amdt. 23–43, 58 FR 18972, Apr. 9, 1993; Amdt. 23–51, 61 FR 5136, Feb. 9, 1996]",5,1,30 FR 258 (1965-01-09),⚠ 未下载,https://www.risingup.com/fars/info/part23-973-FAR.shtml
/fars/info/part23-975-FAR.shtml,23.975,Fuel tank vents and carburetor vapor vents,"[Doc. No. 4080, 29 FR 17955, Dec. 18, 1964; 30 FR 258, Jan. 9, 1965, as amended by Amdt. 23–18, 42 FR 15041, Mar. 17, 1977; Amdt. 23–29, 49 FR 6847, Feb. 23, 1984; Amdt. 23–43, 58 FR 18973, Apr. 9, 1993; Amdt. 23–51, 61 FR 5136, Feb. 9, 1996]",6,1,30 FR 258 (1965-01-09),⚠ 未下载,https://www.risingup.com/fars/info/part23-975-FAR.shtml
/fars/info/part23-977-FAR.shtml,23.977,Fuel tank outlet,"[Amdt. 23–17, 41 FR 55465, Dec. 20, 1976, as amended by Amdt. 23–43, 58 FR 18973, Apr. 9, 1993]",2,0,,,https://www.risingup.com/fars/info/part23-977-FAR.shtml
/fars/info/part23-979-FAR.shtml,23.979,Pressure fueling systems,"[Amdt. 23–14, 38 FR 31823, Nov. 19, 1973, as amended by Amdt. 23–51, 61 FR 5137, Feb. 9, 1996]",2,0,,,https://www.risingup.com/fars/info/part23-979-FAR.shtml
/fars/info/part23-991-FAR.shtml,23.991,Fuel pumps,"[Doc. No. 4080, 29 FR 17955, Dec. 18, 1964, as amended by Amdt. 23–7, 34 FR 13093, Aug. 13, 1969; Amdt. 23–26, 45 FR 60171, Sept. 11, 1980; Amdt. 23–43, 58 FR 18973, Apr. 9, 1993]",4,0,,,https://www.risingup.com/fars/info/part23-991-FAR.shtml
/fars/info/part23-993-FAR.shtml,23.993,Fuel system lines and fittings,"[Doc. No. 4080, 29 FR 17955, Dec. 18, 1964, as amended by Amdt. 23–43, 58 FR 18973, Apr. 9, 1993]",2,0,,,https://www.risingup.com/fars/info/part23-993-FAR.shtml
/fars/info/part23-994-FAR.shtml,23.994,Fuel system components,"[Amdt. 23–29, 49 FR 6847, Feb. 23, 1984]",1,0,,,https://www.risingup.com/fars/info/part23-994-FAR.shtml
/fars/info/part23-995-FAR.shtml,23.995,Fuel valves and controls,"[Doc. No. 4080, 29 FR 17955, Dec. 18, 1964, as amended by Amdt. 23–14, 38 FR 31823, Nov. 19, 1973; Amdt. 23–17, 41 FR 55465, Dec. 20, 1976; Amdt. 23–18, 42 FR 15041, Mar. 17, 1977; Amdt. 23–29, 49 FR 6847, Feb. 23, 1984]",5,0,,,https://www.risingup.com/fars/info/part23-995-FAR.shtml
/fars/info/part23-997-FAR.shtml,23.997,Fuel strainer or filter,"[Amdt. 23–15, 39 FR 35459, Oct. 1, 1974, as amended by Amdt. 23–29, 49 FR 6847, Feb. 23, 1984; Amdt. 23–34, 52 FR 1832, Jan. 15, 1987; Amdt. 23–43, 58 FR 18973, Apr. 9, 1993]",4,0,,,https://www.risingup.com/fars/info/part23-997-FAR.shtml
/fars/info/part23-999-FAR.shtml,23.999,Fuel system drains,"[Doc. No. 4080, 29 FR 17955, Dec. 18, 1964, as amended by Amdt. 23–17, 41 FR 55465, Dec. 20, 1976; Amdt. 23–43, 58 FR 18973, Apr. 9, 1993]",3,0,,,https://www.risingup.com/fars/info/part23-999-FAR.shtml
/fars/info/part23-A-APPX.shtml,,,,0,0,,,https://www.risingup.com/fars/info/part23-A-APPX.shtml
/fars/info/part23-C-APPX.shtml,,,,0,0,,,https://www.risingup.com/fars/info/part23-C-APPX.shtml
/fars/info/part23-D-APPX.shtml,,,,0,0,,,https://www.risingup.com/fars/info/part23-D-APPX.shtml
/fars/info/part23-F-APPX.shtml,,,"[Amdt. 23–23, 43 FR 50594, Oct. 30, 1978, as amended by Amdt. 23–34, 52 FR 1835, Jan. 15, 1987; 52 FR 34745, Sept. 14, 1987; Amdt. 23–49, 61 FR 5170, Feb. 9, 1996]",4,1,52 FR 34745 (1987-09-14),⚠ 未下载,https://www.risingup.com/fars/info/part23-F-APPX.shtml
/fars/info/part23-G-APPX.shtml,,,"[Amdt. 23–26, 45 FR 60171, Sept. 11, 1980, as amended by Amdt. 23–34, 52 FR 1835, Jan. 15, 1987; 52 FR 34745, Sept. 14, 1987; Amdt. 23–37, 54 FR 34329, Aug. 18, 1989]",4,1,52 FR 34745 (1987-09-14),⚠ 未下载,https://www.risingup.com/fars/info/part23-G-APPX.shtml
/fars/info/part23-H-APPX.shtml,,,"[Doc. 26344, 58 FR 18979, Apr. 9, 1993]",1,0,,,https://www.risingup.com/fars/info/part23-H-APPX.shtml
/fars/info/part23-I-APPX.shtml,,,"[Amdt. 23–45, 58 FR 42167, Aug. 6, 1993; 58 FR 51970, Oct. 5, 1993]",2,1,58 FR 51970 (1993-10-05),⚠ 未下载,https://www.risingup.com/fars/info/part23-I-APPX.shtml
/fars/info/part23-J-APPX.shtml,,,"[Doc. No. FAA–2006–23657, 72 FR 44025, Aug. 6, 2007]",1,0,,,https://www.risingup.com/fars/info/part23-J-APPX.shtml
