FR引证,出版日,性质,action,是否影响Part23条文,影响条款数,受影响条款,更正对象,说明,CFR溯源注是否列出,标题,本地文件,本地原文状态,别名归并至,出版日校正
30 FR 258,1965-01-09,更正通告 (CFR 溯源注),,是,30,"23.1105, 23.1145, 23.1193, 23.1307, 23.1329, 23.1353, 23.1357, 23.1361, 23.1387, 23.1511, 23.1521, 23.1541, 23.1543, 23.1547, 23.1555, 23.1567, 23.29, 23.301, 23.31, 23.331, 23.351, 23.605, 23.613, 23.723, 23.781, 23.783, 23.831, 23.963, 23.973, 23.975",29 FR 17955 (Amdt 23-0 原始规章),§23.365(d) 系数 1.3→1.33；§23.427 公式 'local'→'load',是,,Corrections/Correction_30FR258_1965-01-09_Amdt23-0.clean.txt,✅已获取,,⚠ CFR 2016 XML 在 §23.1105 处误印 1996，正确为 1965-01-09
32 FR 13505,1967-09-27,更正通告 (CFR 溯源注),,,1,23.1325,,,是,,Corrections/Correction_32FR13505_1967-09-27.clean.txt,✅已获取,,
32 FR 13714,1967-09-30,更正通告 (CFR 溯源注),,,1,23.1325,,,是,,Corrections/Correction_32FR13714_1967-09-30.clean.txt,✅已获取,,
34 FR 14727,1969-09-24,更正通告 (CFR 溯源注),,,1,Appendix A to Part 23—Simplified Design Load Criteria,,,是,,Corrections/Correction_34FR14727_1969-09-24.clean.txt,✅已获取,,
34 FR 17509,1969-10-30,更正通告 (CFR 溯源注),,,1,23.369,,,是,,Corrections/Correction_34FR17509_1969-10-30.clean.txt,✅已获取,,
35 FR 1102,1970-01-28,更正通告 (CFR 溯源注),,,1,Special Federal Aviation Regulation No. 23,,,是,,Corrections/Correction_35FR1102_1970-01-28.clean.txt,✅已获取,,
38 FR 32784,1973-11-28,更正通告 (CFR 溯源注),,,1,23.155,,,是,,Corrections/Correction_38FR32784_1973-11-28.clean.txt,✅已获取,,
52 FR 7262,1987-03-09,更正通告 (CFR 溯源注),,是,3,"23.67, 23.443, 23.1201",52 FR 1806 (Amdt 23-34 通勤类最终规章),23 项更正；涉条文的是 §23.67(e)(3) 'Vs4'→'Vs1'、§23.443(b) 'the'→'The'、§23.1201(a) 'Material'→'No material'，其余为前言拼写错误,是,,Corrections/Correction_52FR7262_1987-03-09.clean.txt,✅已获取,,
52 FR 34745,1987-09-14,更正通告 (CFR 溯源注),,是,15,"23.3, 23.53, 23.65, 23.67, 23.335, 23.443, 23.561, 23.787, 23.901, 23.1199, 23.1305, 23.1323, 23.1351, Appendix F to Part 23—Test Procedure, Appendix G to Part 23—Instructions for Continued Airworthiness",52 FR 1806 (Amdt 23-34 通勤类最终规章),"18 项印刷更正；其中第 9 项新增修订指令 25-1：§23.561(b)(2) 表格第一栏标题 'Normal and utility categories'→'Normal, utility, and commuter categories'。⚠ 本件 FR 抬头把 Amdt Nos. 误印为 23-24（正文通篇写 23-34），CFR 溯源注因此跟着写错 —— DRS 归 Amdt 23-34 是对的",是,,Corrections/Correction_52FR34745_1987-09-14.clean.txt,✅已获取,,
53 FR 34194,1988-09-02,更正通告 (CFR 溯源注),,,2,"23.807, 23.811",,,是,,,⚠未获取（1994 年前仅存 govinfo 整期影印）,,
55 FR 46888,1990-11-07,更正通告 (CFR 溯源注),,,1,23.1321,,,是,,,⚠未获取（1994 年前仅存 govinfo 整期影印）,,
56 FR 5455,1991-02-11,更正通告 (CFR 溯源注),,,3,"23.161, 23.423, 23.701",,,是,,Corrections/Correction_56FR5455_1991-02-11.clean.txt,✅已获取,,
58 FR 18975,1993-04-09,更正通告 (CFR 溯源注),,,1,23.1193,,,是,,,⚠未获取（1994 年前仅存 govinfo 整期影印）,,
58 FR 27060,1993-05-06,更正通告 (CFR 溯源注),,,5,"23.1091, 23.1191, 23.1305, 23.961, 23.971",,,是,,,⚠未获取（1994 年前仅存 govinfo 整期影印）,,
58 FR 51970,1993-10-05,更正通告 (CFR 溯源注),,是,8,"23.525, 23.527, 23.533, 23.535, 23.573, 23.629, 23.775, Appendix I to Part 23—Seaplane Loads",58 FR 42136 (Amdt 23-45),32 条印刷更正；含 appendix H→appendix I、§23.613/23.865/23.23 等编号错植,是,,Corrections/Correction_58FR51970_1993-10-05_Amdt23-45.clean.txt,✅已获取,,
61 FR 252,1996-01-04,更正通告 (FAA Correction),Correction; final rule with request for comments.,是,,23.965,Small Airplane Airworthiness Review Program Amdt 23-43,§23.965(b) 增补 (b)(4)(b)(5) 燃油箱试验振动循环折算,否,Small Airplane Airworthiness Review Program Amendment No. 3; Correction,Corrections/Correction_61FR252_1996-01-04_96-135.clean.txt,✅已获取,,
61 FR 7409,1996-02-28,更正通告 (FAA Correction),"Final rule, correction.",否,,,61 FR 5151 (Docket 27806),仅修正 Part 91 修订案编号 91-247→91-248，不动 Part 23 条文,否,Airworthiness Standards; Systems and Equipment Rules Based on European Joint Aviation Requirements,Corrections/Correction_61FR7409_1996-02-28_96-4559.clean.txt,✅已获取,,
61 FR 10269,1996-03-13,更正通告 (FAA Correction),"Final rule, correction.",否,,,61 FR 7410 (上一条更正件本身),仅把上一条里误写的 '121-248' 改回 '91-248'，不动 Part 23 条文,否,Airworthiness Standards; Systems and Equipment Rules Based on European Joint Aviation Requirements,Corrections/Correction_61FR10269_1996-03-13_96-6020.clean.txt,✅已获取,,
63 FR 53278,1998-10-05,更正通告 (FAA Correction),Final rule; correction.,否,,,63 FR 14794 (Docket 28652),更正 Part 33 §33.77 吸入条件表与讨论段落，不动 Part 23 条文,否,Airworthiness Standards; Rain and Hail Ingestion Standards; Correction,Corrections/Correction_63FR53278_1998-10-05_98-26603.clean.txt,✅已获取,,
67 FR 9552,2002-03-01,技术性修订 (Technical Amendment),Final rule; technical amendment.,是,,,Part 23 全书,清理过期 SFAR：自 Part 23 移除 SFAR No. 41 编者注（Amdt 23-55）,否,Removal of Expired Special Federal Aviation Regulations,Corrections/TechAmend_67FR9552_2002-03-01_02-4846.clean.txt,✅已获取,,
68 FR 75390,2003-12-31,更正通告 (FAA Correction),Correcting amendments.,是,,23.903,65 FR 55848 (Amdt 23-54),§23.903(a)(2)(i) 引用条款日期更正,否,Airworthiness Standards; Bird Ingestion; Correction,Corrections/Correction_68FR75390_2003-12-31_03-32085.clean.txt,✅已获取,,
71 FR 537,2006-01-05,更正通告 (FAA Correction),Correcting amendment.,是,1,23.773,71 FR 首版晾 Final Rule,§23.773(b) 重写（驾驶舱视野除雾/除霜）,是,"Airworthiness Standards: Normal, Utility, Acrobatic, and Commuter Category Airplanes; Correction",Corrections/Correction_71FR537_2006-01-05_06-85.clean.txt,✅已获取,,
71 FR 30577,2006-05-30,CFR 编纂校正 (OFR CFR Correction),,是,,23.1511,CFR 2006 年版 §23.1511,CFR Correction——删除重复误植的 (a)(2)(i) 与 (a)(2)(ii),否,"Airworthiness Standards: Normal, Utility, Acrobatic, and Commuter Category Airplanes",Corrections/CFRCorrection_71FR30577_2006-05-30_06-55518.clean.txt,✅已获取,,
72 FR 59939,2007-10-23,CFR 编纂校正 (OFR CFR Correction),,是,,23.561,CFR 2007 年版 §23.561,CFR Correction——删除重复的第二组 (d)(1)(i)~(iv) 及 (d)(1)(v),否,"Airworthiness Standards: Normal, Utility, Acrobatic, and Commuter Category Airplanes",Corrections/CFRCorrection_72FR59939_2007-10-23_07-55519.clean.txt,✅已获取,,
72 FR 72915,2007-12-26,CFR 编纂校正 (OFR CFR Correction),,是,,23.561,CFR 2007 年版 §23.561,CFR Correction（第二次，修正上一条表述）——删除第二段起的五段,否,"Airworthiness Standards: Normal, Utility, Acrobatic, and Commuter Category Airplanes",Corrections/CFRCorrection_72FR72915_2007-12-26_07-55522.clean.txt,✅已获取,,
73 FR 19746,2008-04-11,技术性修订 (Technical Amendment),Final rule; technical amendment.,是,1,23.573,Amdt 23-45 之后对 §23.573 的再修订,重写 §23.573(b) 首句——损伤容限评定须含疲劳/腐蚀/意外损伤位置与模式,是,Damage Tolerance and Fatigue Evaluation of Structure,Corrections/TechAmend_73FR19746_2008-04-11_E8-7649.clean.txt,✅已获取,,
73 FR 35063,2008-06-20,技术性修订 (Technical Amendment),Final rule; technical amendment.,是,1,23.1557,§23.1557,改写 §23.1557(c)(1) 引导句（燃油加油口标记）,否,Miscellaneous Markings and Placards,Corrections/TechAmend_73FR35062_2008-06-20_E8-13900.clean.txt,✅已获取,73 FR 35062,
73 FR 35062,2008-06-20,技术性修订 (Technical Amendment),Final rule; technical amendment.,,,23.1557,,,否,Miscellaneous Markings and Placards,Corrections/TechAmend_73FR35062_2008-06-20_E8-13900.clean.txt,✅已获取,,
73 FR 65968,2008-11-06,更正通告 (FAA Correction),Final rule; corrections.,否,,,73 FR 63339 (Amdt 23-59/35-5),仅修正 Amdt 35-5→35-8 与 'S-P'→'CS-P' 标题，不动 Part 23 条文,否,Airworthiness Standards; Propellers; Correction,Corrections/Correction_73FR65968_2008-11-06_E8-26392.clean.txt,✅已获取,,
74 FR 32800,2009-07-09,更正通告 (FAA Correction),Final rule; correction.,是,1,23.1459,73 FR 12542 (Amdt 23-58),§23.1457(d)(1) 与 §23.1459(a)(3) 改为 (i)/(ii) 分项结构,是,Revisions to Cockpit Voice Recorder and Digital Flight Data Recorder Regulations,Corrections/Correction_74FR32799_2009-07-09_E9-16056.clean.txt,✅已获取,74 FR 32799,
74 FR 32799,2009-07-09,更正通告 (FAA Correction),Final rule; correction.,是,1,23.1457,73 FR 12542 (Amdt 23-58),§23.1457(d)(1) 与 §23.1459(a)(3) 改为 (i)/(ii) 分项结构,是,Revisions to Cockpit Voice Recorder and Digital Flight Data Recorder Regulations,Corrections/Correction_74FR32799_2009-07-09_E9-16056.clean.txt,✅已获取,,
76 FR 81790,2011-12-29,CFR 编纂校正 (OFR CFR Correction),,是,,23.725,CFR 2011 年版 Appendix C to Part 23,CFR Correction——Note (4) 更正为 'L is defined in Sec. 23.725(b).',否,"Airworthiness Standards: Normal, Utility, Acrobatic, and Commuter Category Airplanes",Corrections/CFRCorrection_76FR81790_2011-12-29_2011-33531.clean.txt,✅已获取,,
82 FR 2193,2017-01-09,更正通告 (FR C- 前缀),,否,,,81 FR 90126 (Amdt 23-63 EFVS 最终规章),C1- 前缀更正件；更正内容在 §91.176(b)(3)(iii)，不动 Part 23 条文,否,Revisions to Operational Requirements for the Use of Enhanced Flight Vision Systems (EFVS) and to Pilot Compartment View Requirements for Vision Systems,Corrections/Correction_82FR2193_2017-01-09_C1-2016-28714.clean.txt,✅已获取,,
43 FR 52495,,更正通告 (CFR 溯源注),,是,,,43 FR 50578 (Amdt 23-23),"§23.785 标题 'Seats and berths.'→'Seats, berths, safety belts, and harnesses.'（risingup 溯源注完全漏记此份）",否,,Corrections/Correction_43FR52495_1978-11-13_Amdt23-23.clean.txt,✅已获取,,
