条款/附录,受影响更正件数,更正件FR引证,原文已获取,更正内容要点
23.3,1,52 FR 34745,1/1,"18 项印刷更正；其中第 9 项新增修订指令 25-1：§23.561(b)(2) 表格第一栏标题 'Normal and utility categories'→'Normal, utility, and commuter categories'。⚠ 本件 FR 抬头把 Amdt Nos. 误印为 23-24（正文通篇写 23-34），CFR 溯源注因此跟着写错 —— DRS 归 Amdt 23-34 是对的"
23.29,1,30 FR 258,1/1,§23.365(d) 系数 1.3→1.33；§23.427 公式 'local'→'load'
23.31,1,30 FR 258,1/1,§23.365(d) 系数 1.3→1.33；§23.427 公式 'local'→'load'
23.53,1,52 FR 34745,1/1,"18 项印刷更正；其中第 9 项新增修订指令 25-1：§23.561(b)(2) 表格第一栏标题 'Normal and utility categories'→'Normal, utility, and commuter categories'。⚠ 本件 FR 抬头把 Amdt Nos. 误印为 23-24（正文通篇写 23-34），CFR 溯源注因此跟着写错 —— DRS 归 Amdt 23-34 是对的"
23.65,1,52 FR 34745,1/1,"18 项印刷更正；其中第 9 项新增修订指令 25-1：§23.561(b)(2) 表格第一栏标题 'Normal and utility categories'→'Normal, utility, and commuter categories'。⚠ 本件 FR 抬头把 Amdt Nos. 误印为 23-24（正文通篇写 23-34），CFR 溯源注因此跟着写错 —— DRS 归 Amdt 23-34 是对的"
23.67,2,52 FR 34745; 52 FR 7262,2/2,"18 项印刷更正；其中第 9 项新增修订指令 25-1：§23.561(b)(2) 表格第一栏标题 'Normal and utility categories'→'Normal, utility, and commuter categories'。⚠ 本件 FR 抬头把 Amdt Nos. 误印为 23-24（正文通篇写 23-34），CFR 溯源注因此跟着写错 —— DRS 归 Amdt 23-34 是对的 | 23 项更正；涉条文的是 §23.67(e)(3) 'Vs4'→'Vs1'、§23.443(b) 'the'→'The'、§23.1201(a) 'Material'→'No material'，其余为前言拼写错误"
23.155,1,38 FR 32784,1/1,
23.161,1,56 FR 5455,1/1,
23.301,1,30 FR 258,1/1,§23.365(d) 系数 1.3→1.33；§23.427 公式 'local'→'load'
23.331,1,30 FR 258,1/1,§23.365(d) 系数 1.3→1.33；§23.427 公式 'local'→'load'
23.335,1,52 FR 34745,1/1,"18 项印刷更正；其中第 9 项新增修订指令 25-1：§23.561(b)(2) 表格第一栏标题 'Normal and utility categories'→'Normal, utility, and commuter categories'。⚠ 本件 FR 抬头把 Amdt Nos. 误印为 23-24（正文通篇写 23-34），CFR 溯源注因此跟着写错 —— DRS 归 Amdt 23-34 是对的"
23.351,1,30 FR 258,1/1,§23.365(d) 系数 1.3→1.33；§23.427 公式 'local'→'load'
23.369,1,34 FR 17509,1/1,
23.423,1,56 FR 5455,1/1,
23.443,2,52 FR 34745; 52 FR 7262,2/2,"18 项印刷更正；其中第 9 项新增修订指令 25-1：§23.561(b)(2) 表格第一栏标题 'Normal and utility categories'→'Normal, utility, and commuter categories'。⚠ 本件 FR 抬头把 Amdt Nos. 误印为 23-24（正文通篇写 23-34），CFR 溯源注因此跟着写错 —— DRS 归 Amdt 23-34 是对的 | 23 项更正；涉条文的是 §23.67(e)(3) 'Vs4'→'Vs1'、§23.443(b) 'the'→'The'、§23.1201(a) 'Material'→'No material'，其余为前言拼写错误"
23.525,1,58 FR 51970,1/1,32 条印刷更正；含 appendix H→appendix I、§23.613/23.865/23.23 等编号错植
23.527,1,58 FR 51970,1/1,32 条印刷更正；含 appendix H→appendix I、§23.613/23.865/23.23 等编号错植
23.533,1,58 FR 51970,1/1,32 条印刷更正；含 appendix H→appendix I、§23.613/23.865/23.23 等编号错植
23.535,1,58 FR 51970,1/1,32 条印刷更正；含 appendix H→appendix I、§23.613/23.865/23.23 等编号错植
23.561,3,52 FR 34745; 72 FR 59939; 72 FR 72915,3/3,"18 项印刷更正；其中第 9 项新增修订指令 25-1：§23.561(b)(2) 表格第一栏标题 'Normal and utility categories'→'Normal, utility, and commuter categories'。⚠ 本件 FR 抬头把 Amdt Nos. 误印为 23-24（正文通篇写 23-34），CFR 溯源注因此跟着写错 —— DRS 归 Amdt 23-34 是对的 | CFR Correction——删除重复的第二组 (d)(1)(i)~(iv) 及 (d)(1)(v) | CFR Correction（第二次，修正上一条表述）——删除第二段起的五段"
23.571,1,73 FR 19746,1/1,重写 §23.573(b) 首句——损伤容限评定须含疲劳/腐蚀/意外损伤位置与模式
23.572,1,73 FR 19746,1/1,重写 §23.573(b) 首句——损伤容限评定须含疲劳/腐蚀/意外损伤位置与模式
23.573,2,58 FR 51970; 73 FR 19746,2/2,32 条印刷更正；含 appendix H→appendix I、§23.613/23.865/23.23 等编号错植 | 重写 §23.573(b) 首句——损伤容限评定须含疲劳/腐蚀/意外损伤位置与模式
23.605,1,30 FR 258,1/1,§23.365(d) 系数 1.3→1.33；§23.427 公式 'local'→'load'
23.613,1,30 FR 258,1/1,§23.365(d) 系数 1.3→1.33；§23.427 公式 'local'→'load'
23.629,1,58 FR 51970,1/1,32 条印刷更正；含 appendix H→appendix I、§23.613/23.865/23.23 等编号错植
23.701,1,56 FR 5455,1/1,
23.723,1,30 FR 258,1/1,§23.365(d) 系数 1.3→1.33；§23.427 公式 'local'→'load'
23.725,1,76 FR 81790,1/1,CFR Correction——Note (4) 更正为 'L is defined in Sec. 23.725(b).'
23.773,1,71 FR 537,1/1,§23.773(b) 重写（驾驶舱视野除雾/除霜）
23.775,1,58 FR 51970,1/1,32 条印刷更正；含 appendix H→appendix I、§23.613/23.865/23.23 等编号错植
23.781,1,30 FR 258,1/1,§23.365(d) 系数 1.3→1.33；§23.427 公式 'local'→'load'
23.783,1,30 FR 258,1/1,§23.365(d) 系数 1.3→1.33；§23.427 公式 'local'→'load'
23.785,1,43 FR 52495,1/1,"§23.785 标题 'Seats and berths.'→'Seats, berths, safety belts, and harnesses.'（risingup 溯源注完全漏记此份）"
23.787,1,52 FR 34745,1/1,"18 项印刷更正；其中第 9 项新增修订指令 25-1：§23.561(b)(2) 表格第一栏标题 'Normal and utility categories'→'Normal, utility, and commuter categories'。⚠ 本件 FR 抬头把 Amdt Nos. 误印为 23-24（正文通篇写 23-34），CFR 溯源注因此跟着写错 —— DRS 归 Amdt 23-34 是对的"
23.807,1,53 FR 34194,0/1,
23.811,1,53 FR 34194,0/1,
23.831,1,30 FR 258,1/1,§23.365(d) 系数 1.3→1.33；§23.427 公式 'local'→'load'
23.901,1,52 FR 34745,1/1,"18 项印刷更正；其中第 9 项新增修订指令 25-1：§23.561(b)(2) 表格第一栏标题 'Normal and utility categories'→'Normal, utility, and commuter categories'。⚠ 本件 FR 抬头把 Amdt Nos. 误印为 23-24（正文通篇写 23-34），CFR 溯源注因此跟着写错 —— DRS 归 Amdt 23-34 是对的"
23.903,1,68 FR 75390,1/1,§23.903(a)(2)(i) 引用条款日期更正
23.961,1,58 FR 27060,0/1,
23.963,1,30 FR 258,1/1,§23.365(d) 系数 1.3→1.33；§23.427 公式 'local'→'load'
23.965,1,61 FR 252,1/1,§23.965(b) 增补 (b)(4)(b)(5) 燃油箱试验振动循环折算
23.971,1,58 FR 27060,0/1,
23.973,1,30 FR 258,1/1,§23.365(d) 系数 1.3→1.33；§23.427 公式 'local'→'load'
23.975,1,30 FR 258,1/1,§23.365(d) 系数 1.3→1.33；§23.427 公式 'local'→'load'
23.1091,1,58 FR 27060,0/1,
23.1105,1,30 FR 258,1/1,§23.365(d) 系数 1.3→1.33；§23.427 公式 'local'→'load'
23.1145,1,30 FR 258,1/1,§23.365(d) 系数 1.3→1.33；§23.427 公式 'local'→'load'
23.1191,1,58 FR 27060,0/1,
23.1193,2,30 FR 258; 58 FR 18975,1/2,§23.365(d) 系数 1.3→1.33；§23.427 公式 'local'→'load'
23.1199,1,52 FR 34745,1/1,"18 项印刷更正；其中第 9 项新增修订指令 25-1：§23.561(b)(2) 表格第一栏标题 'Normal and utility categories'→'Normal, utility, and commuter categories'。⚠ 本件 FR 抬头把 Amdt Nos. 误印为 23-24（正文通篇写 23-34），CFR 溯源注因此跟着写错 —— DRS 归 Amdt 23-34 是对的"
23.1201,1,52 FR 7262,1/1,23 项更正；涉条文的是 §23.67(e)(3) 'Vs4'→'Vs1'、§23.443(b) 'the'→'The'、§23.1201(a) 'Material'→'No material'，其余为前言拼写错误
23.1305,2,52 FR 34745; 58 FR 27060,1/2,"18 项印刷更正；其中第 9 项新增修订指令 25-1：§23.561(b)(2) 表格第一栏标题 'Normal and utility categories'→'Normal, utility, and commuter categories'。⚠ 本件 FR 抬头把 Amdt Nos. 误印为 23-24（正文通篇写 23-34），CFR 溯源注因此跟着写错 —— DRS 归 Amdt 23-34 是对的"
23.1307,1,30 FR 258,1/1,§23.365(d) 系数 1.3→1.33；§23.427 公式 'local'→'load'
23.1321,1,55 FR 46888,0/1,
23.1323,1,52 FR 34745,1/1,"18 项印刷更正；其中第 9 项新增修订指令 25-1：§23.561(b)(2) 表格第一栏标题 'Normal and utility categories'→'Normal, utility, and commuter categories'。⚠ 本件 FR 抬头把 Amdt Nos. 误印为 23-24（正文通篇写 23-34），CFR 溯源注因此跟着写错 —— DRS 归 Amdt 23-34 是对的"
23.1325,2,32 FR 13505; 32 FR 13714,2/2,
23.1329,1,30 FR 258,1/1,§23.365(d) 系数 1.3→1.33；§23.427 公式 'local'→'load'
23.1351,1,52 FR 34745,1/1,"18 项印刷更正；其中第 9 项新增修订指令 25-1：§23.561(b)(2) 表格第一栏标题 'Normal and utility categories'→'Normal, utility, and commuter categories'。⚠ 本件 FR 抬头把 Amdt Nos. 误印为 23-24（正文通篇写 23-34），CFR 溯源注因此跟着写错 —— DRS 归 Amdt 23-34 是对的"
23.1353,1,30 FR 258,1/1,§23.365(d) 系数 1.3→1.33；§23.427 公式 'local'→'load'
23.1357,1,30 FR 258,1/1,§23.365(d) 系数 1.3→1.33；§23.427 公式 'local'→'load'
23.1361,1,30 FR 258,1/1,§23.365(d) 系数 1.3→1.33；§23.427 公式 'local'→'load'
23.1387,1,30 FR 258,1/1,§23.365(d) 系数 1.3→1.33；§23.427 公式 'local'→'load'
23.1457,1,74 FR 32799,1/1,§23.1457(d)(1) 与 §23.1459(a)(3) 改为 (i)/(ii) 分项结构
23.1459,2,74 FR 32799; 74 FR 32800,2/2,§23.1457(d)(1) 与 §23.1459(a)(3) 改为 (i)/(ii) 分项结构 | §23.1457(d)(1) 与 §23.1459(a)(3) 改为 (i)/(ii) 分项结构
23.1511,2,30 FR 258; 71 FR 30577,2/2,§23.365(d) 系数 1.3→1.33；§23.427 公式 'local'→'load' | CFR Correction——删除重复误植的 (a)(2)(i) 与 (a)(2)(ii)
23.1521,1,30 FR 258,1/1,§23.365(d) 系数 1.3→1.33；§23.427 公式 'local'→'load'
23.1541,1,30 FR 258,1/1,§23.365(d) 系数 1.3→1.33；§23.427 公式 'local'→'load'
23.1543,1,30 FR 258,1/1,§23.365(d) 系数 1.3→1.33；§23.427 公式 'local'→'load'
23.1547,1,30 FR 258,1/1,§23.365(d) 系数 1.3→1.33；§23.427 公式 'local'→'load'
23.1555,1,30 FR 258,1/1,§23.365(d) 系数 1.3→1.33；§23.427 公式 'local'→'load'
23.1557,2,73 FR 35062; 73 FR 35063,2/2,改写 §23.1557(c)(1) 引导句（燃油加油口标记）
23.1567,1,30 FR 258,1/1,§23.365(d) 系数 1.3→1.33；§23.427 公式 'local'→'load'
Appendix A to Part 23—Simplified Design Load Criteria,1,34 FR 14727,1/1,
Appendix C to Part 23,1,76 FR 81790,1/1,CFR Correction——Note (4) 更正为 'L is defined in Sec. 23.725(b).'
Appendix F to Part 23—Test Procedure,1,52 FR 34745,1/1,"18 项印刷更正；其中第 9 项新增修订指令 25-1：§23.561(b)(2) 表格第一栏标题 'Normal and utility categories'→'Normal, utility, and commuter categories'。⚠ 本件 FR 抬头把 Amdt Nos. 误印为 23-24（正文通篇写 23-34），CFR 溯源注因此跟着写错 —— DRS 归 Amdt 23-34 是对的"
Appendix G to Part 23—Instructions for Continued Airworthiness,1,52 FR 34745,1/1,"18 项印刷更正；其中第 9 项新增修订指令 25-1：§23.561(b)(2) 表格第一栏标题 'Normal and utility categories'→'Normal, utility, and commuter categories'。⚠ 本件 FR 抬头把 Amdt Nos. 误印为 23-24（正文通篇写 23-34），CFR 溯源注因此跟着写错 —— DRS 归 Amdt 23-34 是对的"
Appendix I to Part 23—Seaplane Loads,1,58 FR 51970,1/1,32 条印刷更正；含 appendix H→appendix I、§23.613/23.865/23.23 等编号错植
Part 23 全书（Part 23 序言区）,1,67 FR 9552,1/1,清理过期 SFAR：自 Part 23 移除 SFAR No. 41 编者注（Amdt 23-55）
Special Federal Aviation Regulation No. 23,1,35 FR 1102,1/1,
